action,sku,name,ean,originalSku,originalBrand,error
ERROR,0126-7908578649108,,,,,
Invalid `prisma.product.delete()` invocation in
C:\Users\sport\TenisCash\scripts\cleanup-meta-esportes-duplicates.js:158:34

  155   }
  156 }
  157 // 4. Deleta o produto meta (ProductSize cai em cascade conforme schema)
→ 158 await prisma.product.delete(
Error occurred during query execution:
ConnectorError(ConnectorError { user_facing_error: None; kind: QueryError(PostgresError { code: "23001"; message: "update or delete on table \"Product\" violates RESTRICT setting of foreign key constraint \"ProductSize_productId_fkey\" on table \"ProductSize\""; severity: "ERROR"; detail: Some("Key (id)=(1745b5b1-a4f2-4d86-bc17-2825efb39caa) is referenced from table \"ProductSize\"."); column: None; hint: None }); transient: false })
ERROR,0126-7908578653129,,,,,
Invalid `prisma.product.delete()` invocation in
C:\Users\sport\TenisCash\scripts\cleanup-meta-esportes-duplicates.js:158:34

  155   }
  156 }
  157 // 4. Deleta o produto meta (ProductSize cai em cascade conforme schema)
→ 158 await prisma.product.delete(
Error occurred during query execution:
ConnectorError(ConnectorError { user_facing_error: None; kind: QueryError(PostgresError { code: "23001"; message: "update or delete on table \"Product\" violates RESTRICT setting of foreign key constraint \"ProductSize_productId_fkey\" on table \"ProductSize\""; severity: "ERROR"; detail: Some("Key (id)=(5c917038-31ab-4b3b-b4bf-da62e89bfc3c) is referenced from table \"ProductSize\"."); column: None; hint: None }); transient: false })
ERROR,0126-7908578637334,,,,,
Invalid `prisma.product.delete()` invocation in
C:\Users\sport\TenisCash\scripts\cleanup-meta-esportes-duplicates.js:158:34

  155   }
  156 }
  157 // 4. Deleta o produto meta (ProductSize cai em cascade conforme schema)
→ 158 await prisma.product.delete(
Error occurred during query execution:
ConnectorError(ConnectorError { user_facing_error: None; kind: QueryError(PostgresError { code: "23001"; message: "update or delete on table \"Product\" violates RESTRICT setting of foreign key constraint \"ProductSize_productId_fkey\" on table \"ProductSize\""; severity: "ERROR"; detail: Some("Key (id)=(c2a82887-53ef-40fc-a746-3ddb33e45ea6) is referenced from table \"ProductSize\"."); column: None; hint: None }); transient: false })
ERROR,0126-7908578637372,,,,,
Invalid `prisma.product.delete()` invocation in
C:\Users\sport\TenisCash\scripts\cleanup-meta-esportes-duplicates.js:158:34

  155   }
  156 }
  157 // 4. Deleta o produto meta (ProductSize cai em cascade conforme schema)
→ 158 await prisma.product.delete(
Error occurred during query execution:
ConnectorError(ConnectorError { user_facing_error: None; kind: QueryError(PostgresError { code: "23001"; message: "update or delete on table \"Product\" violates RESTRICT setting of foreign key constraint \"ProductSize_productId_fkey\" on table \"ProductSize\""; severity: "ERROR"; detail: Some("Key (id)=(d7e94c35-5925-403d-85a2-0486c3e42d2c) is referenced from table \"ProductSize\"."); column: None; hint: None }); transient: false })
ERROR,0126-7908578637495,,,,,
Invalid `prisma.product.delete()` invocation in
C:\Users\sport\TenisCash\scripts\cleanup-meta-esportes-duplicates.js:158:34

  155   }
  156 }
  157 // 4. Deleta o produto meta (ProductSize cai em cascade conforme schema)
→ 158 await prisma.product.delete(
Error occurred during query execution:
ConnectorError(ConnectorError { user_facing_error: None; kind: QueryError(PostgresError { code: "23001"; message: "update or delete on table \"Product\" violates RESTRICT setting of foreign key constraint \"ProductSize_productId_fkey\" on table \"ProductSize\""; severity: "ERROR"; detail: Some("Key (id)=(becdfd1b-c9b9-4dc7-8cb8-c5531f240046) is referenced from table \"ProductSize\"."); column: None; hint: None }); transient: false })
ERROR,0126-7908578638539,,,,,
Invalid `prisma.product.delete()` invocation in
C:\Users\sport\TenisCash\scripts\cleanup-meta-esportes-duplicates.js:158:34

  155   }
  156 }
  157 // 4. Deleta o produto meta (ProductSize cai em cascade conforme schema)
→ 158 await prisma.product.delete(
Error occurred during query execution:
ConnectorError(ConnectorError { user_facing_error: None; kind: QueryError(PostgresError { code: "23001"; message: "update or delete on table \"Product\" violates RESTRICT setting of foreign key constraint \"ProductSize_productId_fkey\" on table \"ProductSize\""; severity: "ERROR"; detail: Some("Key (id)=(1eef6279-82cd-44fe-aed0-df8296959912) is referenced from table \"ProductSize\"."); column: None; hint: None }); transient: false })
ERROR,0126-7908578649214,,,,,
Invalid `prisma.product.delete()` invocation in
C:\Users\sport\TenisCash\scripts\cleanup-meta-esportes-duplicates.js:158:34

  155   }
  156 }
  157 // 4. Deleta o produto meta (ProductSize cai em cascade conforme schema)
→ 158 await prisma.product.delete(
Error occurred during query execution:
ConnectorError(ConnectorError { user_facing_error: None; kind: QueryError(PostgresError { code: "23001"; message: "update or delete on table \"Product\" violates RESTRICT setting of foreign key constraint \"ProductSize_productId_fkey\" on table \"ProductSize\""; severity: "ERROR"; detail: Some("Key (id)=(508ce7b8-5f89-40b6-9754-eaeb6b0fe2c1) is referenced from table \"ProductSize\"."); column: None; hint: None }); transient: false })
ERROR,0126-7908578649528,,,,,
Invalid `prisma.product.delete()` invocation in
C:\Users\sport\TenisCash\scripts\cleanup-meta-esportes-duplicates.js:158:34

  155   }
  156 }
  157 // 4. Deleta o produto meta (ProductSize cai em cascade conforme schema)
→ 158 await prisma.product.delete(
Error occurred during query execution:
ConnectorError(ConnectorError { user_facing_error: None; kind: QueryError(PostgresError { code: "23001"; message: "update or delete on table \"Product\" violates RESTRICT setting of foreign key constraint \"ProductSize_productId_fkey\" on table \"ProductSize\""; severity: "ERROR"; detail: Some("Key (id)=(6a9ce353-215e-4dd8-b7ad-5263416e30bb) is referenced from table \"ProductSize\"."); column: None; hint: None }); transient: false })
ERROR,0126-7908578653198,,,,,
Invalid `prisma.product.delete()` invocation in
C:\Users\sport\TenisCash\scripts\cleanup-meta-esportes-duplicates.js:158:34

  155   }
  156 }
  157 // 4. Deleta o produto meta (ProductSize cai em cascade conforme schema)
→ 158 await prisma.product.delete(
Error occurred during query execution:
ConnectorError(ConnectorError { user_facing_error: None; kind: QueryError(PostgresError { code: "23001"; message: "update or delete on table \"Product\" violates RESTRICT setting of foreign key constraint \"ProductSize_productId_fkey\" on table \"ProductSize\""; severity: "ERROR"; detail: Some("Key (id)=(fdbcd9e5-0d57-4a9d-86d1-56ba5b46c001) is referenced from table \"ProductSize\"."); column: None; hint: None }); transient: false })
ERROR,0126-7908578653426,,,,,
Invalid `prisma.product.delete()` invocation in
C:\Users\sport\TenisCash\scripts\cleanup-meta-esportes-duplicates.js:158:34

  155   }
  156 }
  157 // 4. Deleta o produto meta (ProductSize cai em cascade conforme schema)
→ 158 await prisma.product.delete(
Error occurred during query execution:
ConnectorError(ConnectorError { user_facing_error: None; kind: QueryError(PostgresError { code: "23001"; message: "update or delete on table \"Product\" violates RESTRICT setting of foreign key constraint \"ProductSize_productId_fkey\" on table \"ProductSize\""; severity: "ERROR"; detail: Some("Key (id)=(526b9285-c585-4771-98a1-024e3b9a84f1) is referenced from table \"ProductSize\"."); column: None; hint: None }); transient: false })
ERROR,0126-7908578668901,,,,,
Invalid `prisma.product.delete()` invocation in
C:\Users\sport\TenisCash\scripts\cleanup-meta-esportes-duplicates.js:158:34

  155   }
  156 }
  157 // 4. Deleta o produto meta (ProductSize cai em cascade conforme schema)
→ 158 await prisma.product.delete(
Error occurred during query execution:
ConnectorError(ConnectorError { user_facing_error: None; kind: QueryError(PostgresError { code: "23001"; message: "update or delete on table \"Product\" violates RESTRICT setting of foreign key constraint \"ProductSize_productId_fkey\" on table \"ProductSize\""; severity: "ERROR"; detail: Some("Key (id)=(386f0393-0aeb-42a4-b2cb-c9d3fa65aff1) is referenced from table \"ProductSize\"."); column: None; hint: None }); transient: false })
ERROR,0126-7908578669069,,,,,
Invalid `prisma.product.delete()` invocation in
C:\Users\sport\TenisCash\scripts\cleanup-meta-esportes-duplicates.js:158:34

  155   }
  156 }
  157 // 4. Deleta o produto meta (ProductSize cai em cascade conforme schema)
→ 158 await prisma.product.delete(
Error occurred during query execution:
ConnectorError(ConnectorError { user_facing_error: None; kind: QueryError(PostgresError { code: "23001"; message: "update or delete on table \"Product\" violates RESTRICT setting of foreign key constraint \"ProductSize_productId_fkey\" on table \"ProductSize\""; severity: "ERROR"; detail: Some("Key (id)=(315e1bdd-dc49-4eaa-9358-f58c9d0d84da) is referenced from table \"ProductSize\"."); column: None; hint: None }); transient: false })
ERROR,0126-7908578669274,,,,,
Invalid `prisma.product.delete()` invocation in
C:\Users\sport\TenisCash\scripts\cleanup-meta-esportes-duplicates.js:158:34

  155   }
  156 }
  157 // 4. Deleta o produto meta (ProductSize cai em cascade conforme schema)
→ 158 await prisma.product.delete(
Error occurred during query execution:
ConnectorError(ConnectorError { user_facing_error: None; kind: QueryError(PostgresError { code: "23001"; message: "update or delete on table \"Product\" violates RESTRICT setting of foreign key constraint \"ProductSize_productId_fkey\" on table \"ProductSize\""; severity: "ERROR"; detail: Some("Key (id)=(bbba41cc-d490-47da-977e-93e8c897679d) is referenced from table \"ProductSize\"."); column: None; hint: None }); transient: false })
ERROR,0126-7908578677026,,,,,
Invalid `prisma.product.delete()` invocation in
C:\Users\sport\TenisCash\scripts\cleanup-meta-esportes-duplicates.js:158:34

  155   }
  156 }
  157 // 4. Deleta o produto meta (ProductSize cai em cascade conforme schema)
→ 158 await prisma.product.delete(
Error occurred during query execution:
ConnectorError(ConnectorError { user_facing_error: None; kind: QueryError(PostgresError { code: "23001"; message: "update or delete on table \"Product\" violates RESTRICT setting of foreign key constraint \"ProductSize_productId_fkey\" on table \"ProductSize\""; severity: "ERROR"; detail: Some("Key (id)=(689269d5-b022-40df-bd50-fa5cd9d82815) is referenced from table \"ProductSize\"."); column: None; hint: None }); transient: false })
ERROR,0126-7908578697260,,,,,
Invalid `prisma.product.delete()` invocation in
C:\Users\sport\TenisCash\scripts\cleanup-meta-esportes-duplicates.js:158:34

  155   }
  156 }
  157 // 4. Deleta o produto meta (ProductSize cai em cascade conforme schema)
→ 158 await prisma.product.delete(
Error occurred during query execution:
ConnectorError(ConnectorError { user_facing_error: None; kind: QueryError(PostgresError { code: "23001"; message: "update or delete on table \"Product\" violates RESTRICT setting of foreign key constraint \"ProductSize_productId_fkey\" on table \"ProductSize\""; severity: "ERROR"; detail: Some("Key (id)=(9ba033f2-aacb-4c49-b996-8dc710b17e20) is referenced from table \"ProductSize\"."); column: None; hint: None }); transient: false })
ERROR,0126-7908578685519,,,,,
Invalid `prisma.product.delete()` invocation in
C:\Users\sport\TenisCash\scripts\cleanup-meta-esportes-duplicates.js:158:34

  155   }
  156 }
  157 // 4. Deleta o produto meta (ProductSize cai em cascade conforme schema)
→ 158 await prisma.product.delete(
Error occurred during query execution:
ConnectorError(ConnectorError { user_facing_error: None; kind: QueryError(PostgresError { code: "23001"; message: "update or delete on table \"Product\" violates RESTRICT setting of foreign key constraint \"ProductSize_productId_fkey\" on table \"ProductSize\""; severity: "ERROR"; detail: Some("Key (id)=(c81df5ff-502e-4935-8cbb-0288a6c0d169) is referenced from table \"ProductSize\"."); column: None; hint: None }); transient: false })
ERROR,0126-7908578685731,,,,,
Invalid `prisma.product.delete()` invocation in
C:\Users\sport\TenisCash\scripts\cleanup-meta-esportes-duplicates.js:158:34

  155   }
  156 }
  157 // 4. Deleta o produto meta (ProductSize cai em cascade conforme schema)
→ 158 await prisma.product.delete(
Error occurred during query execution:
ConnectorError(ConnectorError { user_facing_error: None; kind: QueryError(PostgresError { code: "23001"; message: "update or delete on table \"Product\" violates RESTRICT setting of foreign key constraint \"ProductSize_productId_fkey\" on table \"ProductSize\""; severity: "ERROR"; detail: Some("Key (id)=(f4ab5520-4e99-4edf-ab55-ef519b550f10) is referenced from table \"ProductSize\"."); column: None; hint: None }); transient: false })
ERROR,0126-7908578685939,,,,,
Invalid `prisma.product.delete()` invocation in
C:\Users\sport\TenisCash\scripts\cleanup-meta-esportes-duplicates.js:158:34

  155   }
  156 }
  157 // 4. Deleta o produto meta (ProductSize cai em cascade conforme schema)
→ 158 await prisma.product.delete(
Error occurred during query execution:
ConnectorError(ConnectorError { user_facing_error: None; kind: QueryError(PostgresError { code: "23001"; message: "update or delete on table \"Product\" violates RESTRICT setting of foreign key constraint \"ProductSize_productId_fkey\" on table \"ProductSize\""; severity: "ERROR"; detail: Some("Key (id)=(f753dc7d-8c7d-42d1-84fa-d96ac2ad9c9a) is referenced from table \"ProductSize\"."); column: None; hint: None }); transient: false })
ERROR,0126-7908578686516,,,,,
Invalid `prisma.product.delete()` invocation in
C:\Users\sport\TenisCash\scripts\cleanup-meta-esportes-duplicates.js:158:34

  155   }
  156 }
  157 // 4. Deleta o produto meta (ProductSize cai em cascade conforme schema)
→ 158 await prisma.product.delete(
Error occurred during query execution:
ConnectorError(ConnectorError { user_facing_error: None; kind: QueryError(PostgresError { code: "23001"; message: "update or delete on table \"Product\" violates RESTRICT setting of foreign key constraint \"ProductSize_productId_fkey\" on table \"ProductSize\""; severity: "ERROR"; detail: Some("Key (id)=(a9057dac-a280-4437-acd7-f145810fb23b) is referenced from table \"ProductSize\"."); column: None; hint: None }); transient: false })
ERROR,0126-7908578686660,,,,,
Invalid `prisma.product.delete()` invocation in
C:\Users\sport\TenisCash\scripts\cleanup-meta-esportes-duplicates.js:158:34

  155   }
  156 }
  157 // 4. Deleta o produto meta (ProductSize cai em cascade conforme schema)
→ 158 await prisma.product.delete(
Error occurred during query execution:
ConnectorError(ConnectorError { user_facing_error: None; kind: QueryError(PostgresError { code: "23001"; message: "update or delete on table \"Product\" violates RESTRICT setting of foreign key constraint \"ProductSize_productId_fkey\" on table \"ProductSize\""; severity: "ERROR"; detail: Some("Key (id)=(f5208665-d841-4269-ab6e-767de8025f71) is referenced from table \"ProductSize\"."); column: None; hint: None }); transient: false })
ERROR,0126-7908578687131,,,,,
Invalid `prisma.product.delete()` invocation in
C:\Users\sport\TenisCash\scripts\cleanup-meta-esportes-duplicates.js:158:34

  155   }
  156 }
  157 // 4. Deleta o produto meta (ProductSize cai em cascade conforme schema)
→ 158 await prisma.product.delete(
Error occurred during query execution:
ConnectorError(ConnectorError { user_facing_error: None; kind: QueryError(PostgresError { code: "23001"; message: "update or delete on table \"Product\" violates RESTRICT setting of foreign key constraint \"ProductSize_productId_fkey\" on table \"ProductSize\""; severity: "ERROR"; detail: Some("Key (id)=(25a76de9-67fa-496b-9b9a-19b3c665cfe0) is referenced from table \"ProductSize\"."); column: None; hint: None }); transient: false })
ERROR,0126-7908578687230,,,,,
Invalid `prisma.product.delete()` invocation in
C:\Users\sport\TenisCash\scripts\cleanup-meta-esportes-duplicates.js:158:34

  155   }
  156 }
  157 // 4. Deleta o produto meta (ProductSize cai em cascade conforme schema)
→ 158 await prisma.product.delete(
Error occurred during query execution:
ConnectorError(ConnectorError { user_facing_error: None; kind: QueryError(PostgresError { code: "23001"; message: "update or delete on table \"Product\" violates RESTRICT setting of foreign key constraint \"ProductSize_productId_fkey\" on table \"ProductSize\""; severity: "ERROR"; detail: Some("Key (id)=(9704ee17-95fe-4d7a-8ab7-577a23a0ff1a) is referenced from table \"ProductSize\"."); column: None; hint: None }); transient: false })
ERROR,0126-7908578687513,,,,,
Invalid `prisma.product.delete()` invocation in
C:\Users\sport\TenisCash\scripts\cleanup-meta-esportes-duplicates.js:158:34

  155   }
  156 }
  157 // 4. Deleta o produto meta (ProductSize cai em cascade conforme schema)
→ 158 await prisma.product.delete(
Error occurred during query execution:
ConnectorError(ConnectorError { user_facing_error: None; kind: QueryError(PostgresError { code: "23001"; message: "update or delete on table \"Product\" violates RESTRICT setting of foreign key constraint \"ProductSize_productId_fkey\" on table \"ProductSize\""; severity: "ERROR"; detail: Some("Key (id)=(682842ab-a0b1-471e-90db-2a527f7c5bf0) is referenced from table \"ProductSize\"."); column: None; hint: None }); transient: false })
ERROR,0126-7908937812228,,,,,
Invalid `prisma.product.delete()` invocation in
C:\Users\sport\TenisCash\scripts\cleanup-meta-esportes-duplicates.js:158:34

  155   }
  156 }
  157 // 4. Deleta o produto meta (ProductSize cai em cascade conforme schema)
→ 158 await prisma.product.delete(
Error occurred during query execution:
ConnectorError(ConnectorError { user_facing_error: None; kind: QueryError(PostgresError { code: "23001"; message: "update or delete on table \"Product\" violates RESTRICT setting of foreign key constraint \"ProductSize_productId_fkey\" on table \"ProductSize\""; severity: "ERROR"; detail: Some("Key (id)=(683bc157-89d6-463b-aa05-1b80ca526cc1) is referenced from table \"ProductSize\"."); column: None; hint: None }); transient: false })
ERROR,0126-7908937812334,,,,,
Invalid `prisma.product.delete()` invocation in
C:\Users\sport\TenisCash\scripts\cleanup-meta-esportes-duplicates.js:158:34

  155   }
  156 }
  157 // 4. Deleta o produto meta (ProductSize cai em cascade conforme schema)
→ 158 await prisma.product.delete(
Error occurred during query execution:
ConnectorError(ConnectorError { user_facing_error: None; kind: QueryError(PostgresError { code: "23001"; message: "update or delete on table \"Product\" violates RESTRICT setting of foreign key constraint \"ProductSize_productId_fkey\" on table \"ProductSize\""; severity: "ERROR"; detail: Some("Key (id)=(d2753a28-afd6-4f66-b31f-5db27b8c69ec) is referenced from table \"ProductSize\"."); column: None; hint: None }); transient: false })
ERROR,0126-7908578637181,,,,,
Invalid `prisma.product.delete()` invocation in
C:\Users\sport\TenisCash\scripts\cleanup-meta-esportes-duplicates.js:158:34

  155   }
  156 }
  157 // 4. Deleta o produto meta (ProductSize cai em cascade conforme schema)
→ 158 await prisma.product.delete(
Error occurred during query execution:
ConnectorError(ConnectorError { user_facing_error: None; kind: QueryError(PostgresError { code: "23001"; message: "update or delete on table \"Product\" violates RESTRICT setting of foreign key constraint \"ProductSize_productId_fkey\" on table \"ProductSize\""; severity: "ERROR"; detail: Some("Key (id)=(151a014c-2b37-42da-b4a3-1531ac57fcc0) is referenced from table \"ProductSize\"."); column: None; hint: None }); transient: false })
ERROR,0126-7908578639284,,,,,
Invalid `prisma.product.delete()` invocation in
C:\Users\sport\TenisCash\scripts\cleanup-meta-esportes-duplicates.js:158:34

  155   }
  156 }
  157 // 4. Deleta o produto meta (ProductSize cai em cascade conforme schema)
→ 158 await prisma.product.delete(
Error occurred during query execution:
ConnectorError(ConnectorError { user_facing_error: None; kind: QueryError(PostgresError { code: "23001"; message: "update or delete on table \"Product\" violates RESTRICT setting of foreign key constraint \"ProductSize_productId_fkey\" on table \"ProductSize\""; severity: "ERROR"; detail: Some("Key (id)=(8f12e56a-6870-4f8f-9c37-ca1aec303b85) is referenced from table \"ProductSize\"."); column: None; hint: None }); transient: false })
ERROR,0126-7908578696591,,,,,
Invalid `prisma.product.delete()` invocation in
C:\Users\sport\TenisCash\scripts\cleanup-meta-esportes-duplicates.js:158:34

  155   }
  156 }
  157 // 4. Deleta o produto meta (ProductSize cai em cascade conforme schema)
→ 158 await prisma.product.delete(
Error occurred during query execution:
ConnectorError(ConnectorError { user_facing_error: None; kind: QueryError(PostgresError { code: "23001"; message: "update or delete on table \"Product\" violates RESTRICT setting of foreign key constraint \"ProductSize_productId_fkey\" on table \"ProductSize\""; severity: "ERROR"; detail: Some("Key (id)=(d0b5b632-d9a2-4514-a90d-8200977c93cf) is referenced from table \"ProductSize\"."); column: None; hint: None }); transient: false })
ERROR,0126-7893659971042,,,,,
Invalid `prisma.product.delete()` invocation in
C:\Users\sport\TenisCash\scripts\cleanup-meta-esportes-duplicates.js:158:34

  155   }
  156 }
  157 // 4. Deleta o produto meta (ProductSize cai em cascade conforme schema)
→ 158 await prisma.product.delete(
Error occurred during query execution:
ConnectorError(ConnectorError { user_facing_error: None; kind: QueryError(PostgresError { code: "23001"; message: "update or delete on table \"Product\" violates RESTRICT setting of foreign key constraint \"ProductSize_productId_fkey\" on table \"ProductSize\""; severity: "ERROR"; detail: Some("Key (id)=(c0b13741-ebf3-4ccb-a65b-4f764187eaf5) is referenced from table \"ProductSize\"."); column: None; hint: None }); transient: false })
ERROR,0126-7894756190138,,,,,
Invalid `prisma.product.delete()` invocation in
C:\Users\sport\TenisCash\scripts\cleanup-meta-esportes-duplicates.js:158:34

  155   }
  156 }
  157 // 4. Deleta o produto meta (ProductSize cai em cascade conforme schema)
→ 158 await prisma.product.delete(
Error occurred during query execution:
ConnectorError(ConnectorError { user_facing_error: None; kind: QueryError(PostgresError { code: "23001"; message: "update or delete on table \"Product\" violates RESTRICT setting of foreign key constraint \"ProductSize_productId_fkey\" on table \"ProductSize\""; severity: "ERROR"; detail: Some("Key (id)=(a9e1016b-aa88-4f71-8f91-ecc30d89b522) is referenced from table \"ProductSize\"."); column: None; hint: None }); transient: false })
ERROR,0126-7892841704536,,,,,
Invalid `prisma.product.delete()` invocation in
C:\Users\sport\TenisCash\scripts\cleanup-meta-esportes-duplicates.js:158:34

  155   }
  156 }
  157 // 4. Deleta o produto meta (ProductSize cai em cascade conforme schema)
→ 158 await prisma.product.delete(
Error occurred during query execution:
ConnectorError(ConnectorError { user_facing_error: None; kind: QueryError(PostgresError { code: "23001"; message: "update or delete on table \"Product\" violates RESTRICT setting of foreign key constraint \"ProductSize_productId_fkey\" on table \"ProductSize\""; severity: "ERROR"; detail: Some("Key (id)=(c897cc0a-3c72-4b37-9a68-d467ac32e2e6) is referenced from table \"ProductSize\"."); column: None; hint: None }); transient: false })
ERROR,0126-7892841704628,,,,,
Invalid `prisma.product.delete()` invocation in
C:\Users\sport\TenisCash\scripts\cleanup-meta-esportes-duplicates.js:158:34

  155   }
  156 }
  157 // 4. Deleta o produto meta (ProductSize cai em cascade conforme schema)
→ 158 await prisma.product.delete(
Error occurred during query execution:
ConnectorError(ConnectorError { user_facing_error: None; kind: QueryError(PostgresError { code: "23001"; message: "update or delete on table \"Product\" violates RESTRICT setting of foreign key constraint \"ProductSize_productId_fkey\" on table \"ProductSize\""; severity: "ERROR"; detail: Some("Key (id)=(ad53d0bc-eef4-4303-a93b-e8cfdcb0f643) is referenced from table \"ProductSize\"."); column: None; hint: None }); transient: false })
ERROR,0126-7894756489942,,,,,
Invalid `prisma.product.delete()` invocation in
C:\Users\sport\TenisCash\scripts\cleanup-meta-esportes-duplicates.js:158:34

  155   }
  156 }
  157 // 4. Deleta o produto meta (ProductSize cai em cascade conforme schema)
→ 158 await prisma.product.delete(
Error occurred during query execution:
ConnectorError(ConnectorError { user_facing_error: None; kind: QueryError(PostgresError { code: "23001"; message: "update or delete on table \"Product\" violates RESTRICT setting of foreign key constraint \"ProductSize_productId_fkey\" on table \"ProductSize\""; severity: "ERROR"; detail: Some("Key (id)=(669740dc-7fbb-473f-81db-2e33fe3e0ec2) is referenced from table \"ProductSize\"."); column: None; hint: None }); transient: false })
ERROR,0126-7894929305840,,,,,
Invalid `prisma.product.delete()` invocation in
C:\Users\sport\TenisCash\scripts\cleanup-meta-esportes-duplicates.js:158:34

  155   }
  156 }
  157 // 4. Deleta o produto meta (ProductSize cai em cascade conforme schema)
→ 158 await prisma.product.delete(
Error occurred during query execution:
ConnectorError(ConnectorError { user_facing_error: None; kind: QueryError(PostgresError { code: "23001"; message: "update or delete on table \"Product\" violates RESTRICT setting of foreign key constraint \"ProductSize_productId_fkey\" on table \"ProductSize\""; severity: "ERROR"; detail: Some("Key (id)=(b8d9d1d9-6f66-40bf-ab32-f87520aa13ee) is referenced from table \"ProductSize\"."); column: None; hint: None }); transient: false })
ERROR,0126-7894929305536,,,,,
Invalid `prisma.product.delete()` invocation in
C:\Users\sport\TenisCash\scripts\cleanup-meta-esportes-duplicates.js:158:34

  155   }
  156 }
  157 // 4. Deleta o produto meta (ProductSize cai em cascade conforme schema)
→ 158 await prisma.product.delete(
Error occurred during query execution:
ConnectorError(ConnectorError { user_facing_error: None; kind: QueryError(PostgresError { code: "23001"; message: "update or delete on table \"Product\" violates RESTRICT setting of foreign key constraint \"ProductSize_productId_fkey\" on table \"ProductSize\""; severity: "ERROR"; detail: Some("Key (id)=(3c1349a9-39cb-45de-b0d3-9c35baace636) is referenced from table \"ProductSize\"."); column: None; hint: None }); transient: false })
KEEP_NO_EAN,0126-3548,TENIS UA UA CH.WING 2 DGRPGU,,,,
KEEP_NO_EAN,0126-4069156027886,CAMISETA M/C TAD BIG LOGO TEE BLACK EGR,,,,
ERROR,0126-4099684781677,,,,,
Invalid `prisma.product.delete()` invocation in
C:\Users\sport\TenisCash\scripts\cleanup-meta-esportes-duplicates.js:158:34

  155   }
  156 }
  157 // 4. Deleta o produto meta (ProductSize cai em cascade conforme schema)
→ 158 await prisma.product.delete(
Error occurred during query execution:
ConnectorError(ConnectorError { user_facing_error: None; kind: QueryError(PostgresError { code: "23001"; message: "update or delete on table \"Product\" violates RESTRICT setting of foreign key constraint \"ProductSize_productId_fkey\" on table \"ProductSize\""; severity: "ERROR"; detail: Some("Key (id)=(2243558b-24e6-4f23-8553-3087b96594cb) is referenced from table \"ProductSize\"."); column: None; hint: None }); transient: false })
ERROR,0126-4067979726740,,,,,
Invalid `prisma.product.delete()` invocation in
C:\Users\sport\TenisCash\scripts\cleanup-meta-esportes-duplicates.js:158:34

  155   }
  156 }
  157 // 4. Deleta o produto meta (ProductSize cai em cascade conforme schema)
→ 158 await prisma.product.delete(
Error occurred during query execution:
ConnectorError(ConnectorError { user_facing_error: None; kind: QueryError(PostgresError { code: "23001"; message: "update or delete on table \"Product\" violates RESTRICT setting of foreign key constraint \"ProductSize_productId_fkey\" on table \"ProductSize\""; severity: "ERROR"; detail: Some("Key (id)=(c91be19f-25ce-4a6a-86cf-9c0602d2db2f) is referenced from table \"ProductSize\"."); column: None; hint: None }); transient: false })
ERROR,0126-4067979528818,,,,,
Invalid `prisma.product.delete()` invocation in
C:\Users\sport\TenisCash\scripts\cleanup-meta-esportes-duplicates.js:158:34

  155   }
  156 }
  157 // 4. Deleta o produto meta (ProductSize cai em cascade conforme schema)
→ 158 await prisma.product.delete(
Error occurred during query execution:
ConnectorError(ConnectorError { user_facing_error: None; kind: QueryError(PostgresError { code: "23001"; message: "update or delete on table \"Product\" violates RESTRICT setting of foreign key constraint \"ProductSize_productId_fkey\" on table \"ProductSize\""; severity: "ERROR"; detail: Some("Key (id)=(f81d401a-5576-4685-9ee6-5e329d904730) is referenced from table \"ProductSize\"."); column: None; hint: None }); transient: false })
ERROR,0126-4063697227897,,,,,
Invalid `prisma.product.delete()` invocation in
C:\Users\sport\TenisCash\scripts\cleanup-meta-esportes-duplicates.js:158:34

  155   }
  156 }
  157 // 4. Deleta o produto meta (ProductSize cai em cascade conforme schema)
→ 158 await prisma.product.delete(
Error occurred during query execution:
ConnectorError(ConnectorError { user_facing_error: None; kind: QueryError(PostgresError { code: "23001"; message: "update or delete on table \"Product\" violates RESTRICT setting of foreign key constraint \"ProductSize_productId_fkey\" on table \"ProductSize\""; severity: "ERROR"; detail: Some("Key (id)=(1b65dd44-4567-4248-bdf7-118251cbd2a5) is referenced from table \"ProductSize\"."); column: None; hint: None }); transient: false })
ERROR,0126-4069156027435,,,,,
Invalid `prisma.product.delete()` invocation in
C:\Users\sport\TenisCash\scripts\cleanup-meta-esportes-duplicates.js:158:34

  155   }
  156 }
  157 // 4. Deleta o produto meta (ProductSize cai em cascade conforme schema)
→ 158 await prisma.product.delete(
Error occurred during query execution:
ConnectorError(ConnectorError { user_facing_error: None; kind: QueryError(PostgresError { code: "23001"; message: "update or delete on table \"Product\" violates RESTRICT setting of foreign key constraint \"ProductSize_productId_fkey\" on table \"ProductSize\""; severity: "ERROR"; detail: Some("Key (id)=(e47ecf7f-e6ff-4ba1-9619-153b312e6434) is referenced from table \"ProductSize\"."); column: None; hint: None }); transient: false })
ERROR,0126-4069156027350,,,,,
Invalid `prisma.product.delete()` invocation in
C:\Users\sport\TenisCash\scripts\cleanup-meta-esportes-duplicates.js:158:34

  155   }
  156 }
  157 // 4. Deleta o produto meta (ProductSize cai em cascade conforme schema)
→ 158 await prisma.product.delete(
Error occurred during query execution:
ConnectorError(ConnectorError { user_facing_error: None; kind: QueryError(PostgresError { code: "23001"; message: "update or delete on table \"Product\" violates RESTRICT setting of foreign key constraint \"ProductSize_productId_fkey\" on table \"ProductSize\""; severity: "ERROR"; detail: Some("Key (id)=(0ea7cefe-306b-48ff-9f06-69b860ca7140) is referenced from table \"ProductSize\"."); column: None; hint: None }); transient: false })
ERROR,0126-4099685811519,,,,,
Invalid `prisma.product.delete()` invocation in
C:\Users\sport\TenisCash\scripts\cleanup-meta-esportes-duplicates.js:158:34

  155   }
  156 }
  157 // 4. Deleta o produto meta (ProductSize cai em cascade conforme schema)
→ 158 await prisma.product.delete(
Error occurred during query execution:
ConnectorError(ConnectorError { user_facing_error: None; kind: QueryError(PostgresError { code: "23001"; message: "update or delete on table \"Product\" violates RESTRICT setting of foreign key constraint \"ProductSize_productId_fkey\" on table \"ProductSize\""; severity: "ERROR"; detail: Some("Key (id)=(0f16aa10-b81c-4573-be9e-068f29a622ff) is referenced from table \"ProductSize\"."); column: None; hint: None }); transient: false })
ERROR,0126-4067981479658,,,,,
Invalid `prisma.product.delete()` invocation in
C:\Users\sport\TenisCash\scripts\cleanup-meta-esportes-duplicates.js:158:34

  155   }
  156 }
  157 // 4. Deleta o produto meta (ProductSize cai em cascade conforme schema)
→ 158 await prisma.product.delete(
Error occurred during query execution:
ConnectorError(ConnectorError { user_facing_error: None; kind: QueryError(PostgresError { code: "23001"; message: "update or delete on table \"Product\" violates RESTRICT setting of foreign key constraint \"ProductSize_productId_fkey\" on table \"ProductSize\""; severity: "ERROR"; detail: Some("Key (id)=(d30a3029-975e-4cdc-9745-2b4f3e27beb9) is referenced from table \"ProductSize\"."); column: None; hint: None }); transient: false })
KEEP_NO_EAN,0126-4099685812622,CAMISETA M/C MENS GRAPHIC EMBLEM TEE WHITE PEQ,,,,
KEEP_NO_EAN,0126-4099685812639,CAMISETA M/C MENS GRAPHIC EMBLEM TEE WHITE MED,,,,
KEEP_NO_EAN,0126-4099685812646,CAMISETA M/C MENS GRAPHIC EMBLEM TEE WHITE GRD,,,,
KEEP_NO_EAN,0126-4099685812653,CAMISETA M/C MENS GRAPHIC EMBLEM TEE WHITE EGR,,,,
ERROR,0126-4067984131676,,,,,
Invalid `prisma.product.delete()` invocation in
C:\Users\sport\TenisCash\scripts\cleanup-meta-esportes-duplicates.js:158:34

  155   }
  156 }
  157 // 4. Deleta o produto meta (ProductSize cai em cascade conforme schema)
→ 158 await prisma.product.delete(
Error occurred during query execution:
ConnectorError(ConnectorError { user_facing_error: None; kind: QueryError(PostgresError { code: "23001"; message: "update or delete on table \"Product\" violates RESTRICT setting of foreign key constraint \"ProductSize_productId_fkey\" on table \"ProductSize\""; severity: "ERROR"; detail: Some("Key (id)=(c02a017e-6bc7-42d7-b6e2-d36cf94f40d5) is referenced from table \"ProductSize\"."); column: None; hint: None }); transient: false })
KEEP_NO_EAN,0126-4067984311856,CAMISETA M/C M RUN VELOCITY TEE (POLY) WHITE PEQ,,,,
KEEP_NO_EAN,0126-4067984311917,CAMISETA M/C M RUN VELOCITY TEE (POLY) WHITE MED,,,,
KEEP_NO_EAN,0126-4067984311900,CAMISETA M/C M RUN VELOCITY TEE (POLY) WHITE GRD,,,,
KEEP_NO_EAN,0126-4067984311863,CAMISETA M/C M RUN VELOCITY TEE (POLY) WHITE EGR,,,,
KEEP_NO_EAN,0126-4069156027879,CAMISETA M/C TAD BIG LOGO TEE BLACK PEQ,,,,
KEEP_NO_EAN,0126-4069156027930,CAMISETA M/C TAD BIG LOGO TEE BLACK MED,,,,
KEEP_NO_EAN,0126-4069156027923,CAMISETA M/C TAD BIG LOGO TEE BLACK GRD,,,,
ERROR,0126-4063697311756,,,,,
Invalid `prisma.product.delete()` invocation in
C:\Users\sport\TenisCash\scripts\cleanup-meta-esportes-duplicates.js:158:34

  155   }
  156 }
  157 // 4. Deleta o produto meta (ProductSize cai em cascade conforme schema)
→ 158 await prisma.product.delete(
Error occurred during query execution:
ConnectorError(ConnectorError { user_facing_error: None; kind: QueryError(PostgresError { code: "23001"; message: "update or delete on table \"Product\" violates RESTRICT setting of foreign key constraint \"ProductSize_productId_fkey\" on table \"ProductSize\""; severity: "ERROR"; detail: Some("Key (id)=(f147dd90-afa7-4d31-897a-41b6b11e7274) is referenced from table \"ProductSize\"."); column: None; hint: None }); transient: false })
ERROR,0126-4065453049125,,,,,
Invalid `prisma.product.delete()` invocation in
C:\Users\sport\TenisCash\scripts\cleanup-meta-esportes-duplicates.js:158:34

  155   }
  156 }
  157 // 4. Deleta o produto meta (ProductSize cai em cascade conforme schema)
→ 158 await prisma.product.delete(
Error occurred during query execution:
ConnectorError(ConnectorError { user_facing_error: None; kind: QueryError(PostgresError { code: "23001"; message: "update or delete on table \"Product\" violates RESTRICT setting of foreign key constraint \"ProductSize_productId_fkey\" on table \"ProductSize\""; severity: "ERROR"; detail: Some("Key (id)=(d6febd52-6655-4699-85b5-f5ac0c6346f2) is referenced from table \"ProductSize\"."); column: None; hint: None }); transient: false })
KEEP_NO_EAN,0126-4067983397462,CAMISETA M/C ESS NO 1 LOGO TEE W WHITE PEQ,,,,
KEEP_NO_EAN,0126-4067983397516,CAMISETA M/C ESS NO 1 LOGO TEE W WHITE MED,,,,
KEEP_NO_EAN,0126-4067983397509,CAMISETA M/C ESS NO 1 LOGO TEE W WHITE GRD,,,,
KEEP_NO_EAN,0126-4067983297380,CAMISETA M/C ESS NO 1 LOGO TEE M WHITE PEQ,,,,
KEEP_NO_EAN,0126-4067983297441,CAMISETA M/C ESS NO 1 LOGO TEE M WHITE MED,,,,
KEEP_NO_EAN,0126-4067983297434,CAMISETA M/C ESS NO 1 LOGO TEE M WHITE GRD,,,,
KEEP_NO_EAN,0126-4067983297397,CAMISETA M/C ESS NO 1 LOGO TEE M WHITE EGR,,,,
ERROR,0126-4067983319600,,,,,
Invalid `prisma.product.delete()` invocation in
C:\Users\sport\TenisCash\scripts\cleanup-meta-esportes-duplicates.js:158:34

  155   }
  156 }
  157 // 4. Deleta o produto meta (ProductSize cai em cascade conforme schema)
→ 158 await prisma.product.delete(
Error occurred during query execution:
ConnectorError(ConnectorError { user_facing_error: None; kind: QueryError(PostgresError { code: "23001"; message: "update or delete on table \"Product\" violates RESTRICT setting of foreign key constraint \"ProductSize_productId_fkey\" on table \"ProductSize\""; severity: "ERROR"; detail: Some("Key (id)=(5bde0642-092a-4aa1-8a56-bf30fb45114c) is referenced from table \"ProductSize\"."); column: None; hint: None }); transient: false })
KEEP_NO_EAN,0126-4067983664786,CAMISETA M/C PUMATECH BETTER TEE BLACK PEQ,,,,
KEEP_NO_EAN,0126-4067983664823,CAMISETA M/C PUMATECH BETTER TEE BLACK MED,,,,
KEEP_NO_EAN,0126-4067983664816,CAMISETA M/C PUMATECH BETTER TEE BLACK GRD,,,,
KEEP_NO_EAN,0126-4067983664793,CAMISETA M/C PUMATECH BETTER TEE BLACK EGR,,,,
ERROR,0126-4067983322235,,,,,
Invalid `prisma.product.delete()` invocation in
C:\Users\sport\TenisCash\scripts\cleanup-meta-esportes-duplicates.js:158:34

  155   }
  156 }
  157 // 4. Deleta o produto meta (ProductSize cai em cascade conforme schema)
→ 158 await prisma.product.delete(
Error occurred during query execution:
ConnectorError(ConnectorError { user_facing_error: None; kind: QueryError(PostgresError { code: "23001"; message: "update or delete on table \"Product\" violates RESTRICT setting of foreign key constraint \"ProductSize_productId_fkey\" on table \"ProductSize\""; severity: "ERROR"; detail: Some("Key (id)=(683d5028-434d-4571-a92e-c3406338ac68) is referenced from table \"ProductSize\"."); column: None; hint: None }); transient: false })
ERROR,0126-4067983325397,,,,,
Invalid `prisma.product.delete()` invocation in
C:\Users\sport\TenisCash\scripts\cleanup-meta-esportes-duplicates.js:158:34

  155   }
  156 }
  157 // 4. Deleta o produto meta (ProductSize cai em cascade conforme schema)
→ 158 await prisma.product.delete(
Error occurred during query execution:
ConnectorError(ConnectorError { user_facing_error: None; kind: QueryError(PostgresError { code: "23001"; message: "update or delete on table \"Product\" violates RESTRICT setting of foreign key constraint \"ProductSize_productId_fkey\" on table \"ProductSize\""; severity: "ERROR"; detail: Some("Key (id)=(e12f63c3-9741-4379-9279-4df55f4c8054) is referenced from table \"ProductSize\"."); column: None; hint: None }); transient: false })
ERROR,0126-4067983325090,,,,,
Invalid `prisma.product.delete()` invocation in
C:\Users\sport\TenisCash\scripts\cleanup-meta-esportes-duplicates.js:158:34

  155   }
  156 }
  157 // 4. Deleta o produto meta (ProductSize cai em cascade conforme schema)
→ 158 await prisma.product.delete(
Error occurred during query execution:
ConnectorError(ConnectorError { user_facing_error: None; kind: QueryError(PostgresError { code: "23001"; message: "update or delete on table \"Product\" violates RESTRICT setting of foreign key constraint \"ProductSize_productId_fkey\" on table \"ProductSize\""; severity: "ERROR"; detail: Some("Key (id)=(3ebde7b7-0907-4b73-8d8b-0da1570f3390) is referenced from table \"ProductSize\"."); column: None; hint: None }); transient: false })
KEEP_NO_EAN,0126-4067983620638,REGATA ESS SLIM TANK BLACK PEQ,,,,
KEEP_NO_EAN,0126-4067983620683,REGATA ESS SLIM TANK BLACK MED,,,,
KEEP_NO_EAN,0126-4067983620676,REGATA ESS SLIM TANK BLACK GRD,,,,
KEEP_NO_EAN,0126-4067983620645,REGATA ESS SLIM TANK BLACK EGR,,,,
KEEP_NO_EAN,0126-4069156013070,CAMISETA M/C ESS SMALL PUMA LOGO POLY TE BLACK PEQ,,,,
KEEP_NO_EAN,0126-4069156013131,CAMISETA M/C ESS SMALL PUMA LOGO POLY TE BLACK MED,,,,
KEEP_NO_EAN,0126-4069156013124,CAMISETA M/C ESS SMALL PUMA LOGO POLY TE BLACK GRD,,,,
KEEP_NO_EAN,0126-4069156013087,CAMISETA M/C ESS SMALL PUMA LOGO POLY TE BLACK EGR,,,,
KEEP_NO_EAN,0126-4069156012837,CAMISETA M/C ESS SMALL PUMA LOGO POLY TE COOL LIGHT GRAY PEQ,,,,
KEEP_NO_EAN,0126-4069156012899,CAMISETA M/C ESS SMALL PUMA LOGO POLY TE COOL LIGHT GRAY MED,,,,
KEEP_NO_EAN,0126-4069156012882,CAMISETA M/C ESS SMALL PUMA LOGO POLY TE COOL LIGHT GRAY GRD,,,,
KEEP_NO_EAN,0126-4069156012844,CAMISETA M/C ESS SMALL PUMA LOGO POLY TE COOL LIGHT GRAY EGR,,,,
KEEP_NO_EAN,0126-4069156182011,CAMISETA M/C ESS PUMA LOGO POLY TEE M PUMA BLACK PEQ,,,,
KEEP_NO_EAN,0126-4069156182073,CAMISETA M/C ESS PUMA LOGO POLY TEE M PUMA BLACK MED,,,,
KEEP_NO_EAN,0126-4069156182066,CAMISETA M/C ESS PUMA LOGO POLY TEE M PUMA BLACK GRD,,,,
KEEP_NO_EAN,0126-4069156182028,CAMISETA M/C ESS PUMA LOGO POLY TEE M PUMA BLACK EGR,,,,
KEEP_NO_EAN,0126-4069156431331,CAMISETA M/C ESS PUMA LOGO POLY TEE M NEW NAVY PEQ,,,,
KEEP_NO_EAN,0126-4069156431393,CAMISETA M/C ESS PUMA LOGO POLY TEE M NEW NAVY MED,,,,
KEEP_NO_EAN,0126-4069156431386,CAMISETA M/C ESS PUMA LOGO POLY TEE M NEW NAVY GRD,,,,
KEEP_NO_EAN,0126-4069156431348,CAMISETA M/C ESS PUMA LOGO POLY TEE M NEW NAVY EGR,,,,
KEEP_NO_EAN,0126-4069156026179,CAMISETA M/C ESS PUMA LOGO POLY TEE M ROYAL PEQ,,,,
KEEP_NO_EAN,0126-4069156026230,CAMISETA M/C ESS PUMA LOGO POLY TEE M ROYAL MED,,,,
KEEP_NO_EAN,0126-4069156026223,CAMISETA M/C ESS PUMA LOGO POLY TEE M ROYAL GRD,,,,
KEEP_NO_EAN,0126-4069156026186,CAMISETA M/C ESS PUMA LOGO POLY TEE M ROYAL EGR,,,,
KEEP_NO_EAN,0126-4059507369741,MEIAO TEAM LIGA SOCKS CORE  PUMA WHITE-PUMA BLAC 39/43,,,,
ERROR,0126-4063699209044,,,,,
Invalid `prisma.product.delete()` invocation in
C:\Users\sport\TenisCash\scripts\cleanup-meta-esportes-duplicates.js:158:34

  155   }
  156 }
  157 // 4. Deleta o produto meta (ProductSize cai em cascade conforme schema)
→ 158 await prisma.product.delete(
Error occurred during query execution:
ConnectorError(ConnectorError { user_facing_error: None; kind: QueryError(PostgresError { code: "23001"; message: "update or delete on table \"Product\" violates RESTRICT setting of foreign key constraint \"ProductSize_productId_fkey\" on table \"ProductSize\""; severity: "ERROR"; detail: Some("Key (id)=(9378ac78-3527-4878-ab96-cc46848d2663) is referenced from table \"ProductSize\"."); column: None; hint: None }); transient: false })
ERROR,0126-7895491346682,,,,,
Invalid `prisma.product.delete()` invocation in
C:\Users\sport\TenisCash\scripts\cleanup-meta-esportes-duplicates.js:158:34

  155   }
  156 }
  157 // 4. Deleta o produto meta (ProductSize cai em cascade conforme schema)
→ 158 await prisma.product.delete(
Error occurred during query execution:
ConnectorError(ConnectorError { user_facing_error: None; kind: QueryError(PostgresError { code: "23001"; message: "update or delete on table \"Product\" violates RESTRICT setting of foreign key constraint \"ProductSize_productId_fkey\" on table \"ProductSize\""; severity: "ERROR"; detail: Some("Key (id)=(200fddb5-ab10-4daa-ba81-e7c3ae4ece24) is referenced from table \"ProductSize\"."); column: None; hint: None }); transient: false })
ERROR,0126-7895491353499,,,,,
Invalid `prisma.product.delete()` invocation in
C:\Users\sport\TenisCash\scripts\cleanup-meta-esportes-duplicates.js:158:34

  155   }
  156 }
  157 // 4. Deleta o produto meta (ProductSize cai em cascade conforme schema)
→ 158 await prisma.product.delete(
Error occurred during query execution:
ConnectorError(ConnectorError { user_facing_error: None; kind: QueryError(PostgresError { code: "23001"; message: "update or delete on table \"Product\" violates RESTRICT setting of foreign key constraint \"ProductSize_productId_fkey\" on table \"ProductSize\""; severity: "ERROR"; detail: Some("Key (id)=(e7f62a52-877d-44dd-8767-40aac3157c45) is referenced from table \"ProductSize\"."); column: None; hint: None }); transient: false })
ERROR,0126-7895491369834,,,,,
Invalid `prisma.product.delete()` invocation in
C:\Users\sport\TenisCash\scripts\cleanup-meta-esportes-duplicates.js:158:34

  155   }
  156 }
  157 // 4. Deleta o produto meta (ProductSize cai em cascade conforme schema)
→ 158 await prisma.product.delete(
Error occurred during query execution:
ConnectorError(ConnectorError { user_facing_error: None; kind: QueryError(PostgresError { code: "23001"; message: "update or delete on table \"Product\" violates RESTRICT setting of foreign key constraint \"ProductSize_productId_fkey\" on table \"ProductSize\""; severity: "ERROR"; detail: Some("Key (id)=(f5a4d08d-4d4e-4648-abda-ba71ec80d977) is referenced from table \"ProductSize\"."); column: None; hint: None }); transient: false })
ERROR,0126-7895491346804,,,,,
Invalid `prisma.product.delete()` invocation in
C:\Users\sport\TenisCash\scripts\cleanup-meta-esportes-duplicates.js:158:34

  155   }
  156 }
  157 // 4. Deleta o produto meta (ProductSize cai em cascade conforme schema)
→ 158 await prisma.product.delete(
Error occurred during query execution:
ConnectorError(ConnectorError { user_facing_error: None; kind: QueryError(PostgresError { code: "23001"; message: "update or delete on table \"Product\" violates RESTRICT setting of foreign key constraint \"ProductSize_productId_fkey\" on table \"ProductSize\""; severity: "ERROR"; detail: Some("Key (id)=(8a4b8bcc-f814-4184-9362-cdf175d85e7a) is referenced from table \"ProductSize\"."); column: None; hint: None }); transient: false })
ERROR,0126-7895491369957,,,,,
Invalid `prisma.product.delete()` invocation in
C:\Users\sport\TenisCash\scripts\cleanup-meta-esportes-duplicates.js:158:34

  155   }
  156 }
  157 // 4. Deleta o produto meta (ProductSize cai em cascade conforme schema)
→ 158 await prisma.product.delete(
Error occurred during query execution:
ConnectorError(ConnectorError { user_facing_error: None; kind: QueryError(PostgresError { code: "23001"; message: "update or delete on table \"Product\" violates RESTRICT setting of foreign key constraint \"ProductSize_productId_fkey\" on table \"ProductSize\""; severity: "ERROR"; detail: Some("Key (id)=(9c411a66-a7e3-4cba-8af8-be5294d0e5bc) is referenced from table \"ProductSize\"."); column: None; hint: None }); transient: false })
ERROR,0126-7895491372759,,,,,
Invalid `prisma.product.delete()` invocation in
C:\Users\sport\TenisCash\scripts\cleanup-meta-esportes-duplicates.js:158:34

  155   }
  156 }
  157 // 4. Deleta o produto meta (ProductSize cai em cascade conforme schema)
→ 158 await prisma.product.delete(
Error occurred during query execution:
ConnectorError(ConnectorError { user_facing_error: None; kind: QueryError(PostgresError { code: "23001"; message: "update or delete on table \"Product\" violates RESTRICT setting of foreign key constraint \"ProductSize_productId_fkey\" on table \"ProductSize\""; severity: "ERROR"; detail: Some("Key (id)=(a98ea392-66eb-406b-9437-ff810b495e25) is referenced from table \"ProductSize\"."); column: None; hint: None }); transient: false })
ERROR,0126-7909175430618,,,,,
Invalid `prisma.product.delete()` invocation in
C:\Users\sport\TenisCash\scripts\cleanup-meta-esportes-duplicates.js:158:34

  155   }
  156 }
  157 // 4. Deleta o produto meta (ProductSize cai em cascade conforme schema)
→ 158 await prisma.product.delete(
Error occurred during query execution:
ConnectorError(ConnectorError { user_facing_error: None; kind: QueryError(PostgresError { code: "23001"; message: "update or delete on table \"Product\" violates RESTRICT setting of foreign key constraint \"ProductSize_productId_fkey\" on table \"ProductSize\""; severity: "ERROR"; detail: Some("Key (id)=(5ae9e18d-c038-44c1-915b-db630d05b50e) is referenced from table \"ProductSize\"."); column: None; hint: None }); transient: false })
ERROR,0126-7909175464231,,,,,
Invalid `prisma.product.delete()` invocation in
C:\Users\sport\TenisCash\scripts\cleanup-meta-esportes-duplicates.js:158:34

  155   }
  156 }
  157 // 4. Deleta o produto meta (ProductSize cai em cascade conforme schema)
→ 158 await prisma.product.delete(
Error occurred during query execution:
ConnectorError(ConnectorError { user_facing_error: None; kind: QueryError(PostgresError { code: "23001"; message: "update or delete on table \"Product\" violates RESTRICT setting of foreign key constraint \"ProductSize_productId_fkey\" on table \"ProductSize\""; severity: "ERROR"; detail: Some("Key (id)=(38d6cc96-f6ae-4e47-bfa4-9c6567e42575) is referenced from table \"ProductSize\"."); column: None; hint: None }); transient: false })
ERROR,0126-7909175442017,,,,,
Invalid `prisma.product.delete()` invocation in
C:\Users\sport\TenisCash\scripts\cleanup-meta-esportes-duplicates.js:158:34

  155   }
  156 }
  157 // 4. Deleta o produto meta (ProductSize cai em cascade conforme schema)
→ 158 await prisma.product.delete(
Error occurred during query execution:
ConnectorError(ConnectorError { user_facing_error: None; kind: QueryError(PostgresError { code: "23001"; message: "update or delete on table \"Product\" violates RESTRICT setting of foreign key constraint \"ProductSize_productId_fkey\" on table \"ProductSize\""; severity: "ERROR"; detail: Some("Key (id)=(6bfa30ae-33b3-4158-a46b-9408802bdaeb) is referenced from table \"ProductSize\"."); column: None; hint: None }); transient: false })
ERROR,0126-7909175445612,,,,,
Invalid `prisma.product.delete()` invocation in
C:\Users\sport\TenisCash\scripts\cleanup-meta-esportes-duplicates.js:158:34

  155   }
  156 }
  157 // 4. Deleta o produto meta (ProductSize cai em cascade conforme schema)
→ 158 await prisma.product.delete(
Error occurred during query execution:
ConnectorError(ConnectorError { user_facing_error: None; kind: QueryError(PostgresError { code: "23001"; message: "update or delete on table \"Product\" violates RESTRICT setting of foreign key constraint \"ProductSize_productId_fkey\" on table \"ProductSize\""; severity: "ERROR"; detail: Some("Key (id)=(91f00d30-5932-4fca-91f9-c447a60b8063) is referenced from table \"ProductSize\"."); column: None; hint: None }); transient: false })
ERROR,0126-7909175445179,,,,,
Invalid `prisma.product.delete()` invocation in
C:\Users\sport\TenisCash\scripts\cleanup-meta-esportes-duplicates.js:158:34

  155   }
  156 }
  157 // 4. Deleta o produto meta (ProductSize cai em cascade conforme schema)
→ 158 await prisma.product.delete(
Error occurred during query execution:
ConnectorError(ConnectorError { user_facing_error: None; kind: QueryError(PostgresError { code: "23001"; message: "update or delete on table \"Product\" violates RESTRICT setting of foreign key constraint \"ProductSize_productId_fkey\" on table \"ProductSize\""; severity: "ERROR"; detail: Some("Key (id)=(775aaf0b-ad01-4921-84d1-1bc551b9de8e) is referenced from table \"ProductSize\"."); column: None; hint: None }); transient: false })
ERROR,0126-7909175465337,,,,,
Invalid `prisma.product.delete()` invocation in
C:\Users\sport\TenisCash\scripts\cleanup-meta-esportes-duplicates.js:158:34

  155   }
  156 }
  157 // 4. Deleta o produto meta (ProductSize cai em cascade conforme schema)
→ 158 await prisma.product.delete(
Error occurred during query execution:
ConnectorError(ConnectorError { user_facing_error: None; kind: QueryError(PostgresError { code: "23001"; message: "update or delete on table \"Product\" violates RESTRICT setting of foreign key constraint \"ProductSize_productId_fkey\" on table \"ProductSize\""; severity: "ERROR"; detail: Some("Key (id)=(91cc6dc3-3d54-4fa0-b7b1-37c3cc3c96ed) is referenced from table \"ProductSize\"."); column: None; hint: None }); transient: false })
ERROR,0126-7909175446619,,,,,
Invalid `prisma.product.delete()` invocation in
C:\Users\sport\TenisCash\scripts\cleanup-meta-esportes-duplicates.js:158:34

  155   }
  156 }
  157 // 4. Deleta o produto meta (ProductSize cai em cascade conforme schema)
→ 158 await prisma.product.delete(
Error occurred during query execution:
ConnectorError(ConnectorError { user_facing_error: None; kind: QueryError(PostgresError { code: "23001"; message: "update or delete on table \"Product\" violates RESTRICT setting of foreign key constraint \"ProductSize_productId_fkey\" on table \"ProductSize\""; severity: "ERROR"; detail: Some("Key (id)=(4eed914c-ddb6-4358-a539-a4aad0ab0dcd) is referenced from table \"ProductSize\"."); column: None; hint: None }); transient: false })
ERROR,0126-7909175446794,,,,,
Invalid `prisma.product.delete()` invocation in
C:\Users\sport\TenisCash\scripts\cleanup-meta-esportes-duplicates.js:158:34

  155   }
  156 }
  157 // 4. Deleta o produto meta (ProductSize cai em cascade conforme schema)
→ 158 await prisma.product.delete(
Error occurred during query execution:
ConnectorError(ConnectorError { user_facing_error: None; kind: QueryError(PostgresError { code: "23001"; message: "update or delete on table \"Product\" violates RESTRICT setting of foreign key constraint \"ProductSize_productId_fkey\" on table \"ProductSize\""; severity: "ERROR"; detail: Some("Key (id)=(01d378ed-0140-4b9b-b5c4-0bd08fbbb506) is referenced from table \"ProductSize\"."); column: None; hint: None }); transient: false })
ERROR,0126-7909175753823,,,,,
Invalid `prisma.product.delete()` invocation in
C:\Users\sport\TenisCash\scripts\cleanup-meta-esportes-duplicates.js:158:34

  155   }
  156 }
  157 // 4. Deleta o produto meta (ProductSize cai em cascade conforme schema)
→ 158 await prisma.product.delete(
Error occurred during query execution:
ConnectorError(ConnectorError { user_facing_error: None; kind: QueryError(PostgresError { code: "23001"; message: "update or delete on table \"Product\" violates RESTRICT setting of foreign key constraint \"ProductSize_productId_fkey\" on table \"ProductSize\""; severity: "ERROR"; detail: Some("Key (id)=(3f79afee-c9b2-4715-b8ad-05c7ff157762) is referenced from table \"ProductSize\"."); column: None; hint: None }); transient: false })
ERROR,0126-7895491340475,,,,,
Invalid `prisma.product.delete()` invocation in
C:\Users\sport\TenisCash\scripts\cleanup-meta-esportes-duplicates.js:158:34

  155   }
  156 }
  157 // 4. Deleta o produto meta (ProductSize cai em cascade conforme schema)
→ 158 await prisma.product.delete(
Error occurred during query execution:
ConnectorError(ConnectorError { user_facing_error: None; kind: QueryError(PostgresError { code: "23001"; message: "update or delete on table \"Product\" violates RESTRICT setting of foreign key constraint \"ProductSize_productId_fkey\" on table \"ProductSize\""; severity: "ERROR"; detail: Some("Key (id)=(a116d388-cadc-4bd8-8832-7685331a3106) is referenced from table \"ProductSize\"."); column: None; hint: None }); transient: false })
ERROR,0126-7895491364891,,,,,
Invalid `prisma.product.delete()` invocation in
C:\Users\sport\TenisCash\scripts\cleanup-meta-esportes-duplicates.js:158:34

  155   }
  156 }
  157 // 4. Deleta o produto meta (ProductSize cai em cascade conforme schema)
→ 158 await prisma.product.delete(
Error occurred during query execution:
ConnectorError(ConnectorError { user_facing_error: None; kind: QueryError(PostgresError { code: "23001"; message: "update or delete on table \"Product\" violates RESTRICT setting of foreign key constraint \"ProductSize_productId_fkey\" on table \"ProductSize\""; severity: "ERROR"; detail: Some("Key (id)=(4cb91b9c-f73a-4e3e-9b80-0324e27021aa) is referenced from table \"ProductSize\"."); column: None; hint: None }); transient: false })
ERROR,0126-7895491368998,,,,,
Invalid `prisma.product.delete()` invocation in
C:\Users\sport\TenisCash\scripts\cleanup-meta-esportes-duplicates.js:158:34

  155   }
  156 }
  157 // 4. Deleta o produto meta (ProductSize cai em cascade conforme schema)
→ 158 await prisma.product.delete(
Error occurred during query execution:
ConnectorError(ConnectorError { user_facing_error: None; kind: QueryError(PostgresError { code: "23001"; message: "update or delete on table \"Product\" violates RESTRICT setting of foreign key constraint \"ProductSize_productId_fkey\" on table \"ProductSize\""; severity: "ERROR"; detail: Some("Key (id)=(2e921ee6-03ee-48c4-b2f3-456d658ee5ae) is referenced from table \"ProductSize\"."); column: None; hint: None }); transient: false })
ERROR,0126-7895491372292,,,,,
Invalid `prisma.product.delete()` invocation in
C:\Users\sport\TenisCash\scripts\cleanup-meta-esportes-duplicates.js:158:34

  155   }
  156 }
  157 // 4. Deleta o produto meta (ProductSize cai em cascade conforme schema)
→ 158 await prisma.product.delete(
Error occurred during query execution:
ConnectorError(ConnectorError { user_facing_error: None; kind: QueryError(PostgresError { code: "23001"; message: "update or delete on table \"Product\" violates RESTRICT setting of foreign key constraint \"ProductSize_productId_fkey\" on table \"ProductSize\""; severity: "ERROR"; detail: Some("Key (id)=(18e9f3a3-e2fb-42b5-b891-6504f483f0d8) is referenced from table \"ProductSize\"."); column: None; hint: None }); transient: false })
ERROR,0126-7895491372520,,,,,
Invalid `prisma.product.delete()` invocation in
C:\Users\sport\TenisCash\scripts\cleanup-meta-esportes-duplicates.js:158:34

  155   }
  156 }
  157 // 4. Deleta o produto meta (ProductSize cai em cascade conforme schema)
→ 158 await prisma.product.delete(
Error occurred during query execution:
ConnectorError(ConnectorError { user_facing_error: None; kind: QueryError(PostgresError { code: "23001"; message: "update or delete on table \"Product\" violates RESTRICT setting of foreign key constraint \"ProductSize_productId_fkey\" on table \"ProductSize\""; severity: "ERROR"; detail: Some("Key (id)=(9c40f97c-3ddb-4d3e-80ec-d4f1a3ed8e9a) is referenced from table \"ProductSize\"."); column: None; hint: None }); transient: false })
ERROR,0126-7909175430823,,,,,
Invalid `prisma.product.delete()` invocation in
C:\Users\sport\TenisCash\scripts\cleanup-meta-esportes-duplicates.js:158:34

  155   }
  156 }
  157 // 4. Deleta o produto meta (ProductSize cai em cascade conforme schema)
→ 158 await prisma.product.delete(
Error occurred during query execution:
ConnectorError(ConnectorError { user_facing_error: None; kind: QueryError(PostgresError { code: "23001"; message: "update or delete on table \"Product\" violates RESTRICT setting of foreign key constraint \"ProductSize_productId_fkey\" on table \"ProductSize\""; severity: "ERROR"; detail: Some("Key (id)=(36b7d523-2dae-4a3b-94b1-f148380564f2) is referenced from table \"ProductSize\"."); column: None; hint: None }); transient: false })
ERROR,0126-7909175445155,,,,,
Invalid `prisma.product.delete()` invocation in
C:\Users\sport\TenisCash\scripts\cleanup-meta-esportes-duplicates.js:158:34

  155   }
  156 }
  157 // 4. Deleta o produto meta (ProductSize cai em cascade conforme schema)
→ 158 await prisma.product.delete(
Error occurred during query execution:
ConnectorError(ConnectorError { user_facing_error: None; kind: QueryError(PostgresError { code: "23001"; message: "update or delete on table \"Product\" violates RESTRICT setting of foreign key constraint \"ProductSize_productId_fkey\" on table \"ProductSize\""; severity: "ERROR"; detail: Some("Key (id)=(46c099f8-db33-4732-92a3-b644d6c2cc11) is referenced from table \"ProductSize\"."); column: None; hint: None }); transient: false })
ERROR,0126-7909175455741,,,,,
Invalid `prisma.product.delete()` invocation in
C:\Users\sport\TenisCash\scripts\cleanup-meta-esportes-duplicates.js:158:34

  155   }
  156 }
  157 // 4. Deleta o produto meta (ProductSize cai em cascade conforme schema)
→ 158 await prisma.product.delete(
Error occurred during query execution:
ConnectorError(ConnectorError { user_facing_error: None; kind: QueryError(PostgresError { code: "23001"; message: "update or delete on table \"Product\" violates RESTRICT setting of foreign key constraint \"ProductSize_productId_fkey\" on table \"ProductSize\""; severity: "ERROR"; detail: Some("Key (id)=(52fd4f0d-4962-419c-8ef2-9508d02f9c41) is referenced from table \"ProductSize\"."); column: None; hint: None }); transient: false })
ERROR,0126-7909175506238,,,,,
Invalid `prisma.product.delete()` invocation in
C:\Users\sport\TenisCash\scripts\cleanup-meta-esportes-duplicates.js:158:34

  155   }
  156 }
  157 // 4. Deleta o produto meta (ProductSize cai em cascade conforme schema)
→ 158 await prisma.product.delete(
Error occurred during query execution:
ConnectorError(ConnectorError { user_facing_error: None; kind: QueryError(PostgresError { code: "23001"; message: "update or delete on table \"Product\" violates RESTRICT setting of foreign key constraint \"ProductSize_productId_fkey\" on table \"ProductSize\""; severity: "ERROR"; detail: Some("Key (id)=(51a92595-0a3c-4fab-abe0-e279c392f5b3) is referenced from table \"ProductSize\"."); column: None; hint: None }); transient: false })
ERROR,0126-7909175505996,,,,,
Invalid `prisma.product.delete()` invocation in
C:\Users\sport\TenisCash\scripts\cleanup-meta-esportes-duplicates.js:158:34

  155   }
  156 }
  157 // 4. Deleta o produto meta (ProductSize cai em cascade conforme schema)
→ 158 await prisma.product.delete(
Error occurred during query execution:
ConnectorError(ConnectorError { user_facing_error: None; kind: QueryError(PostgresError { code: "23001"; message: "update or delete on table \"Product\" violates RESTRICT setting of foreign key constraint \"ProductSize_productId_fkey\" on table \"ProductSize\""; severity: "ERROR"; detail: Some("Key (id)=(e19aa682-97b2-4f48-a1e5-9dd192532d67) is referenced from table \"ProductSize\"."); column: None; hint: None }); transient: false })
ERROR,0126-7895491365997,,,,,
Invalid `prisma.product.delete()` invocation in
C:\Users\sport\TenisCash\scripts\cleanup-meta-esportes-duplicates.js:158:34

  155   }
  156 }
  157 // 4. Deleta o produto meta (ProductSize cai em cascade conforme schema)
→ 158 await prisma.product.delete(
Error occurred during query execution:
ConnectorError(ConnectorError { user_facing_error: None; kind: QueryError(PostgresError { code: "23001"; message: "update or delete on table \"Product\" violates RESTRICT setting of foreign key constraint \"ProductSize_productId_fkey\" on table \"ProductSize\""; severity: "ERROR"; detail: Some("Key (id)=(efa39780-3e1a-4995-ab32-baac5f991a43) is referenced from table \"ProductSize\"."); column: None; hint: None }); transient: false })
ERROR,0126-7908341468103,,,,,
Invalid `prisma.product.delete()` invocation in
C:\Users\sport\TenisCash\scripts\cleanup-meta-esportes-duplicates.js:158:34

  155   }
  156 }
  157 // 4. Deleta o produto meta (ProductSize cai em cascade conforme schema)
→ 158 await prisma.product.delete(
Error occurred during query execution:
ConnectorError(ConnectorError { user_facing_error: None; kind: QueryError(PostgresError { code: "23001"; message: "update or delete on table \"Product\" violates RESTRICT setting of foreign key constraint \"ProductSize_productId_fkey\" on table \"ProductSize\""; severity: "ERROR"; detail: Some("Key (id)=(416100e7-c24d-44c6-8649-e02182a2e206) is referenced from table \"ProductSize\"."); column: None; hint: None }); transient: false })
ERROR,0126-7895491287664,,,,,
Invalid `prisma.product.delete()` invocation in
C:\Users\sport\TenisCash\scripts\cleanup-meta-esportes-duplicates.js:158:34

  155   }
  156 }
  157 // 4. Deleta o produto meta (ProductSize cai em cascade conforme schema)
→ 158 await prisma.product.delete(
Error occurred during query execution:
ConnectorError(ConnectorError { user_facing_error: None; kind: QueryError(PostgresError { code: "23001"; message: "update or delete on table \"Product\" violates RESTRICT setting of foreign key constraint \"ProductSize_productId_fkey\" on table \"ProductSize\""; severity: "ERROR"; detail: Some("Key (id)=(61c2b18c-45ed-4172-8b56-eae7aca34b24) is referenced from table \"ProductSize\"."); column: None; hint: None }); transient: false })
ERROR,0126-7895491341052,,,,,
Invalid `prisma.product.delete()` invocation in
C:\Users\sport\TenisCash\scripts\cleanup-meta-esportes-duplicates.js:158:34

  155   }
  156 }
  157 // 4. Deleta o produto meta (ProductSize cai em cascade conforme schema)
→ 158 await prisma.product.delete(
Error occurred during query execution:
ConnectorError(ConnectorError { user_facing_error: None; kind: QueryError(PostgresError { code: "23001"; message: "update or delete on table \"Product\" violates RESTRICT setting of foreign key constraint \"ProductSize_productId_fkey\" on table \"ProductSize\""; severity: "ERROR"; detail: Some("Key (id)=(28102e29-fd7f-4c5b-9a46-1c0a82395e4b) is referenced from table \"ProductSize\"."); column: None; hint: None }); transient: false })
ERROR,0126-7895491342806,,,,,
Invalid `prisma.product.delete()` invocation in
C:\Users\sport\TenisCash\scripts\cleanup-meta-esportes-duplicates.js:158:34

  155   }
  156 }
  157 // 4. Deleta o produto meta (ProductSize cai em cascade conforme schema)
→ 158 await prisma.product.delete(
Error occurred during query execution:
ConnectorError(ConnectorError { user_facing_error: None; kind: QueryError(PostgresError { code: "23001"; message: "update or delete on table \"Product\" violates RESTRICT setting of foreign key constraint \"ProductSize_productId_fkey\" on table \"ProductSize\""; severity: "ERROR"; detail: Some("Key (id)=(d97f4803-1edd-4db0-9f7e-0956ad8432aa) is referenced from table \"ProductSize\"."); column: None; hint: None }); transient: false })
ERROR,0126-7895491364594,,,,,
Invalid `prisma.product.delete()` invocation in
C:\Users\sport\TenisCash\scripts\cleanup-meta-esportes-duplicates.js:158:34

  155   }
  156 }
  157 // 4. Deleta o produto meta (ProductSize cai em cascade conforme schema)
→ 158 await prisma.product.delete(
Error occurred during query execution:
ConnectorError(ConnectorError { user_facing_error: None; kind: QueryError(PostgresError { code: "23001"; message: "update or delete on table \"Product\" violates RESTRICT setting of foreign key constraint \"ProductSize_productId_fkey\" on table \"ProductSize\""; severity: "ERROR"; detail: Some("Key (id)=(0685766e-c80f-41a5-82a6-56237536893f) is referenced from table \"ProductSize\"."); column: None; hint: None }); transient: false })
ERROR,0126-7895491342516,,,,,
Invalid `prisma.product.delete()` invocation in
C:\Users\sport\TenisCash\scripts\cleanup-meta-esportes-duplicates.js:158:34

  155   }
  156 }
  157 // 4. Deleta o produto meta (ProductSize cai em cascade conforme schema)
→ 158 await prisma.product.delete(
Error occurred during query execution:
ConnectorError(ConnectorError { user_facing_error: None; kind: QueryError(PostgresError { code: "23001"; message: "update or delete on table \"Product\" violates RESTRICT setting of foreign key constraint \"ProductSize_productId_fkey\" on table \"ProductSize\""; severity: "ERROR"; detail: Some("Key (id)=(c6805c9c-00ed-4ae9-bad4-b6056e4c03c7) is referenced from table \"ProductSize\"."); column: None; hint: None }); transient: false })
ERROR,0126-7895491366215,,,,,
Invalid `prisma.product.delete()` invocation in
C:\Users\sport\TenisCash\scripts\cleanup-meta-esportes-duplicates.js:158:34

  155   }
  156 }
  157 // 4. Deleta o produto meta (ProductSize cai em cascade conforme schema)
→ 158 await prisma.product.delete(
Error occurred during query execution:
ConnectorError(ConnectorError { user_facing_error: None; kind: QueryError(PostgresError { code: "23001"; message: "update or delete on table \"Product\" violates RESTRICT setting of foreign key constraint \"ProductSize_productId_fkey\" on table \"ProductSize\""; severity: "ERROR"; detail: Some("Key (id)=(3a95f58e-a810-47bb-8f17-fb6764d519a8) is referenced from table \"ProductSize\"."); column: None; hint: None }); transient: false })
ERROR,0126-7908341470939,,,,,
Invalid `prisma.product.delete()` invocation in
C:\Users\sport\TenisCash\scripts\cleanup-meta-esportes-duplicates.js:158:34

  155   }
  156 }
  157 // 4. Deleta o produto meta (ProductSize cai em cascade conforme schema)
→ 158 await prisma.product.delete(
Error occurred during query execution:
ConnectorError(ConnectorError { user_facing_error: None; kind: QueryError(PostgresError { code: "23001"; message: "update or delete on table \"Product\" violates RESTRICT setting of foreign key constraint \"ProductSize_productId_fkey\" on table \"ProductSize\""; severity: "ERROR"; detail: Some("Key (id)=(91f26335-5f99-40a4-b0fe-7766b52573b7) is referenced from table \"ProductSize\"."); column: None; hint: None }); transient: false })
ERROR,0126-7895491341496,,,,,
Invalid `prisma.product.delete()` invocation in
C:\Users\sport\TenisCash\scripts\cleanup-meta-esportes-duplicates.js:158:34

  155   }
  156 }
  157 // 4. Deleta o produto meta (ProductSize cai em cascade conforme schema)
→ 158 await prisma.product.delete(
Error occurred during query execution:
ConnectorError(ConnectorError { user_facing_error: None; kind: QueryError(PostgresError { code: "23001"; message: "update or delete on table \"Product\" violates RESTRICT setting of foreign key constraint \"ProductSize_productId_fkey\" on table \"ProductSize\""; severity: "ERROR"; detail: Some("Key (id)=(b784116b-d3eb-4db2-9c07-a45c7094bb8f) is referenced from table \"ProductSize\"."); column: None; hint: None }); transient: false })
ERROR,0126-7895491341939,,,,,
Invalid `prisma.product.delete()` invocation in
C:\Users\sport\TenisCash\scripts\cleanup-meta-esportes-duplicates.js:158:34

  155   }
  156 }
  157 // 4. Deleta o produto meta (ProductSize cai em cascade conforme schema)
→ 158 await prisma.product.delete(
Error occurred during query execution:
ConnectorError(ConnectorError { user_facing_error: None; kind: QueryError(PostgresError { code: "23001"; message: "update or delete on table \"Product\" violates RESTRICT setting of foreign key constraint \"ProductSize_productId_fkey\" on table \"ProductSize\""; severity: "ERROR"; detail: Some("Key (id)=(5d1f99c4-b07f-4b64-9089-06312f58faf5) is referenced from table \"ProductSize\"."); column: None; hint: None }); transient: false })
ERROR,0126-7909434596833,,,,,
Invalid `prisma.product.delete()` invocation in
C:\Users\sport\TenisCash\scripts\cleanup-meta-esportes-duplicates.js:158:34

  155   }
  156 }
  157 // 4. Deleta o produto meta (ProductSize cai em cascade conforme schema)
→ 158 await prisma.product.delete(
Error occurred during query execution:
ConnectorError(ConnectorError { user_facing_error: None; kind: QueryError(PostgresError { code: "23001"; message: "update or delete on table \"Product\" violates RESTRICT setting of foreign key constraint \"ProductSize_productId_fkey\" on table \"ProductSize\""; severity: "ERROR"; detail: Some("Key (id)=(8924c31f-e79b-4678-8652-3d219e5c678e) is referenced from table \"ProductSize\"."); column: None; hint: None }); transient: false })
ERROR,0126-7909434687760,,,,,
Invalid `prisma.product.delete()` invocation in
C:\Users\sport\TenisCash\scripts\cleanup-meta-esportes-duplicates.js:158:34

  155   }
  156 }
  157 // 4. Deleta o produto meta (ProductSize cai em cascade conforme schema)
→ 158 await prisma.product.delete(
Error occurred during query execution:
ConnectorError(ConnectorError { user_facing_error: None; kind: QueryError(PostgresError { code: "23001"; message: "update or delete on table \"Product\" violates RESTRICT setting of foreign key constraint \"ProductSize_productId_fkey\" on table \"ProductSize\""; severity: "ERROR"; detail: Some("Key (id)=(3042ee95-f91e-4990-b026-102c8ac671d3) is referenced from table \"ProductSize\"."); column: None; hint: None }); transient: false })
ERROR,0126-7909434688439,,,,,
Invalid `prisma.product.delete()` invocation in
C:\Users\sport\TenisCash\scripts\cleanup-meta-esportes-duplicates.js:158:34

  155   }
  156 }
  157 // 4. Deleta o produto meta (ProductSize cai em cascade conforme schema)
→ 158 await prisma.product.delete(
Error occurred during query execution:
ConnectorError(ConnectorError { user_facing_error: None; kind: QueryError(PostgresError { code: "23001"; message: "update or delete on table \"Product\" violates RESTRICT setting of foreign key constraint \"ProductSize_productId_fkey\" on table \"ProductSize\""; severity: "ERROR"; detail: Some("Key (id)=(a7155c75-f755-4fd7-a534-df69785c31a6) is referenced from table \"ProductSize\"."); column: None; hint: None }); transient: false })
ERROR,0126-7909434752987,,,,,
Invalid `prisma.product.delete()` invocation in
C:\Users\sport\TenisCash\scripts\cleanup-meta-esportes-duplicates.js:158:34

  155   }
  156 }
  157 // 4. Deleta o produto meta (ProductSize cai em cascade conforme schema)
→ 158 await prisma.product.delete(
Error occurred during query execution:
ConnectorError(ConnectorError { user_facing_error: None; kind: QueryError(PostgresError { code: "23001"; message: "update or delete on table \"Product\" violates RESTRICT setting of foreign key constraint \"ProductSize_productId_fkey\" on table \"ProductSize\""; severity: "ERROR"; detail: Some("Key (id)=(69d3f716-0817-435c-816f-acb5b7b36e80) is referenced from table \"ProductSize\"."); column: None; hint: None }); transient: false })
ERROR,0126-7909434817235,,,,,
Invalid `prisma.product.delete()` invocation in
C:\Users\sport\TenisCash\scripts\cleanup-meta-esportes-duplicates.js:158:34

  155   }
  156 }
  157 // 4. Deleta o produto meta (ProductSize cai em cascade conforme schema)
→ 158 await prisma.product.delete(
Error occurred during query execution:
ConnectorError(ConnectorError { user_facing_error: None; kind: QueryError(PostgresError { code: "23001"; message: "update or delete on table \"Product\" violates RESTRICT setting of foreign key constraint \"ProductSize_productId_fkey\" on table \"ProductSize\""; severity: "ERROR"; detail: Some("Key (id)=(dfd06c3c-540f-46a6-b3b4-81515260f61c) is referenced from table \"ProductSize\"."); column: None; hint: None }); transient: false })
ERROR,0126-7909434817693,,,,,
Invalid `prisma.product.delete()` invocation in
C:\Users\sport\TenisCash\scripts\cleanup-meta-esportes-duplicates.js:158:34

  155   }
  156 }
  157 // 4. Deleta o produto meta (ProductSize cai em cascade conforme schema)
→ 158 await prisma.product.delete(
Error occurred during query execution:
ConnectorError(ConnectorError { user_facing_error: None; kind: QueryError(PostgresError { code: "23001"; message: "update or delete on table \"Product\" violates RESTRICT setting of foreign key constraint \"ProductSize_productId_fkey\" on table \"ProductSize\""; severity: "ERROR"; detail: Some("Key (id)=(a1fc69eb-096f-4c50-b466-f0956554b878) is referenced from table \"ProductSize\"."); column: None; hint: None }); transient: false })
ERROR,0126-7909434890771,,,,,
Invalid `prisma.product.delete()` invocation in
C:\Users\sport\TenisCash\scripts\cleanup-meta-esportes-duplicates.js:158:34

  155   }
  156 }
  157 // 4. Deleta o produto meta (ProductSize cai em cascade conforme schema)
→ 158 await prisma.product.delete(
Error occurred during query execution:
ConnectorError(ConnectorError { user_facing_error: None; kind: QueryError(PostgresError { code: "23001"; message: "update or delete on table \"Product\" violates RESTRICT setting of foreign key constraint \"ProductSize_productId_fkey\" on table \"ProductSize\""; severity: "ERROR"; detail: Some("Key (id)=(0f943b47-de56-42a8-8fc7-2cbe97c7ce41) is referenced from table \"ProductSize\"."); column: None; hint: None }); transient: false })
ERROR,0126-7909434881281,,,,,
Invalid `prisma.product.delete()` invocation in
C:\Users\sport\TenisCash\scripts\cleanup-meta-esportes-duplicates.js:158:34

  155   }
  156 }
  157 // 4. Deleta o produto meta (ProductSize cai em cascade conforme schema)
→ 158 await prisma.product.delete(
Error occurred during query execution:
ConnectorError(ConnectorError { user_facing_error: None; kind: QueryError(PostgresError { code: "23001"; message: "update or delete on table \"Product\" violates RESTRICT setting of foreign key constraint \"ProductSize_productId_fkey\" on table \"ProductSize\""; severity: "ERROR"; detail: Some("Key (id)=(2a8836b8-c0d6-496f-b3bc-1b454de9f751) is referenced from table \"ProductSize\"."); column: None; hint: None }); transient: false })
ERROR,0126-7909434890269,,,,,
Invalid `prisma.product.delete()` invocation in
C:\Users\sport\TenisCash\scripts\cleanup-meta-esportes-duplicates.js:158:34

  155   }
  156 }
  157 // 4. Deleta o produto meta (ProductSize cai em cascade conforme schema)
→ 158 await prisma.product.delete(
Error occurred during query execution:
ConnectorError(ConnectorError { user_facing_error: None; kind: QueryError(PostgresError { code: "23001"; message: "update or delete on table \"Product\" violates RESTRICT setting of foreign key constraint \"ProductSize_productId_fkey\" on table \"ProductSize\""; severity: "ERROR"; detail: Some("Key (id)=(44b7e475-c619-47cd-b2af-ee19336f3ed8) is referenced from table \"ProductSize\"."); column: None; hint: None }); transient: false })
KEEP_NO_EAN,0126-7909434937186,351126 PDVS PDV TOTEM OUS 7 SUPORTE COR A DEFINIR 1,,,,
ERROR,0126-7909434878489,,,,,
Invalid `prisma.product.delete()` invocation in
C:\Users\sport\TenisCash\scripts\cleanup-meta-esportes-duplicates.js:158:34

  155   }
  156 }
  157 // 4. Deleta o produto meta (ProductSize cai em cascade conforme schema)
→ 158 await prisma.product.delete(
Error occurred during query execution:
ConnectorError(ConnectorError { user_facing_error: None; kind: QueryError(PostgresError { code: "23001"; message: "update or delete on table \"Product\" violates RESTRICT setting of foreign key constraint \"ProductSize_productId_fkey\" on table \"ProductSize\""; severity: "ERROR"; detail: Some("Key (id)=(7af1f514-18a2-405e-a158-eb7ab482dca1) is referenced from table \"ProductSize\"."); column: None; hint: None }); transient: false })
KEEP_NO_EAN,0126-1200161760136,PRIME SETTENIS; DE,,,,
KEEP_NO_EAN,0126-1200143660317,CLUB C GROUNDS UKTE,,,,
KEEP_NO_EAN,0126-1200161249594,CLUB C DOUBLE REVENG,,,,
KEEP_NO_EAN,0126-1200161330896,BB 4500 DMXTENIS; D,,,,
KEEP_NO_EAN,0126-1200161268960,ROYAL ULTRA FLASHTE,,,,
KEEP_NO_EAN,0126-1200161274343,ERS WORLDTENIS; DE,,,,
KEEP_NO_EAN,0126-1200161241093,PREMIER ROAD PLUS VI,,,,
KEEP_NO_EAN,0126-1200161309267,AT CRAZE 3TENIS; DE,,,,
KEEP_NO_EAN,0126-7908273500025,MEIA CANO CURTO RUNNING  TAM - CINZA - 33/38,,,,
KEEP_NO_EAN,0126-7908273500018,MEIA CANO CURTO RUNNING  TAM - CINZA - 39/43,,,,
KEEP_NO_EAN,0126-7908273500032,MEIA CANO CURTO RUNNING  TAM - PRETO - 33/38,,,,
KEEP_NO_EAN,0126-7908273500049,MEIA CANO CURTO RUNNING  TAM - PRETO - 39/43,,,,
KEEP_NO_EAN,0126-7908273500155,MANGUITO LISO  TAM - BRANCO - P-M,,,,
KEEP_NO_EAN,0126-7908273500162,MANGUITO LISO  TAM - BRANCO - G-GG,,,,
KEEP_NO_EAN,0126-7908273500179,MANGUITO LISO  TAM - PRETO - P-M,,,,
KEEP_NO_EAN,0126-7908273500186,MANGUITO LISO  TAM - PRETO - G-GG,,,,
ERROR,0126-7908273503385,,,,,
Invalid `prisma.product.delete()` invocation in
C:\Users\sport\TenisCash\scripts\cleanup-meta-esportes-duplicates.js:158:34

  155   }
  156 }
  157 // 4. Deleta o produto meta (ProductSize cai em cascade conforme schema)
→ 158 await prisma.product.delete(
Error occurred during query execution:
ConnectorError(ConnectorError { user_facing_error: None; kind: QueryError(PostgresError { code: "23001"; message: "update or delete on table \"Product\" violates RESTRICT setting of foreign key constraint \"ProductSize_productId_fkey\" on table \"ProductSize\""; severity: "ERROR"; detail: Some("Key (id)=(7206b544-5f78-46b8-941c-c8913a58da29) is referenced from table \"ProductSize\"."); column: None; hint: None }); transient: false })
ERROR,0126-7908273503408,,,,,
Invalid `prisma.product.delete()` invocation in
C:\Users\sport\TenisCash\scripts\cleanup-meta-esportes-duplicates.js:158:34

  155   }
  156 }
  157 // 4. Deleta o produto meta (ProductSize cai em cascade conforme schema)
→ 158 await prisma.product.delete(
Error occurred during query execution:
ConnectorError(ConnectorError { user_facing_error: None; kind: QueryError(PostgresError { code: "23001"; message: "update or delete on table \"Product\" violates RESTRICT setting of foreign key constraint \"ProductSize_productId_fkey\" on table \"ProductSize\""; severity: "ERROR"; detail: Some("Key (id)=(ba851534-3c2d-49d7-8010-dc144fe162da) is referenced from table \"ProductSize\"."); column: None; hint: None }); transient: false })
ERROR,0126-7908273503415,,,,,
Invalid `prisma.product.delete()` invocation in
C:\Users\sport\TenisCash\scripts\cleanup-meta-esportes-duplicates.js:158:34

  155   }
  156 }
  157 // 4. Deleta o produto meta (ProductSize cai em cascade conforme schema)
→ 158 await prisma.product.delete(
Error occurred during query execution:
ConnectorError(ConnectorError { user_facing_error: None; kind: QueryError(PostgresError { code: "23001"; message: "update or delete on table \"Product\" violates RESTRICT setting of foreign key constraint \"ProductSize_productId_fkey\" on table \"ProductSize\""; severity: "ERROR"; detail: Some("Key (id)=(da6f5ccd-3697-4a2c-a0ef-dbbd3b90a7ee) is referenced from table \"ProductSize\"."); column: None; hint: None }); transient: false })
KEEP_NO_EAN,0126-7908273500957,MEIA DE CICLISMO COM REFLETIVO - PRETO - 33/38,,,,
KEEP_NO_EAN,0126-7908273500940,MEIA DE CICLISMO COM REFLETIVO - PRETO - 39/43,,,,
KEEP_NO_EAN,0126-7908273500971,MEIA DE CICLISMO COM REFLETIVO - ROSA LUMINOSO - 33/38,,,,
KEEP_NO_EAN,0126-7908273500995,MEIA DE CICLISMO COM REFLETIVO - ENZIAN - 33/38,,,,
KEEP_NO_EAN,0126-7908273501015,MEIA DE CICLISMO COM REFLETIVO - AMARELO LUMINOSO - 33/38,,,,
KEEP_NO_EAN,0126-7908273501008,MEIA DE CICLISMO COM REFLETIVO - AMARELO LUMINOSO - 39/43,,,,
KEEP_NO_EAN,0126-4133,MEIA MULTIESPORTE NEW - PRETO/BRANCO - 33/38,,,,
KEEP_NO_EAN,0126-4134,MEIA MULTIESPORTE NEW - PRETO/BRANCO - 39/43,,,,
KEEP_NO_EAN,0126-4135,MEIA MULTIESPORTE NEW - BRANCO/PRETO - 33/38,,,,
KEEP_NO_EAN,0126-4136,MEIA MULTIESPORTE NEW - BRANCO/PRETO - 39/43,,,,
KEEP_NO_EAN,0126-4137,MEIA MULTIESPORTE NEW - ROYAL/BRANCO - 33/38,,,,
KEEP_NO_EAN,0126-4138,MEIA MULTIESPORTE NEW - ROYAL/BRANCO - 39/43,,,,
KEEP_NO_EAN,0126-4139,MEIA MULTIESPORTE NEW - VERMELHO/BRANCO - 33/38,,,,
KEEP_NO_EAN,0126-4140,MEIA MULTIESPORTE NEW - VERMELHO/BRANCO - 39/43,,,,
KEEP_NO_EAN,0126-4141,MEIA MULTIESPORTE NEW - MARINHO/BRANCO - 33/38,,,,
KEEP_NO_EAN,0126-4142,MEIA MULTIESPORTE NEW - MARINHO/BRANCO - 39/43,,,,
KEEP_NO_EAN,0126-7908273504702,KIT MEIAO CORTADO E MEIA MULTI ESPORTES  - PRETO - 33/38,,,,
KEEP_NO_EAN,0126-7908273504719,KIT MEIAO CORTADO E MEIA MULTI ESPORTES  - PRETO - 39/43,,,,
KEEP_NO_EAN,0126-7908273504733,KIT MEIAO CORTADO E MEIA MULTI ESPORTES  - BRANCO - 33/38,,,,
KEEP_NO_EAN,0126-7908273504740,KIT MEIAO CORTADO E MEIA MULTI ESPORTES  - BRANCO - 39/43,,,,
KEEP_NO_EAN,0126-7908273504764,KIT MEIAO CORTADO E MEIA MULTI ESPORTES  - ROYAL - 33/38,,,,
KEEP_NO_EAN,0126-7908273504771,KIT MEIAO CORTADO E MEIA MULTI ESPORTES  - ROYAL - 39/43,,,,
KEEP_NO_EAN,0126-7908273504788,KIT MEIAO CORTADO E MEIA MULTI ESPORTES  - VERDE - 33/38,,,,
KEEP_NO_EAN,0126-7908273504795,KIT MEIAO CORTADO E MEIA MULTI ESPORTES  - VERDE - 39/43,,,,
KEEP_NO_EAN,0126-7908273504801,KIT MEIAO CORTADO E MEIA MULTI ESPORTES  - VERMELHO - 33/38,,,,
KEEP_NO_EAN,0126-7908273504818,KIT MEIAO CORTADO E MEIA MULTI ESPORTES  - VERMELHO - 39/43,,,,
KEEP_NO_EAN,0126-7908273504399,MOCHILA SACOLA VISTHO SPORTS  - VERMELHO,,,,
KEEP_NO_EAN,0126-7908273504405,MOCHILA SACOLA VISTHO SPORTS  - AZUL,,,,
KEEP_NO_EAN,0126-7908273500988,MEIA DE CICLISMO COM REFLETIVO - ENZIAN - 39/43,,,,
KEEP_NO_EAN,0126-7908273504849,KIT MEIAO CORTADO E MEIA MULTI ESPORTES  - MARINHO - 33/38,,,,
KEEP_NO_EAN,0126-7908273504856,KIT MEIAO CORTADO E MEIA MULTI ESPORTES  - MARINHO - 39/43,,,,
KEEP_NO_EAN,0126-7908273505044,KIT MEIAO CORTADO LISTRADO + MEIA MULTIESPORTES NEW - PRETO - 33/38,,,,
KEEP_NO_EAN,0126-7908273505099,KIT MEIAO CORTADO LISTRADO + MEIA MULTIESPORTES NEW - PRETO - 39/43,,,,
KEEP_NO_EAN,0126-7908273505037,KIT MEIAO CORTADO LISTRADO + MEIA MULTIESPORTES NEW - BRANCO - 33/38,,,,
KEEP_NO_EAN,0126-7908273505082,KIT MEIAO CORTADO LISTRADO + MEIA MULTIESPORTES NEW - BRANCO - 39/43,,,,
KEEP_NO_EAN,0126-7908273504627,DUOPACK SAPATILHA INVISIVEL  - PRETO - 33/38,,,,
KEEP_NO_EAN,0126-7908273504634,DUOPACK SAPATILHA INVISIVEL  - PRETO - 39/43,,,,
KEEP_NO_EAN,0126-7908273501923,TRIPACK - PRETO - 33/38,,,,
KEEP_NO_EAN,0126-7908273503064,MANGUITO CURTO DE VOLEI COM ANTIDERRAPANTE - PRETO - UNICO,,,,
KEEP_NO_EAN,0126-7908273503088,MANGUITO CURTO DE VOLEI COM ANTIDERRAPANTE - BRANCO - UNICO,,,,
KEEP_NO_EAN,0126-7908273505228,MEIA FAST RUN - 33/38 - BRANCO/CINZA,,,,
KEEP_NO_EAN,0126-7908273505235,MEIA FAST RUN - 39/43 - BRANCO/CINZA,,,,
KEEP_NO_EAN,0126-7908273505242,MEIA FAST RUN - 33/38 - PRETO/CHUMBO,,,,
KEEP_NO_EAN,0126-7908273505259,MEIA FAST RUN - 39/43 - PRETO/CHUMBO,,,,
KEEP_NO_EAN,0126-7908273505730,MEIA FAST RUN - 33/38 - BRANCO/PRETO,,,,
KEEP_NO_EAN,0126-7908273505747,MEIA FAST RUN - 39/43 - BRANCO/PRETO,,,,
KEEP_NO_EAN,0126-7899806927894,CORDA DE PULAR COM ROLAMENTO - PVC - 3;14M,,,,
KEEP_NO_EAN,0126-7908273504382,MOCHILA SACOLA VISTHO SPORTS  - PRETO,,,,
KEEP_NO_EAN,0126-7898654424845,CANELEIRA PROGNE BABY S/ TORNOZELEIRA ( 5 A 7 ANOS) - PRETO - UN,,,,
KEEP_NO_EAN,0126-7898654424166,CANELEIRA PROGNE BABY S/ TORNOZELEIRA ( 5 A 7 ANOS) - BRANCO - UN,,,,
KEEP_NO_EAN,0126-7898654424173,CANELEIRA PROGNE BABY S/ TORNOZELEIRA ( 5 A 7 ANOS) - AZUL PEROLADO - UN,,,,
KEEP_NO_EAN,0126-7898654424357,CANELEIRA PROGNE IRON  S/ TORNOZELEIRA ( 12 ANOS ACIMA) - PRETO - UN,,,,
KEEP_NO_EAN,0126-7898654424401,CANELEIRA PROGNE IRON  S/ TORNOZELEIRA ( 12 ANOS ACIMA) - LARANJA FLUOR - UN,,,,
KEEP_NO_EAN,0126-7898654424418,CANELEIRA PROGNE IRON  S/ TORNOZELEIRA ( 12 ANOS ACIMA) - PRATA - UN,,,,
ERROR,0126-7898654422728,,,,,
Invalid `prisma.product.delete()` invocation in
C:\Users\sport\TenisCash\scripts\cleanup-meta-esportes-duplicates.js:158:34

  155   }
  156 }
  157 // 4. Deleta o produto meta (ProductSize cai em cascade conforme schema)
→ 158 await prisma.product.delete(
Error occurred during query execution:
ConnectorError(ConnectorError { user_facing_error: None; kind: QueryError(PostgresError { code: "23001"; message: "update or delete on table \"Product\" violates RESTRICT setting of foreign key constraint \"ProductSize_productId_fkey\" on table \"ProductSize\""; severity: "ERROR"; detail: Some("Key (id)=(4d39a434-529a-4268-aeb3-2739e46bbaf4) is referenced from table \"ProductSize\"."); column: None; hint: None }); transient: false })
ERROR,0126-7898654422759,,,,,
Invalid `prisma.product.delete()` invocation in
C:\Users\sport\TenisCash\scripts\cleanup-meta-esportes-duplicates.js:158:34

  155   }
  156 }
  157 // 4. Deleta o produto meta (ProductSize cai em cascade conforme schema)
→ 158 await prisma.product.delete(
Error occurred during query execution:
ConnectorError(ConnectorError { user_facing_error: None; kind: QueryError(PostgresError { code: "23001"; message: "update or delete on table \"Product\" violates RESTRICT setting of foreign key constraint \"ProductSize_productId_fkey\" on table \"ProductSize\""; severity: "ERROR"; detail: Some("Key (id)=(808cff38-1b7a-409a-ba4d-28ecb9eb035c) is referenced from table \"ProductSize\"."); column: None; hint: None }); transient: false })
ERROR,0126-7898654426115,,,,,
Invalid `prisma.product.delete()` invocation in
C:\Users\sport\TenisCash\scripts\cleanup-meta-esportes-duplicates.js:158:34

  155   }
  156 }
  157 // 4. Deleta o produto meta (ProductSize cai em cascade conforme schema)
→ 158 await prisma.product.delete(
Error occurred during query execution:
ConnectorError(ConnectorError { user_facing_error: None; kind: QueryError(PostgresError { code: "23001"; message: "update or delete on table \"Product\" violates RESTRICT setting of foreign key constraint \"ProductSize_productId_fkey\" on table \"ProductSize\""; severity: "ERROR"; detail: Some("Key (id)=(ee13996f-eba3-4bf5-8f73-f39449fed0e7) is referenced from table \"ProductSize\"."); column: None; hint: None }); transient: false })
ERROR,0126-7898654426153,,,,,
Invalid `prisma.product.delete()` invocation in
C:\Users\sport\TenisCash\scripts\cleanup-meta-esportes-duplicates.js:158:34

  155   }
  156 }
  157 // 4. Deleta o produto meta (ProductSize cai em cascade conforme schema)
→ 158 await prisma.product.delete(
Error occurred during query execution:
ConnectorError(ConnectorError { user_facing_error: None; kind: QueryError(PostgresError { code: "23001"; message: "update or delete on table \"Product\" violates RESTRICT setting of foreign key constraint \"ProductSize_productId_fkey\" on table \"ProductSize\""; severity: "ERROR"; detail: Some("Key (id)=(89eb6ad7-5b72-49a9-a0ca-416f5e940892) is referenced from table \"ProductSize\"."); column: None; hint: None }); transient: false })
ERROR,0126-7898654426207,,,,,
Invalid `prisma.product.delete()` invocation in
C:\Users\sport\TenisCash\scripts\cleanup-meta-esportes-duplicates.js:158:34

  155   }
  156 }
  157 // 4. Deleta o produto meta (ProductSize cai em cascade conforme schema)
→ 158 await prisma.product.delete(
Error occurred during query execution:
ConnectorError(ConnectorError { user_facing_error: None; kind: QueryError(PostgresError { code: "23001"; message: "update or delete on table \"Product\" violates RESTRICT setting of foreign key constraint \"ProductSize_productId_fkey\" on table \"ProductSize\""; severity: "ERROR"; detail: Some("Key (id)=(229a1201-ee8e-427c-9f08-011b4a235425) is referenced from table \"ProductSize\"."); column: None; hint: None }); transient: false })
ERROR,0126-7898654426146,,,,,
Invalid `prisma.product.delete()` invocation in
C:\Users\sport\TenisCash\scripts\cleanup-meta-esportes-duplicates.js:158:34

  155   }
  156 }
  157 // 4. Deleta o produto meta (ProductSize cai em cascade conforme schema)
→ 158 await prisma.product.delete(
Error occurred during query execution:
ConnectorError(ConnectorError { user_facing_error: None; kind: QueryError(PostgresError { code: "23001"; message: "update or delete on table \"Product\" violates RESTRICT setting of foreign key constraint \"ProductSize_productId_fkey\" on table \"ProductSize\""; severity: "ERROR"; detail: Some("Key (id)=(1c874b89-9efc-4efd-a805-c8e0cb22c85a) is referenced from table \"ProductSize\"."); column: None; hint: None }); transient: false })
ERROR,0126-7898654426276,,,,,
Invalid `prisma.product.delete()` invocation in
C:\Users\sport\TenisCash\scripts\cleanup-meta-esportes-duplicates.js:158:34

  155   }
  156 }
  157 // 4. Deleta o produto meta (ProductSize cai em cascade conforme schema)
→ 158 await prisma.product.delete(
Error occurred during query execution:
ConnectorError(ConnectorError { user_facing_error: None; kind: QueryError(PostgresError { code: "23001"; message: "update or delete on table \"Product\" violates RESTRICT setting of foreign key constraint \"ProductSize_productId_fkey\" on table \"ProductSize\""; severity: "ERROR"; detail: Some("Key (id)=(7656de8a-dfb9-4bd7-b98b-1ed1aafdf84e) is referenced from table \"ProductSize\"."); column: None; hint: None }); transient: false })
ERROR,0126-7898654426801,,,,,
Invalid `prisma.product.delete()` invocation in
C:\Users\sport\TenisCash\scripts\cleanup-meta-esportes-duplicates.js:158:34

  155   }
  156 }
  157 // 4. Deleta o produto meta (ProductSize cai em cascade conforme schema)
→ 158 await prisma.product.delete(
Error occurred during query execution:
ConnectorError(ConnectorError { user_facing_error: None; kind: QueryError(PostgresError { code: "23001"; message: "update or delete on table \"Product\" violates RESTRICT setting of foreign key constraint \"ProductSize_productId_fkey\" on table \"ProductSize\""; severity: "ERROR"; detail: Some("Key (id)=(bc96183a-ce18-48bf-91d8-4b5acc5e5b33) is referenced from table \"ProductSize\"."); column: None; hint: None }); transient: false })
ERROR,0126-7898654426320,,,,,
Invalid `prisma.product.delete()` invocation in
C:\Users\sport\TenisCash\scripts\cleanup-meta-esportes-duplicates.js:158:34

  155   }
  156 }
  157 // 4. Deleta o produto meta (ProductSize cai em cascade conforme schema)
→ 158 await prisma.product.delete(
Error occurred during query execution:
ConnectorError(ConnectorError { user_facing_error: None; kind: QueryError(PostgresError { code: "23001"; message: "update or delete on table \"Product\" violates RESTRICT setting of foreign key constraint \"ProductSize_productId_fkey\" on table \"ProductSize\""; severity: "ERROR"; detail: Some("Key (id)=(4027c4bc-c776-408c-8719-e5a48d4d9658) is referenced from table \"ProductSize\"."); column: None; hint: None }); transient: false })
ERROR,0126-7898654426238,,,,,
Invalid `prisma.product.delete()` invocation in
C:\Users\sport\TenisCash\scripts\cleanup-meta-esportes-duplicates.js:158:34

  155   }
  156 }
  157 // 4. Deleta o produto meta (ProductSize cai em cascade conforme schema)
→ 158 await prisma.product.delete(
Error occurred during query execution:
ConnectorError(ConnectorError { user_facing_error: None; kind: QueryError(PostgresError { code: "23001"; message: "update or delete on table \"Product\" violates RESTRICT setting of foreign key constraint \"ProductSize_productId_fkey\" on table \"ProductSize\""; severity: "ERROR"; detail: Some("Key (id)=(effcafd5-a167-4bb5-a11f-d98e60c98aa2) is referenced from table \"ProductSize\"."); column: None; hint: None }); transient: false })
KEEP_NO_EAN,0126-7898654424425,CANELEIRA PROGNE PEGASUS S/ TORNOZELEIRA ( 12 ANOS ACIMA) - PRETO - UN,,,,
KEEP_NO_EAN,0126-7898654424432,CANELEIRA PROGNE PEGASUS S/ TORNOZELEIRA ( 12 ANOS ACIMA) - BRANCO - UN,,,,
KEEP_NO_EAN,0126-7898654424456,CANELEIRA PROGNE PEGASUS S/ TORNOZELEIRA ( 12 ANOS ACIMA) - VERMELHO  - UN,,,,
KEEP_NO_EAN,0126-7898654424494,CANELEIRA PROGNE FRALDINHA S/ TORNOZELEIRA (7 A 12 ANOS) - PRETO - UN,,,,
KEEP_NO_EAN,0126-7898654424524,CANELEIRA PROGNE FRALDINHA S/ TORNOZELEIRA (7 A 12 ANOS) - VERMELHO  - UN,,,,
KEEP_NO_EAN,0126-7898654424531,CANELEIRA PROGNE FRALDINHA S/ TORNOZELEIRA (7 A 12 ANOS) - AMARELO FLUOR - UN,,,,
ERROR,0126-7898654421745,,,,,
Invalid `prisma.product.delete()` invocation in
C:\Users\sport\TenisCash\scripts\cleanup-meta-esportes-duplicates.js:158:34

  155   }
  156 }
  157 // 4. Deleta o produto meta (ProductSize cai em cascade conforme schema)
→ 158 await prisma.product.delete(
Error occurred during query execution:
ConnectorError(ConnectorError { user_facing_error: None; kind: QueryError(PostgresError { code: "23001"; message: "update or delete on table \"Product\" violates RESTRICT setting of foreign key constraint \"ProductSize_productId_fkey\" on table \"ProductSize\""; severity: "ERROR"; detail: Some("Key (id)=(aaf3702e-9583-45f0-ad6b-baba76aa2cdb) is referenced from table \"ProductSize\"."); column: None; hint: None }); transient: false })
ERROR,0126-7898654421783,,,,,
Invalid `prisma.product.delete()` invocation in
C:\Users\sport\TenisCash\scripts\cleanup-meta-esportes-duplicates.js:158:34

  155   }
  156 }
  157 // 4. Deleta o produto meta (ProductSize cai em cascade conforme schema)
→ 158 await prisma.product.delete(
Error occurred during query execution:
ConnectorError(ConnectorError { user_facing_error: None; kind: QueryError(PostgresError { code: "23001"; message: "update or delete on table \"Product\" violates RESTRICT setting of foreign key constraint \"ProductSize_productId_fkey\" on table \"ProductSize\""; severity: "ERROR"; detail: Some("Key (id)=(cd74a628-923e-4e68-bb07-49b964163608) is referenced from table \"ProductSize\"."); column: None; hint: None }); transient: false })
ERROR,0126-7898654428812,,,,,
Invalid `prisma.product.delete()` invocation in
C:\Users\sport\TenisCash\scripts\cleanup-meta-esportes-duplicates.js:158:34

  155   }
  156 }
  157 // 4. Deleta o produto meta (ProductSize cai em cascade conforme schema)
→ 158 await prisma.product.delete(
Error occurred during query execution:
ConnectorError(ConnectorError { user_facing_error: None; kind: QueryError(PostgresError { code: "23001"; message: "update or delete on table \"Product\" violates RESTRICT setting of foreign key constraint \"ProductSize_productId_fkey\" on table \"ProductSize\""; severity: "ERROR"; detail: Some("Key (id)=(3001375f-1f66-48e1-8d6c-fb3b42e8505c) is referenced from table \"ProductSize\"."); column: None; hint: None }); transient: false })
ERROR,0126-7898654428935,,,,,
Invalid `prisma.product.delete()` invocation in
C:\Users\sport\TenisCash\scripts\cleanup-meta-esportes-duplicates.js:158:34

  155   }
  156 }
  157 // 4. Deleta o produto meta (ProductSize cai em cascade conforme schema)
→ 158 await prisma.product.delete(
Error occurred during query execution:
ConnectorError(ConnectorError { user_facing_error: None; kind: QueryError(PostgresError { code: "23001"; message: "update or delete on table \"Product\" violates RESTRICT setting of foreign key constraint \"ProductSize_productId_fkey\" on table \"ProductSize\""; severity: "ERROR"; detail: Some("Key (id)=(6306ff54-341a-430f-b18e-4797afd7303d) is referenced from table \"ProductSize\"."); column: None; hint: None }); transient: false })
ERROR,0126-7898654429437,,,,,
Invalid `prisma.product.delete()` invocation in
C:\Users\sport\TenisCash\scripts\cleanup-meta-esportes-duplicates.js:158:34

  155   }
  156 }
  157 // 4. Deleta o produto meta (ProductSize cai em cascade conforme schema)
→ 158 await prisma.product.delete(
Error occurred during query execution:
ConnectorError(ConnectorError { user_facing_error: None; kind: QueryError(PostgresError { code: "23001"; message: "update or delete on table \"Product\" violates RESTRICT setting of foreign key constraint \"ProductSize_productId_fkey\" on table \"ProductSize\""; severity: "ERROR"; detail: Some("Key (id)=(718707d6-1bd9-497c-91b0-fac4eafeb143) is referenced from table \"ProductSize\"."); column: None; hint: None }); transient: false })
ERROR,0126-7898654429482,,,,,
Invalid `prisma.product.delete()` invocation in
C:\Users\sport\TenisCash\scripts\cleanup-meta-esportes-duplicates.js:158:34

  155   }
  156 }
  157 // 4. Deleta o produto meta (ProductSize cai em cascade conforme schema)
→ 158 await prisma.product.delete(
Error occurred during query execution:
ConnectorError(ConnectorError { user_facing_error: None; kind: QueryError(PostgresError { code: "23001"; message: "update or delete on table \"Product\" violates RESTRICT setting of foreign key constraint \"ProductSize_productId_fkey\" on table \"ProductSize\""; severity: "ERROR"; detail: Some("Key (id)=(ddb4d6ec-49fc-4235-86cb-57836bfec9df) is referenced from table \"ProductSize\"."); column: None; hint: None }); transient: false })
ERROR,0126-7898654429581,,,,,
Invalid `prisma.product.delete()` invocation in
C:\Users\sport\TenisCash\scripts\cleanup-meta-esportes-duplicates.js:158:34

  155   }
  156 }
  157 // 4. Deleta o produto meta (ProductSize cai em cascade conforme schema)
→ 158 await prisma.product.delete(
Error occurred during query execution:
ConnectorError(ConnectorError { user_facing_error: None; kind: QueryError(PostgresError { code: "23001"; message: "update or delete on table \"Product\" violates RESTRICT setting of foreign key constraint \"ProductSize_productId_fkey\" on table \"ProductSize\""; severity: "ERROR"; detail: Some("Key (id)=(0fbe35c2-995d-412d-9602-577bce05b034) is referenced from table \"ProductSize\"."); column: None; hint: None }); transient: false })
ERROR,0126-7898654429536,,,,,
Invalid `prisma.product.delete()` invocation in
C:\Users\sport\TenisCash\scripts\cleanup-meta-esportes-duplicates.js:158:34

  155   }
  156 }
  157 // 4. Deleta o produto meta (ProductSize cai em cascade conforme schema)
→ 158 await prisma.product.delete(
Error occurred during query execution:
ConnectorError(ConnectorError { user_facing_error: None; kind: QueryError(PostgresError { code: "23001"; message: "update or delete on table \"Product\" violates RESTRICT setting of foreign key constraint \"ProductSize_productId_fkey\" on table \"ProductSize\""; severity: "ERROR"; detail: Some("Key (id)=(3342c7da-d9d9-4e49-a352-1d1a87f18aa5) is referenced from table \"ProductSize\"."); column: None; hint: None }); transient: false })
ERROR,0126-7898654429635,,,,,
Invalid `prisma.product.delete()` invocation in
C:\Users\sport\TenisCash\scripts\cleanup-meta-esportes-duplicates.js:158:34

  155   }
  156 }
  157 // 4. Deleta o produto meta (ProductSize cai em cascade conforme schema)
→ 158 await prisma.product.delete(
Error occurred during query execution:
ConnectorError(ConnectorError { user_facing_error: None; kind: QueryError(PostgresError { code: "23001"; message: "update or delete on table \"Product\" violates RESTRICT setting of foreign key constraint \"ProductSize_productId_fkey\" on table \"ProductSize\""; severity: "ERROR"; detail: Some("Key (id)=(1cd6829b-995f-4d75-aa43-e9167355cad6) is referenced from table \"ProductSize\"."); column: None; hint: None }); transient: false })
ERROR,0126-7898654421820,,,,,
Invalid `prisma.product.delete()` invocation in
C:\Users\sport\TenisCash\scripts\cleanup-meta-esportes-duplicates.js:158:34

  155   }
  156 }
  157 // 4. Deleta o produto meta (ProductSize cai em cascade conforme schema)
→ 158 await prisma.product.delete(
Error occurred during query execution:
ConnectorError(ConnectorError { user_facing_error: None; kind: QueryError(PostgresError { code: "23001"; message: "update or delete on table \"Product\" violates RESTRICT setting of foreign key constraint \"ProductSize_productId_fkey\" on table \"ProductSize\""; severity: "ERROR"; detail: Some("Key (id)=(f6a4ccb9-ce3e-4974-944f-fc275b5c09b7) is referenced from table \"ProductSize\"."); column: None; hint: None }); transient: false })
ERROR,0126-7898654423008,,,,,
Invalid `prisma.product.delete()` invocation in
C:\Users\sport\TenisCash\scripts\cleanup-meta-esportes-duplicates.js:158:34

  155   }
  156 }
  157 // 4. Deleta o produto meta (ProductSize cai em cascade conforme schema)
→ 158 await prisma.product.delete(
Error occurred during query execution:
ConnectorError(ConnectorError { user_facing_error: None; kind: QueryError(PostgresError { code: "23001"; message: "update or delete on table \"Product\" violates RESTRICT setting of foreign key constraint \"ProductSize_productId_fkey\" on table \"ProductSize\""; severity: "ERROR"; detail: Some("Key (id)=(4e59ef5c-6c25-4be6-9763-59454945eaa7) is referenced from table \"ProductSize\"."); column: None; hint: None }); transient: false })
KEEP_NO_EAN,0126-7898654428027,JOELHEIRA AJ�STAVEL PROGNE - PRETO - G/GG,,,,
KEEP_NO_EAN,0126-7898654428010,JOELHEIRA AJ�STAVEL PROGNE - PRETO - P/M,,,,
ERROR,0126-7898654422452,,,,,
Invalid `prisma.product.delete()` invocation in
C:\Users\sport\TenisCash\scripts\cleanup-meta-esportes-duplicates.js:158:34

  155   }
  156 }
  157 // 4. Deleta o produto meta (ProductSize cai em cascade conforme schema)
→ 158 await prisma.product.delete(
Error occurred during query execution:
ConnectorError(ConnectorError { user_facing_error: None; kind: QueryError(PostgresError { code: "23001"; message: "update or delete on table \"Product\" violates RESTRICT setting of foreign key constraint \"ProductSize_productId_fkey\" on table \"ProductSize\""; severity: "ERROR"; detail: Some("Key (id)=(364168a3-fafe-443e-8f92-a2691c985448) is referenced from table \"ProductSize\"."); column: None; hint: None }); transient: false })
ERROR,0126-7898654422421,,,,,
Invalid `prisma.product.delete()` invocation in
C:\Users\sport\TenisCash\scripts\cleanup-meta-esportes-duplicates.js:158:34

  155   }
  156 }
  157 // 4. Deleta o produto meta (ProductSize cai em cascade conforme schema)
→ 158 await prisma.product.delete(
Error occurred during query execution:
ConnectorError(ConnectorError { user_facing_error: None; kind: QueryError(PostgresError { code: "23001"; message: "update or delete on table \"Product\" violates RESTRICT setting of foreign key constraint \"ProductSize_productId_fkey\" on table \"ProductSize\""; severity: "ERROR"; detail: Some("Key (id)=(072b4615-00e6-43d6-8c72-0a51418cd6e5) is referenced from table \"ProductSize\"."); column: None; hint: None }); transient: false })
ERROR,0126-7898654422391,,,,,
Invalid `prisma.product.delete()` invocation in
C:\Users\sport\TenisCash\scripts\cleanup-meta-esportes-duplicates.js:158:34

  155   }
  156 }
  157 // 4. Deleta o produto meta (ProductSize cai em cascade conforme schema)
→ 158 await prisma.product.delete(
Error occurred during query execution:
ConnectorError(ConnectorError { user_facing_error: None; kind: QueryError(PostgresError { code: "23001"; message: "update or delete on table \"Product\" violates RESTRICT setting of foreign key constraint \"ProductSize_productId_fkey\" on table \"ProductSize\""; severity: "ERROR"; detail: Some("Key (id)=(dbe4bc6f-f164-449f-b74b-ad687724bbe0) is referenced from table \"ProductSize\"."); column: None; hint: None }); transient: false })
KEEP_NO_EAN,0126-7898654422360,PALMAR EM NEOPRENE AJUST�VEL PROGNE - PRETO - UN,,,,
KEEP_NO_EAN,0126-7898654424630,CANELEIRA PROGNE PEGASUS C/ TORNOZELEIRA ( 12 ANOS ACIMA) - PRETO - UN,,,,
KEEP_NO_EAN,0126-7898654424678,CANELEIRA PROGNE PEGASUS C/ TORNOZELEIRA ( 12 ANOS ACIMA) - AMARELO FLUOR - UN,,,,
KEEP_NO_EAN,0126-7898654424685,CANELEIRA PROGNE PEGASUS C/ TORNOZELEIRA ( 12 ANOS ACIMA) - LARANJA FLUOR - UN,,,,
KEEP_NO_EAN,0126-7898654424722,CANELEIRA PROGNE FRALDINHA C/ TORNOZELEIRA (7 A 12 ANOS) - AZUL PEROLADO - UN,,,,
KEEP_NO_EAN,0126-7898654424739,CANELEIRA PROGNE FRALDINHA C/ TORNOZELEIRA (7 A 12 ANOS) - VERMELHO  - UN,,,,
KEEP_NO_EAN,0126-7898654422926,BANDAGEM EL�STICA PROGNE  3 METROS COMPRIMENTO - VERMELHO  - 5CMX3M,,,,
KEEP_NO_EAN,0126-7898654422902,BANDAGEM EL�STICA PROGNE  3 METROS COMPRIMENTO - PINK - 5CMX3M,,,,
KEEP_NO_EAN,0126-7898654422896,BANDAGEM EL�STICA PROGNE  5 METROS COMPRIMENTO - AZUL ROYAL - 5CMX5M,,,,
KEEP_NO_EAN,0126-7898654422933,BANDAGEM EL�STICA PROGNE  5 METROS COMPRIMENTO - VERMELHO  - 5CMX5M,,,,
ERROR,0126-7898654422544,,,,,
Invalid `prisma.product.delete()` invocation in
C:\Users\sport\TenisCash\scripts\cleanup-meta-esportes-duplicates.js:158:34

  155   }
  156 }
  157 // 4. Deleta o produto meta (ProductSize cai em cascade conforme schema)
→ 158 await prisma.product.delete(
Error occurred during query execution:
ConnectorError(ConnectorError { user_facing_error: None; kind: QueryError(PostgresError { code: "23001"; message: "update or delete on table \"Product\" violates RESTRICT setting of foreign key constraint \"ProductSize_productId_fkey\" on table \"ProductSize\""; severity: "ERROR"; detail: Some("Key (id)=(2c287e36-2c08-4108-b1cb-25e888df7f75) is referenced from table \"ProductSize\"."); column: None; hint: None }); transient: false })
KEEP_NO_EAN,0126-7898654424708,CANELEIRA PROGNE FRALDINHA C/ TORNOZELEIRA (7 A 12 ANOS) - PRETO - UN,,,,
ERROR,0126-7898654422575,,,,,
Invalid `prisma.product.delete()` invocation in
C:\Users\sport\TenisCash\scripts\cleanup-meta-esportes-duplicates.js:158:34

  155   }
  156 }
  157 // 4. Deleta o produto meta (ProductSize cai em cascade conforme schema)
→ 158 await prisma.product.delete(
Error occurred during query execution:
ConnectorError(ConnectorError { user_facing_error: None; kind: QueryError(PostgresError { code: "23001"; message: "update or delete on table \"Product\" violates RESTRICT setting of foreign key constraint \"ProductSize_productId_fkey\" on table \"ProductSize\""; severity: "ERROR"; detail: Some("Key (id)=(310968a8-fc01-44f2-9baf-3ad20758f60d) is referenced from table \"ProductSize\"."); column: None; hint: None }); transient: false })
ERROR,0126-7898654425163,,,,,
Invalid `prisma.product.delete()` invocation in
C:\Users\sport\TenisCash\scripts\cleanup-meta-esportes-duplicates.js:158:34

  155   }
  156 }
  157 // 4. Deleta o produto meta (ProductSize cai em cascade conforme schema)
→ 158 await prisma.product.delete(
Error occurred during query execution:
ConnectorError(ConnectorError { user_facing_error: None; kind: QueryError(PostgresError { code: "23001"; message: "update or delete on table \"Product\" violates RESTRICT setting of foreign key constraint \"ProductSize_productId_fkey\" on table \"ProductSize\""; severity: "ERROR"; detail: Some("Key (id)=(b9551ea8-354d-413a-9f7f-0a1a26e8c326) is referenced from table \"ProductSize\"."); column: None; hint: None }); transient: false })
ERROR,0126-7898654422605,,,,,
Invalid `prisma.product.delete()` invocation in
C:\Users\sport\TenisCash\scripts\cleanup-meta-esportes-duplicates.js:158:34

  155   }
  156 }
  157 // 4. Deleta o produto meta (ProductSize cai em cascade conforme schema)
→ 158 await prisma.product.delete(
Error occurred during query execution:
ConnectorError(ConnectorError { user_facing_error: None; kind: QueryError(PostgresError { code: "23001"; message: "update or delete on table \"Product\" violates RESTRICT setting of foreign key constraint \"ProductSize_productId_fkey\" on table \"ProductSize\""; severity: "ERROR"; detail: Some("Key (id)=(ee8035bb-e669-4b6e-8921-e17f7cac55ca) is referenced from table \"ProductSize\"."); column: None; hint: None }); transient: false })
ERROR,0126-7898654427815,,,,,
Invalid `prisma.product.delete()` invocation in
C:\Users\sport\TenisCash\scripts\cleanup-meta-esportes-duplicates.js:158:34

  155   }
  156 }
  157 // 4. Deleta o produto meta (ProductSize cai em cascade conforme schema)
→ 158 await prisma.product.delete(
Error occurred during query execution:
ConnectorError(ConnectorError { user_facing_error: None; kind: QueryError(PostgresError { code: "23001"; message: "update or delete on table \"Product\" violates RESTRICT setting of foreign key constraint \"ProductSize_productId_fkey\" on table \"ProductSize\""; severity: "ERROR"; detail: Some("Key (id)=(e55e0d96-f15c-4fb8-8c26-35a28cad927a) is referenced from table \"ProductSize\"."); column: None; hint: None }); transient: false })
ERROR,0126-7898654422636,,,,,
Invalid `prisma.product.delete()` invocation in
C:\Users\sport\TenisCash\scripts\cleanup-meta-esportes-duplicates.js:158:34

  155   }
  156 }
  157 // 4. Deleta o produto meta (ProductSize cai em cascade conforme schema)
→ 158 await prisma.product.delete(
Error occurred during query execution:
ConnectorError(ConnectorError { user_facing_error: None; kind: QueryError(PostgresError { code: "23001"; message: "update or delete on table \"Product\" violates RESTRICT setting of foreign key constraint \"ProductSize_productId_fkey\" on table \"ProductSize\""; severity: "ERROR"; detail: Some("Key (id)=(2acfafb3-7437-40a9-a10c-b63b4813e00d) is referenced from table \"ProductSize\"."); column: None; hint: None }); transient: false })
KEEP_NO_EAN,0126-7898654421097,POCHETE NEOPRENE PROGNE SPORTS - PRETO - UN,,,,
KEEP_NO_EAN,0126-7898654421141,POCHETE NEOPRENE SLIM PROGNE SPORTS - PRETO - UN,,,,
KEEP_NO_EAN,0126-7898654429833,COLETE PEITORAL COM BOLSOS PROGNE SPORTS - PRETO - �,,,,
ERROR,0126-7898654421660,,,,,
Invalid `prisma.product.delete()` invocation in
C:\Users\sport\TenisCash\scripts\cleanup-meta-esportes-duplicates.js:158:34

  155   }
  156 }
  157 // 4. Deleta o produto meta (ProductSize cai em cascade conforme schema)
→ 158 await prisma.product.delete(
Error occurred during query execution:
ConnectorError(ConnectorError { user_facing_error: None; kind: QueryError(PostgresError { code: "23001"; message: "update or delete on table \"Product\" violates RESTRICT setting of foreign key constraint \"ProductSize_productId_fkey\" on table \"ProductSize\""; severity: "ERROR"; detail: Some("Key (id)=(fb282806-243f-4654-b169-fe95ddeb57f6) is referenced from table \"ProductSize\"."); column: None; hint: None }); transient: false })
ERROR,0126-7898654421707,,,,,
Invalid `prisma.product.delete()` invocation in
C:\Users\sport\TenisCash\scripts\cleanup-meta-esportes-duplicates.js:158:34

  155   }
  156 }
  157 // 4. Deleta o produto meta (ProductSize cai em cascade conforme schema)
→ 158 await prisma.product.delete(
Error occurred during query execution:
ConnectorError(ConnectorError { user_facing_error: None; kind: QueryError(PostgresError { code: "23001"; message: "update or delete on table \"Product\" violates RESTRICT setting of foreign key constraint \"ProductSize_productId_fkey\" on table \"ProductSize\""; severity: "ERROR"; detail: Some("Key (id)=(d01f4121-d70f-4fad-b037-649346349456) is referenced from table \"ProductSize\"."); column: None; hint: None }); transient: false })
ERROR,0126-7898654421264,,,,,
Invalid `prisma.product.delete()` invocation in
C:\Users\sport\TenisCash\scripts\cleanup-meta-esportes-duplicates.js:158:34

  155   }
  156 }
  157 // 4. Deleta o produto meta (ProductSize cai em cascade conforme schema)
→ 158 await prisma.product.delete(
Error occurred during query execution:
ConnectorError(ConnectorError { user_facing_error: None; kind: QueryError(PostgresError { code: "23001"; message: "update or delete on table \"Product\" violates RESTRICT setting of foreign key constraint \"ProductSize_productId_fkey\" on table \"ProductSize\""; severity: "ERROR"; detail: Some("Key (id)=(16ef6418-fda7-4c30-aef9-b05108601fcf) is referenced from table \"ProductSize\"."); column: None; hint: None }); transient: false })
ERROR,0126-7898654421301,,,,,
Invalid `prisma.product.delete()` invocation in
C:\Users\sport\TenisCash\scripts\cleanup-meta-esportes-duplicates.js:158:34

  155   }
  156 }
  157 // 4. Deleta o produto meta (ProductSize cai em cascade conforme schema)
→ 158 await prisma.product.delete(
Error occurred during query execution:
ConnectorError(ConnectorError { user_facing_error: None; kind: QueryError(PostgresError { code: "23001"; message: "update or delete on table \"Product\" violates RESTRICT setting of foreign key constraint \"ProductSize_productId_fkey\" on table \"ProductSize\""; severity: "ERROR"; detail: Some("Key (id)=(bd873512-16e1-42f1-9c57-af3b8dc3be8b) is referenced from table \"ProductSize\"."); column: None; hint: None }); transient: false })
ERROR,0126-7898654421349,,,,,
Invalid `prisma.product.delete()` invocation in
C:\Users\sport\TenisCash\scripts\cleanup-meta-esportes-duplicates.js:158:34

  155   }
  156 }
  157 // 4. Deleta o produto meta (ProductSize cai em cascade conforme schema)
→ 158 await prisma.product.delete(
Error occurred during query execution:
ConnectorError(ConnectorError { user_facing_error: None; kind: QueryError(PostgresError { code: "23001"; message: "update or delete on table \"Product\" violates RESTRICT setting of foreign key constraint \"ProductSize_productId_fkey\" on table \"ProductSize\""; severity: "ERROR"; detail: Some("Key (id)=(5553bd32-c67d-471b-a214-87e201d78dac) is referenced from table \"ProductSize\"."); column: None; hint: None }); transient: false })
ERROR,0126-7898654421387,,,,,
Invalid `prisma.product.delete()` invocation in
C:\Users\sport\TenisCash\scripts\cleanup-meta-esportes-duplicates.js:158:34

  155   }
  156 }
  157 // 4. Deleta o produto meta (ProductSize cai em cascade conforme schema)
→ 158 await prisma.product.delete(
Error occurred during query execution:
ConnectorError(ConnectorError { user_facing_error: None; kind: QueryError(PostgresError { code: "23001"; message: "update or delete on table \"Product\" violates RESTRICT setting of foreign key constraint \"ProductSize_productId_fkey\" on table \"ProductSize\""; severity: "ERROR"; detail: Some("Key (id)=(f0a27bf8-e1a7-436f-bca7-d6a83c7984bd) is referenced from table \"ProductSize\"."); column: None; hint: None }); transient: false })
ERROR,0126-7898654426856,,,,,
Invalid `prisma.product.delete()` invocation in
C:\Users\sport\TenisCash\scripts\cleanup-meta-esportes-duplicates.js:158:34

  155   }
  156 }
  157 // 4. Deleta o produto meta (ProductSize cai em cascade conforme schema)
→ 158 await prisma.product.delete(
Error occurred during query execution:
ConnectorError(ConnectorError { user_facing_error: None; kind: QueryError(PostgresError { code: "23001"; message: "update or delete on table \"Product\" violates RESTRICT setting of foreign key constraint \"ProductSize_productId_fkey\" on table \"ProductSize\""; severity: "ERROR"; detail: Some("Key (id)=(d9a4f0cc-dd41-4412-9fa1-43cfcf22208b) is referenced from table \"ProductSize\"."); column: None; hint: None }); transient: false })
ERROR,0126-7898654427181,,,,,
Invalid `prisma.product.delete()` invocation in
C:\Users\sport\TenisCash\scripts\cleanup-meta-esportes-duplicates.js:158:34

  155   }
  156 }
  157 // 4. Deleta o produto meta (ProductSize cai em cascade conforme schema)
→ 158 await prisma.product.delete(
Error occurred during query execution:
ConnectorError(ConnectorError { user_facing_error: None; kind: QueryError(PostgresError { code: "23001"; message: "update or delete on table \"Product\" violates RESTRICT setting of foreign key constraint \"ProductSize_productId_fkey\" on table \"ProductSize\""; severity: "ERROR"; detail: Some("Key (id)=(11567517-2b43-40a3-9f99-73649060fb12) is referenced from table \"ProductSize\"."); column: None; hint: None }); transient: false })
ERROR,0126-7898654428492,,,,,
Invalid `prisma.product.delete()` invocation in
C:\Users\sport\TenisCash\scripts\cleanup-meta-esportes-duplicates.js:158:34

  155   }
  156 }
  157 // 4. Deleta o produto meta (ProductSize cai em cascade conforme schema)
→ 158 await prisma.product.delete(
Error occurred during query execution:
ConnectorError(ConnectorError { user_facing_error: None; kind: QueryError(PostgresError { code: "23001"; message: "update or delete on table \"Product\" violates RESTRICT setting of foreign key constraint \"ProductSize_productId_fkey\" on table \"ProductSize\""; severity: "ERROR"; detail: Some("Key (id)=(145ff2b7-46e2-4a5a-af3b-9df76ad91719) is referenced from table \"ProductSize\"."); column: None; hint: None }); transient: false })
ERROR,0126-7898654428591,,,,,
Invalid `prisma.product.delete()` invocation in
C:\Users\sport\TenisCash\scripts\cleanup-meta-esportes-duplicates.js:158:34

  155   }
  156 }
  157 // 4. Deleta o produto meta (ProductSize cai em cascade conforme schema)
→ 158 await prisma.product.delete(
Error occurred during query execution:
ConnectorError(ConnectorError { user_facing_error: None; kind: QueryError(PostgresError { code: "23001"; message: "update or delete on table \"Product\" violates RESTRICT setting of foreign key constraint \"ProductSize_productId_fkey\" on table \"ProductSize\""; severity: "ERROR"; detail: Some("Key (id)=(8e85343f-147f-4030-8bcf-cb401705ea7e) is referenced from table \"ProductSize\"."); column: None; hint: None }); transient: false })
ERROR,0126-7898654428195,,,,,
Invalid `prisma.product.delete()` invocation in
C:\Users\sport\TenisCash\scripts\cleanup-meta-esportes-duplicates.js:158:34

  155   }
  156 }
  157 // 4. Deleta o produto meta (ProductSize cai em cascade conforme schema)
→ 158 await prisma.product.delete(
Error occurred during query execution:
ConnectorError(ConnectorError { user_facing_error: None; kind: QueryError(PostgresError { code: "23001"; message: "update or delete on table \"Product\" violates RESTRICT setting of foreign key constraint \"ProductSize_productId_fkey\" on table \"ProductSize\""; severity: "ERROR"; detail: Some("Key (id)=(3ba3066d-dd31-42e3-939f-163244a98ad6) is referenced from table \"ProductSize\"."); column: None; hint: None }); transient: false })
ERROR,0126-7898654428249,,,,,
Invalid `prisma.product.delete()` invocation in
C:\Users\sport\TenisCash\scripts\cleanup-meta-esportes-duplicates.js:158:34

  155   }
  156 }
  157 // 4. Deleta o produto meta (ProductSize cai em cascade conforme schema)
→ 158 await prisma.product.delete(
Error occurred during query execution:
ConnectorError(ConnectorError { user_facing_error: None; kind: QueryError(PostgresError { code: "23001"; message: "update or delete on table \"Product\" violates RESTRICT setting of foreign key constraint \"ProductSize_productId_fkey\" on table \"ProductSize\""; severity: "ERROR"; detail: Some("Key (id)=(5c2c9867-8616-4eca-85ee-3cdda4b172fe) is referenced from table \"ProductSize\"."); column: None; hint: None }); transient: false })
ERROR,0126-7898654428294,,,,,
Invalid `prisma.product.delete()` invocation in
C:\Users\sport\TenisCash\scripts\cleanup-meta-esportes-duplicates.js:158:34

  155   }
  156 }
  157 // 4. Deleta o produto meta (ProductSize cai em cascade conforme schema)
→ 158 await prisma.product.delete(
Error occurred during query execution:
ConnectorError(ConnectorError { user_facing_error: None; kind: QueryError(PostgresError { code: "23001"; message: "update or delete on table \"Product\" violates RESTRICT setting of foreign key constraint \"ProductSize_productId_fkey\" on table \"ProductSize\""; severity: "ERROR"; detail: Some("Key (id)=(37413c7e-25f6-410d-84ce-972bf0cf9078) is referenced from table \"ProductSize\"."); column: None; hint: None }); transient: false })
ERROR,0126-7898654428393,,,,,
Invalid `prisma.product.delete()` invocation in
C:\Users\sport\TenisCash\scripts\cleanup-meta-esportes-duplicates.js:158:34

  155   }
  156 }
  157 // 4. Deleta o produto meta (ProductSize cai em cascade conforme schema)
→ 158 await prisma.product.delete(
Error occurred during query execution:
ConnectorError(ConnectorError { user_facing_error: None; kind: QueryError(PostgresError { code: "23001"; message: "update or delete on table \"Product\" violates RESTRICT setting of foreign key constraint \"ProductSize_productId_fkey\" on table \"ProductSize\""; severity: "ERROR"; detail: Some("Key (id)=(5d296552-aa76-4853-aa5e-d123037413bc) is referenced from table \"ProductSize\"."); column: None; hint: None }); transient: false })
ERROR,0126-7898654428447,,,,,
Invalid `prisma.product.delete()` invocation in
C:\Users\sport\TenisCash\scripts\cleanup-meta-esportes-duplicates.js:158:34

  155   }
  156 }
  157 // 4. Deleta o produto meta (ProductSize cai em cascade conforme schema)
→ 158 await prisma.product.delete(
Error occurred during query execution:
ConnectorError(ConnectorError { user_facing_error: None; kind: QueryError(PostgresError { code: "23001"; message: "update or delete on table \"Product\" violates RESTRICT setting of foreign key constraint \"ProductSize_productId_fkey\" on table \"ProductSize\""; severity: "ERROR"; detail: Some("Key (id)=(9dab6572-1547-4de5-8614-20729d17ff00) is referenced from table \"ProductSize\"."); column: None; hint: None }); transient: false })
ERROR,0126-7898654429680,,,,,
Invalid `prisma.product.delete()` invocation in
C:\Users\sport\TenisCash\scripts\cleanup-meta-esportes-duplicates.js:158:34

  155   }
  156 }
  157 // 4. Deleta o produto meta (ProductSize cai em cascade conforme schema)
→ 158 await prisma.product.delete(
Error occurred during query execution:
ConnectorError(ConnectorError { user_facing_error: None; kind: QueryError(PostgresError { code: "23001"; message: "update or delete on table \"Product\" violates RESTRICT setting of foreign key constraint \"ProductSize_productId_fkey\" on table \"ProductSize\""; severity: "ERROR"; detail: Some("Key (id)=(d9e4b5e2-ba64-4292-b1c0-170f04bb60f4) is referenced from table \"ProductSize\"."); column: None; hint: None }); transient: false })
ERROR,0126-7898654429734,,,,,
Invalid `prisma.product.delete()` invocation in
C:\Users\sport\TenisCash\scripts\cleanup-meta-esportes-duplicates.js:158:34

  155   }
  156 }
  157 // 4. Deleta o produto meta (ProductSize cai em cascade conforme schema)
→ 158 await prisma.product.delete(
Error occurred during query execution:
ConnectorError(ConnectorError { user_facing_error: None; kind: QueryError(PostgresError { code: "23001"; message: "update or delete on table \"Product\" violates RESTRICT setting of foreign key constraint \"ProductSize_productId_fkey\" on table \"ProductSize\""; severity: "ERROR"; detail: Some("Key (id)=(b5d6e164-6bc4-4bec-a6db-98d18ca66984) is referenced from table \"ProductSize\"."); column: None; hint: None }); transient: false })
ERROR,0126-7898654429789,,,,,
Invalid `prisma.product.delete()` invocation in
C:\Users\sport\TenisCash\scripts\cleanup-meta-esportes-duplicates.js:158:34

  155   }
  156 }
  157 // 4. Deleta o produto meta (ProductSize cai em cascade conforme schema)
→ 158 await prisma.product.delete(
Error occurred during query execution:
ConnectorError(ConnectorError { user_facing_error: None; kind: QueryError(PostgresError { code: "23001"; message: "update or delete on table \"Product\" violates RESTRICT setting of foreign key constraint \"ProductSize_productId_fkey\" on table \"ProductSize\""; severity: "ERROR"; detail: Some("Key (id)=(4ae0e3c2-91eb-4302-ae71-0283e65da80e) is referenced from table \"ProductSize\"."); column: None; hint: None }); transient: false })
KEEP_NO_EAN,0126-4061617834873,CLUB C 85 VINTAGETE,,,,
KEEP_NO_EAN,0126-3587,GO RUN TRAIL ALTITUDE 2.0-MAR,,,,
KEEP_NO_EAN,0126-7908796705747,REEBOK STREETRIDETE,,,,
KEEP_NO_EAN,0126-7909943691937,F01L00207-TENIS FILA ACD CLASSIC MASCULINO-CRM/JNBG/PTO-6652-TAM:37,,,,
KEEP_NO_EAN,0126-7909943691951,F01L00207-TENIS FILA ACD CLASSIC MASCULINO-CRM/JNBG/PTO-6652-TAM:38,,,,
KEEP_NO_EAN,0126-7909943691968,F01L00207-TENIS FILA ACD CLASSIC MASCULINO-CRM/JNBG/PTO-6652-TAM:39,,,,
KEEP_NO_EAN,0126-7909943691982,F01L00207-TENIS FILA ACD CLASSIC MASCULINO-CRM/JNBG/PTO-6652-TAM:40,,,,
KEEP_NO_EAN,0126-7909943692002,F01L00207-TENIS FILA ACD CLASSIC MASCULINO-CRM/JNBG/PTO-6652-TAM:41,,,,
KEEP_NO_EAN,0126-7909943692019,F01L00207-TENIS FILA ACD CLASSIC MASCULINO-CRM/JNBG/PTO-6652-TAM:42,,,,
KEEP_NO_EAN,0126-7909943692033,F01L00207-TENIS FILA ACD CLASSIC MASCULINO-CRM/JNBG/PTO-6652-TAM:43,,,,
KEEP_NO_EAN,0126-7909943692057,F01L00207-TENIS FILA ACD CLASSIC MASCULINO-CRM/JNBG/PTO-6652-TAM:44,,,,
KEEP_NO_EAN,0126-7909943271696,F01L00207-TENIS FILA ACD CLASSIC MASCULINO-BCO/PTO-980-TAM:37,,,,
KEEP_NO_EAN,0126-7909943271719,F01L00207-TENIS FILA ACD CLASSIC MASCULINO-BCO/PTO-980-TAM:38,,,,
KEEP_NO_EAN,0126-7909943271726,F01L00207-TENIS FILA ACD CLASSIC MASCULINO-BCO/PTO-980-TAM:39,,,,
KEEP_NO_EAN,0126-7909943271740,F01L00207-TENIS FILA ACD CLASSIC MASCULINO-BCO/PTO-980-TAM:40,,,,
KEEP_NO_EAN,0126-7909943271764,F01L00207-TENIS FILA ACD CLASSIC MASCULINO-BCO/PTO-980-TAM:41,,,,
KEEP_NO_EAN,0126-7909943271771,F01L00207-TENIS FILA ACD CLASSIC MASCULINO-BCO/PTO-980-TAM:42,,,,
KEEP_NO_EAN,0126-7909943271795,F01L00207-TENIS FILA ACD CLASSIC MASCULINO-BCO/PTO-980-TAM:43,,,,
KEEP_NO_EAN,0126-7909943271818,F01L00207-TENIS FILA ACD CLASSIC MASCULINO-BCO/PTO-980-TAM:44,,,,
KEEP_NO_EAN,0126-7909943470242,F01L00258-TENIS FILA RENNO CLASSIC MASCULINO-PTO/GRF-972-TAM:39,,,,
KEEP_NO_EAN,0126-7909943470266,F01L00258-TENIS FILA RENNO CLASSIC MASCULINO-PTO/GRF-972-TAM:40,,,,
KEEP_NO_EAN,0126-7909943470280,F01L00258-TENIS FILA RENNO CLASSIC MASCULINO-PTO/GRF-972-TAM:41,,,,
KEEP_NO_EAN,0126-7909943470297,F01L00258-TENIS FILA RENNO CLASSIC MASCULINO-PTO/GRF-972-TAM:42,,,,
KEEP_NO_EAN,0126-7909943920174,F01L00374-TENIS FILA DAILY MASCULINO-PTO/BCO-001-TAM:37,,,,
KEEP_NO_EAN,0126-7909943920198,F01L00374-TENIS FILA DAILY MASCULINO-PTO/BCO-001-TAM:38,,,,
KEEP_NO_EAN,0126-7909943920204,F01L00374-TENIS FILA DAILY MASCULINO-PTO/BCO-001-TAM:39,,,,
KEEP_NO_EAN,0126-7909943920228,F01L00374-TENIS FILA DAILY MASCULINO-PTO/BCO-001-TAM:40,,,,
KEEP_NO_EAN,0126-7909943920242,F01L00374-TENIS FILA DAILY MASCULINO-PTO/BCO-001-TAM:41,,,,
KEEP_NO_EAN,0126-7909943920259,F01L00374-TENIS FILA DAILY MASCULINO-PTO/BCO-001-TAM:42,,,,
KEEP_NO_EAN,0126-7909943920273,F01L00374-TENIS FILA DAILY MASCULINO-PTO/BCO-001-TAM:43,,,,
KEEP_NO_EAN,0126-7909943920297,F01L00374-TENIS FILA DAILY MASCULINO-PTO/BCO-001-TAM:44,,,,
KEEP_NO_EAN,0126-7909943920457,F01L00374-TENIS FILA DAILY MASCULINO-BCO/VERA-6940-TAM:37,,,,
KEEP_NO_EAN,0126-7909943920471,F01L00374-TENIS FILA DAILY MASCULINO-BCO/VERA-6940-TAM:38,,,,
KEEP_NO_EAN,0126-7909943920488,F01L00374-TENIS FILA DAILY MASCULINO-BCO/VERA-6940-TAM:39,,,,
KEEP_NO_EAN,0126-7909943920501,F01L00374-TENIS FILA DAILY MASCULINO-BCO/VERA-6940-TAM:40,,,,
KEEP_NO_EAN,0126-7909943920525,F01L00374-TENIS FILA DAILY MASCULINO-BCO/VERA-6940-TAM:41,,,,
KEEP_NO_EAN,0126-7909943920532,F01L00374-TENIS FILA DAILY MASCULINO-BCO/VERA-6940-TAM:42,,,,
KEEP_NO_EAN,0126-7909943920556,F01L00374-TENIS FILA DAILY MASCULINO-BCO/VERA-6940-TAM:43,,,,
KEEP_NO_EAN,0126-7909943920570,F01L00374-TENIS FILA DAILY MASCULINO-BCO/VERA-6940-TAM:44,,,,
KEEP_NO_EAN,0126-7909943523344,F01R00098-TENIS FILA RACER T2 XTREME MASCULINO-VERM/BCO/LARJ-6551-TAM:39,,,,
KEEP_NO_EAN,0126-7909943523368,F01R00098-TENIS FILA RACER T2 XTREME MASCULINO-VERM/BCO/LARJ-6551-TAM:40,,,,
KEEP_NO_EAN,0126-7909943523382,F01R00098-TENIS FILA RACER T2 XTREME MASCULINO-VERM/BCO/LARJ-6551-TAM:41,,,,
KEEP_NO_EAN,0126-7909943523399,F01R00098-TENIS FILA RACER T2 XTREME MASCULINO-VERM/BCO/LARJ-6551-TAM:42,,,,
KEEP_NO_EAN,0126-7909943523412,F01R00098-TENIS FILA RACER T2 XTREME MASCULINO-VERM/BCO/LARJ-6551-TAM:43,,,,
KEEP_NO_EAN,0126-7909943523337,F01R00098-TENIS FILA RACER T2 XTREME MASCULINO-VERM/BCO/LARJ-6551-TAM:38,,,,
KEEP_NO_EAN,0126-7909943791132,F01R00098-TENIS FILA RACER T2 XTREME MASCULINO-BCO/AZRX/VERM-6780-TAM:37,,,,
KEEP_NO_EAN,0126-7909943791156,F01R00098-TENIS FILA RACER T2 XTREME MASCULINO-BCO/AZRX/VERM-6780-TAM:38,,,,
KEEP_NO_EAN,0126-7909943791163,F01R00098-TENIS FILA RACER T2 XTREME MASCULINO-BCO/AZRX/VERM-6780-TAM:39,,,,
KEEP_NO_EAN,0126-7909943791187,F01R00098-TENIS FILA RACER T2 XTREME MASCULINO-BCO/AZRX/VERM-6780-TAM:40,,,,
KEEP_NO_EAN,0126-7909943791217,F01R00098-TENIS FILA RACER T2 XTREME MASCULINO-BCO/AZRX/VERM-6780-TAM:42,,,,
KEEP_NO_EAN,0126-7909943776344,F01R00116-TENIS FILA FLOAT MAXXI 2 PRO MASCULINO-MAR/CZ/VERM-6758-TAM:37,,,,
KEEP_NO_EAN,0126-7909943791200,F01R00098-TENIS FILA RACER T2 XTREME MASCULINO-BCO/AZRX/VERM-6780-TAM:41,,,,
KEEP_NO_EAN,0126-7909943776368,F01R00116-TENIS FILA FLOAT MAXXI 2 PRO MASCULINO-MAR/CZ/VERM-6758-TAM:38,,,,
KEEP_NO_EAN,0126-7909943776375,F01R00116-TENIS FILA FLOAT MAXXI 2 PRO MASCULINO-MAR/CZ/VERM-6758-TAM:39,,,,
KEEP_NO_EAN,0126-7909943776399,F01R00116-TENIS FILA FLOAT MAXXI 2 PRO MASCULINO-MAR/CZ/VERM-6758-TAM:40,,,,
KEEP_NO_EAN,0126-7909943776412,F01R00116-TENIS FILA FLOAT MAXXI 2 PRO MASCULINO-MAR/CZ/VERM-6758-TAM:41,,,,
KEEP_NO_EAN,0126-7909943776429,F01R00116-TENIS FILA FLOAT MAXXI 2 PRO MASCULINO-MAR/CZ/VERM-6758-TAM:42,,,,
KEEP_NO_EAN,0126-7909943781072,F01R00117-TENIS FILA FLOAT MAXXI 2 MASCULINO-GRFT/DORD-6761-TAM:39,,,,
KEEP_NO_EAN,0126-7909943781096,F01R00117-TENIS FILA FLOAT MAXXI 2 MASCULINO-GRFT/DORD-6761-TAM:40,,,,
KEEP_NO_EAN,0126-7909943781119,F01R00117-TENIS FILA FLOAT MAXXI 2 MASCULINO-GRFT/DORD-6761-TAM:41,,,,
KEEP_NO_EAN,0126-7909943781126,F01R00117-TENIS FILA FLOAT MAXXI 2 MASCULINO-GRFT/DORD-6761-TAM:42,,,,
KEEP_NO_EAN,0126-7909943506248,F01R00117-TENIS FILA FLOAT MAXXI 2 MASCULINO-AZUE/PRE/LARJ-6511-TAM:38,,,,
KEEP_NO_EAN,0126-7909943506255,F01R00117-TENIS FILA FLOAT MAXXI 2 MASCULINO-AZUE/PRE/LARJ-6511-TAM:39,,,,
KEEP_NO_EAN,0126-7909943506279,F01R00117-TENIS FILA FLOAT MAXXI 2 MASCULINO-AZUE/PRE/LARJ-6511-TAM:40,,,,
KEEP_NO_EAN,0126-7909943506293,F01R00117-TENIS FILA FLOAT MAXXI 2 MASCULINO-AZUE/PRE/LARJ-6511-TAM:41,,,,
KEEP_NO_EAN,0126-7909943506309,F01R00117-TENIS FILA FLOAT MAXXI 2 MASCULINO-AZUE/PRE/LARJ-6511-TAM:42,,,,
KEEP_NO_EAN,0126-7909943506323,F01R00117-TENIS FILA FLOAT MAXXI 2 MASCULINO-AZUE/PRE/LARJ-6511-TAM:43,,,,
KEEP_NO_EAN,0126-7909943782260,F01R00157-TENIS FILA MAXXIMUS MASCULINO-VRDL/PTO-4055-TAM:37,,,,
KEEP_NO_EAN,0126-7909943782284,F01R00157-TENIS FILA MAXXIMUS MASCULINO-VRDL/PTO-4055-TAM:38,,,,
KEEP_NO_EAN,0126-7909943782291,F01R00157-TENIS FILA MAXXIMUS MASCULINO-VRDL/PTO-4055-TAM:39,,,,
KEEP_NO_EAN,0126-7909943782314,F01R00157-TENIS FILA MAXXIMUS MASCULINO-VRDL/PTO-4055-TAM:40,,,,
KEEP_NO_EAN,0126-7909943782338,F01R00157-TENIS FILA MAXXIMUS MASCULINO-VRDL/PTO-4055-TAM:41,,,,
KEEP_NO_EAN,0126-7909943782345,F01R00157-TENIS FILA MAXXIMUS MASCULINO-VRDL/PTO-4055-TAM:42,,,,
KEEP_NO_EAN,0126-7909527801554,F01SD00007-CHINELO FILA DRIFTER STRIPES MASCULINO-MAR/BCO/VRM-465-TAM:37,,,,
KEEP_NO_EAN,0126-7909527801578,F01SD00007-CHINELO FILA DRIFTER STRIPES MASCULINO-MAR/BCO/VRM-465-TAM:38,,,,
KEEP_NO_EAN,0126-7909527801585,F01SD00007-CHINELO FILA DRIFTER STRIPES MASCULINO-MAR/BCO/VRM-465-TAM:39,,,,
KEEP_NO_EAN,0126-7909527801608,F01SD00007-CHINELO FILA DRIFTER STRIPES MASCULINO-MAR/BCO/VRM-465-TAM:40,,,,
KEEP_NO_EAN,0126-7909527801622,F01SD00007-CHINELO FILA DRIFTER STRIPES MASCULINO-MAR/BCO/VRM-465-TAM:41,,,,
KEEP_NO_EAN,0126-7909527801639,F01SD00007-CHINELO FILA DRIFTER STRIPES MASCULINO-MAR/BCO/VRM-465-TAM:42,,,,
KEEP_NO_EAN,0126-7909527801653,F01SD00007-CHINELO FILA DRIFTER STRIPES MASCULINO-MAR/BCO/VRM-465-TAM:43,,,,
KEEP_NO_EAN,0126-7909527801677,F01SD00007-CHINELO FILA DRIFTER STRIPES MASCULINO-MAR/BCO/VRM-465-TAM:44,,,,
KEEP_NO_EAN,0126-7909943777105,F02R00124-TENIS FILA FLOAT MAXXI 2 PRO FEMININO-AZB/AZ C/CZ G-6759-TAM:34,,,,
KEEP_NO_EAN,0126-7909943777112,F02R00124-TENIS FILA FLOAT MAXXI 2 PRO FEMININO-AZB/AZ C/CZ G-6759-TAM:35,,,,
KEEP_NO_EAN,0126-7909943777136,F02R00124-TENIS FILA FLOAT MAXXI 2 PRO FEMININO-AZB/AZ C/CZ G-6759-TAM:36,,,,
KEEP_NO_EAN,0126-7909943777143,F02R00124-TENIS FILA FLOAT MAXXI 2 PRO FEMININO-AZB/AZ C/CZ G-6759-TAM:37,,,,
KEEP_NO_EAN,0126-7909943777167,F02R00124-TENIS FILA FLOAT MAXXI 2 PRO FEMININO-AZB/AZ C/CZ G-6759-TAM:38,,,,
KEEP_NO_EAN,0126-7909943922505,F02R00124-TENIS FILA FLOAT MAXXI 2 PRO FEMININO-BCO/LARJ/VERM-6942-TAM:35,,,,
KEEP_NO_EAN,0126-7909943922529,F02R00124-TENIS FILA FLOAT MAXXI 2 PRO FEMININO-BCO/LARJ/VERM-6942-TAM:36,,,,
KEEP_NO_EAN,0126-7909943922536,F02R00124-TENIS FILA FLOAT MAXXI 2 PRO FEMININO-BCO/LARJ/VERM-6942-TAM:37,,,,
KEEP_NO_EAN,0126-7909943922550,F02R00124-TENIS FILA FLOAT MAXXI 2 PRO FEMININO-BCO/LARJ/VERM-6942-TAM:38,,,,
KEEP_NO_EAN,0126-7909943922765,F02R00125-TENIS FILA FLOAT MAXXI 2 FEMININO-BCO/LARJ/VERM-6942-TAM:35,,,,
KEEP_NO_EAN,0126-7909943922789,F02R00125-TENIS FILA FLOAT MAXXI 2 FEMININO-BCO/LARJ/VERM-6942-TAM:36,,,,
KEEP_NO_EAN,0126-7909943922796,F02R00125-TENIS FILA FLOAT MAXXI 2 FEMININO-BCO/LARJ/VERM-6942-TAM:37,,,,
KEEP_NO_EAN,0126-7909943922819,F02R00125-TENIS FILA FLOAT MAXXI 2 FEMININO-BCO/LARJ/VERM-6942-TAM:38,,,,
KEEP_NO_EAN,0126-7909526986986,U23TW014-MEIAO UNISEX UMBRO CLASSIC-VRD-555-TAM:39-43,,,,
KEEP_NO_EAN,0126-7909526986955,U23TW014-MEIAO UNISEX UMBRO CLASSIC-MAR-777-TAM:39-43,,,,
KEEP_NO_EAN,0126-7909526986979,U23TW014-MEIAO UNISEX UMBRO CLASSIC-VRM-444-TAM:39-43,,,,
KEEP_NO_EAN,0126-7909526986962,U23TW014-MEIAO UNISEX UMBRO CLASSIC-AZL-333-TAM:39-43,,,,
KEEP_NO_EAN,0126-7909526986931,U23TW014-MEIAO UNISEX UMBRO CLASSIC-BCO-222-TAM:39-43,,,,
KEEP_NO_EAN,0126-7909526991126,U27EQ031-CANELEIRA UMBRO JUVENIL UMBRO PROTECTION ST-PTO/DORD-292-TAM:U,,,,
KEEP_NO_EAN,0126-7893419702374,1013017-JOELHEIRA UNISEX UMBRO NEOPRENE-PTO/AZUL-351-TAM:P,,,,
KEEP_NO_EAN,0126-7893419702381,1013017-JOELHEIRA UNISEX UMBRO NEOPRENE-PTO/AZUL-351-TAM:M,,,,
KEEP_NO_EAN,0126-7893419702398,1013017-JOELHEIRA UNISEX UMBRO NEOPRENE-PTO/AZUL-351-TAM:G,,,,
KEEP_NO_EAN,0126-7893419702459,1013021-COTOVELEIRA NEOPRENE-PRETO/AZUL-351-TAM:P,,,,
KEEP_NO_EAN,0126-7893419702466,1013021-COTOVELEIRA NEOPRENE-PRETO/AZUL-351-TAM:M,,,,
KEEP_NO_EAN,0126-7893419702473,1013021-COTOVELEIRA NEOPRENE-PRETO/AZUL-351-TAM:G,,,,
KEEP_NO_EAN,0126-7893419703531,1013025-TORNOZELEIRA UNISEX UMBRO NEOPRENE-PTO/AZUL-351-TAM:P,,,,
KEEP_NO_EAN,0126-7893419703548,1013025-TORNOZELEIRA UNISEX UMBRO NEOPRENE-PTO/AZUL-351-TAM:M,,,,
KEEP_NO_EAN,0126-7893419703555,1013025-TORNOZELEIRA UNISEX UMBRO NEOPRENE-PTO/AZUL-351-TAM:G,,,,
KEEP_NO_EAN,0126-7909943329991,21381U-BOLA DE FUTSAL UMBRO SALA V LEAGUE-BCO/PTO/AZUL-MFT-TAM:4,,,,
KEEP_NO_EAN,0126-7909943643516,27169U-BOLA DE CAMPO UMBRO FUSE TRAINER-BCO/MAR/VRM-123-TAM:5,,,,
KEEP_NO_EAN,0126-7909943643110,27170U-BOLA DE CAMPO UMBRO ADAMANT FQ-BCO/PTO/PINK/MAIL-MTT-TAM:5,,,,
KEEP_NO_EAN,0126-7909526811684,U23EQ001-BOMBA UMBRO DUPLA ACAO-PTO/BCO-121-TAM:U,,,,
KEEP_NO_EAN,0126-7909943837632,U23EQ00137-BOLA DE SOCIETY UMBRO ATTACK-PTO/VRM-141-TAM:5,,,,
KEEP_NO_EAN,0126-7909943837618,U23EQ00153-BOLA DE SOCIETY UMBRO TECHNO-BCO/PRE/VRDL/AZL-216-TAM:5,,,,
KEEP_NO_EAN,0126-7909526811578,U23EQ016-CALIBRADOR UMBRO CANETA UMBRO-PTA/PTO-818-TAM:U,,,,
KEEP_NO_EAN,0126-7909526991096,U23EQ030-CANELEIRA UMBRO UNISEX UMBRO PROTECTION ST-PTO/DORD-292-TAM:U,,,,
KEEP_NO_EAN,0126-7909526990105,U23L00068-BOLSA UNISEX UMBRO DIAMOND TOP-PTO/BCO-121-TAM:U,,,,
KEEP_NO_EAN,0126-7890078725782,U23L00093-MOCHILA UNISEX UMBRO CHANGE THE WORLD-PTO-111-TAM:U,,,,
KEEP_NO_EAN,0126-7890078725799,U23L00093-MOCHILA UNISEX UMBRO CHANGE THE WORLD-AZL-333-TAM:U,,,,
KEEP_NO_EAN,0126-7894193844762,U23L00110-MOCHILA UNISEX UMBRO DIAMOND CAMO NEW-PTO-111-TAM:U,,,,
KEEP_NO_EAN,0126-7894193844939,U23L00110-MOCHILA UNISEX UMBRO DIAMOND CAMO NEW-PTO/BCO-121-TAM:U,,,,
KEEP_NO_EAN,0126-7899368105242,U23L00110-MOCHILA UNISEX UMBRO DIAMOND CAMO NEW-AZUL-333-TAM:U,,,,
KEEP_NO_EAN,0126-7909943042319,U23L00110-MOCHILA UNISEX UMBRO DIAMOND CAMO NEW-CNZ/PTO-818-TAM:U,,,,
KEEP_NO_EAN,0126-7909526986948,U23TW014-MEIAO UNISEX UMBRO CLASSIC-PTO-111-TAM:39-43,,,,
ERROR,0126-7909300602590,,,,,
Invalid `prisma.product.delete()` invocation in
C:\Users\sport\TenisCash\scripts\cleanup-meta-esportes-duplicates.js:158:34

  155   }
  156 }
  157 // 4. Deleta o produto meta (ProductSize cai em cascade conforme schema)
→ 158 await prisma.product.delete(
Error occurred during query execution:
ConnectorError(ConnectorError { user_facing_error: None; kind: QueryError(PostgresError { code: "23001"; message: "update or delete on table \"Product\" violates RESTRICT setting of foreign key constraint \"ProductSize_productId_fkey\" on table \"ProductSize\""; severity: "ERROR"; detail: Some("Key (id)=(b079c8f5-9f39-471e-ac40-03a6d1393733) is referenced from table \"ProductSize\"."); column: None; hint: None }); transient: false })
ERROR,0126-7909300600060,,,,,
Invalid `prisma.product.delete()` invocation in
C:\Users\sport\TenisCash\scripts\cleanup-meta-esportes-duplicates.js:158:34

  155   }
  156 }
  157 // 4. Deleta o produto meta (ProductSize cai em cascade conforme schema)
→ 158 await prisma.product.delete(
Error occurred during query execution:
ConnectorError(ConnectorError { user_facing_error: None; kind: QueryError(PostgresError { code: "23001"; message: "update or delete on table \"Product\" violates RESTRICT setting of foreign key constraint \"ProductSize_productId_fkey\" on table \"ProductSize\""; severity: "ERROR"; detail: Some("Key (id)=(e3e16698-64b2-47d3-ab6d-b09305df7052) is referenced from table \"ProductSize\"."); column: None; hint: None }); transient: false })
ERROR,0126-7909300623144,,,,,
Invalid `prisma.product.delete()` invocation in
C:\Users\sport\TenisCash\scripts\cleanup-meta-esportes-duplicates.js:158:34

  155   }
  156 }
  157 // 4. Deleta o produto meta (ProductSize cai em cascade conforme schema)
→ 158 await prisma.product.delete(
Error occurred during query execution:
ConnectorError(ConnectorError { user_facing_error: None; kind: QueryError(PostgresError { code: "23001"; message: "update or delete on table \"Product\" violates RESTRICT setting of foreign key constraint \"ProductSize_productId_fkey\" on table \"ProductSize\""; severity: "ERROR"; detail: Some("Key (id)=(df9242dc-5e42-4ff7-9711-99bacd01a166) is referenced from table \"ProductSize\"."); column: None; hint: None }); transient: false })
ERROR,0126-7909300600152,,,,,
Invalid `prisma.product.delete()` invocation in
C:\Users\sport\TenisCash\scripts\cleanup-meta-esportes-duplicates.js:158:34

  155   }
  156 }
  157 // 4. Deleta o produto meta (ProductSize cai em cascade conforme schema)
→ 158 await prisma.product.delete(
Error occurred during query execution:
ConnectorError(ConnectorError { user_facing_error: None; kind: QueryError(PostgresError { code: "23001"; message: "update or delete on table \"Product\" violates RESTRICT setting of foreign key constraint \"ProductSize_productId_fkey\" on table \"ProductSize\""; severity: "ERROR"; detail: Some("Key (id)=(753e642d-e01f-4cda-9197-c67312e73618) is referenced from table \"ProductSize\"."); column: None; hint: None }); transient: false })
ERROR,0126-7909300604013,,,,,
Invalid `prisma.product.delete()` invocation in
C:\Users\sport\TenisCash\scripts\cleanup-meta-esportes-duplicates.js:158:34

  155   }
  156 }
  157 // 4. Deleta o produto meta (ProductSize cai em cascade conforme schema)
→ 158 await prisma.product.delete(
Error occurred during query execution:
ConnectorError(ConnectorError { user_facing_error: None; kind: QueryError(PostgresError { code: "23001"; message: "update or delete on table \"Product\" violates RESTRICT setting of foreign key constraint \"ProductSize_productId_fkey\" on table \"ProductSize\""; severity: "ERROR"; detail: Some("Key (id)=(a682f8a3-8a41-4406-b52a-f57ba4477bbd) is referenced from table \"ProductSize\"."); column: None; hint: None }); transient: false })
ERROR,0126-7909300604044,,,,,
Invalid `prisma.product.delete()` invocation in
C:\Users\sport\TenisCash\scripts\cleanup-meta-esportes-duplicates.js:158:34

  155   }
  156 }
  157 // 4. Deleta o produto meta (ProductSize cai em cascade conforme schema)
→ 158 await prisma.product.delete(
Error occurred during query execution:
ConnectorError(ConnectorError { user_facing_error: None; kind: QueryError(PostgresError { code: "23001"; message: "update or delete on table \"Product\" violates RESTRICT setting of foreign key constraint \"ProductSize_productId_fkey\" on table \"ProductSize\""; severity: "ERROR"; detail: Some("Key (id)=(65a77893-f3d2-4ab5-a43e-5e359c2f815d) is referenced from table \"ProductSize\"."); column: None; hint: None }); transient: false })
ERROR,0126-7909300604112,,,,,
Invalid `prisma.product.delete()` invocation in
C:\Users\sport\TenisCash\scripts\cleanup-meta-esportes-duplicates.js:158:34

  155   }
  156 }
  157 // 4. Deleta o produto meta (ProductSize cai em cascade conforme schema)
→ 158 await prisma.product.delete(
Error occurred during query execution:
ConnectorError(ConnectorError { user_facing_error: None; kind: QueryError(PostgresError { code: "23001"; message: "update or delete on table \"Product\" violates RESTRICT setting of foreign key constraint \"ProductSize_productId_fkey\" on table \"ProductSize\""; severity: "ERROR"; detail: Some("Key (id)=(53c0b456-1adf-414c-b177-2378aeaff51d) is referenced from table \"ProductSize\"."); column: None; hint: None }); transient: false })
ERROR,0126-7909300601586,,,,,
Invalid `prisma.product.delete()` invocation in
C:\Users\sport\TenisCash\scripts\cleanup-meta-esportes-duplicates.js:158:34

  155   }
  156 }
  157 // 4. Deleta o produto meta (ProductSize cai em cascade conforme schema)
→ 158 await prisma.product.delete(
Error occurred during query execution:
ConnectorError(ConnectorError { user_facing_error: None; kind: QueryError(PostgresError { code: "23001"; message: "update or delete on table \"Product\" violates RESTRICT setting of foreign key constraint \"ProductSize_productId_fkey\" on table \"ProductSize\""; severity: "ERROR"; detail: Some("Key (id)=(32e434b0-fe17-4453-800a-7ce433c49e12) is referenced from table \"ProductSize\"."); column: None; hint: None }); transient: false })
ERROR,0126-7909300601623,,,,,
Invalid `prisma.product.delete()` invocation in
C:\Users\sport\TenisCash\scripts\cleanup-meta-esportes-duplicates.js:158:34

  155   }
  156 }
  157 // 4. Deleta o produto meta (ProductSize cai em cascade conforme schema)
→ 158 await prisma.product.delete(
Error occurred during query execution:
ConnectorError(ConnectorError { user_facing_error: None; kind: QueryError(PostgresError { code: "23001"; message: "update or delete on table \"Product\" violates RESTRICT setting of foreign key constraint \"ProductSize_productId_fkey\" on table \"ProductSize\""; severity: "ERROR"; detail: Some("Key (id)=(7d521660-23a8-41d2-a055-85877c194097) is referenced from table \"ProductSize\"."); column: None; hint: None }); transient: false })
ERROR,0126-7909300627340,,,,,
Invalid `prisma.product.delete()` invocation in
C:\Users\sport\TenisCash\scripts\cleanup-meta-esportes-duplicates.js:158:34

  155   }
  156 }
  157 // 4. Deleta o produto meta (ProductSize cai em cascade conforme schema)
→ 158 await prisma.product.delete(
Error occurred during query execution:
ConnectorError(ConnectorError { user_facing_error: None; kind: QueryError(PostgresError { code: "23001"; message: "update or delete on table \"Product\" violates RESTRICT setting of foreign key constraint \"ProductSize_productId_fkey\" on table \"ProductSize\""; severity: "ERROR"; detail: Some("Key (id)=(e846ddb2-2464-47e1-ab35-84da0ab4f1d2) is referenced from table \"ProductSize\"."); column: None; hint: None }); transient: false })
KEEP_NO_EAN,0126-7909300627371,CALCA LEGGING DUNA - AZUL NOITE - EG,,,,
ERROR,0126-7909300601661,,,,,
Invalid `prisma.product.delete()` invocation in
C:\Users\sport\TenisCash\scripts\cleanup-meta-esportes-duplicates.js:158:34

  155   }
  156 }
  157 // 4. Deleta o produto meta (ProductSize cai em cascade conforme schema)
→ 158 await prisma.product.delete(
Error occurred during query execution:
ConnectorError(ConnectorError { user_facing_error: None; kind: QueryError(PostgresError { code: "23001"; message: "update or delete on table \"Product\" violates RESTRICT setting of foreign key constraint \"ProductSize_productId_fkey\" on table \"ProductSize\""; severity: "ERROR"; detail: Some("Key (id)=(f7268b54-a969-474e-b94a-c63f5aae0014) is referenced from table \"ProductSize\"."); column: None; hint: None }); transient: false })
ERROR,0126-7909300624509,,,,,
Invalid `prisma.product.delete()` invocation in
C:\Users\sport\TenisCash\scripts\cleanup-meta-esportes-duplicates.js:158:34

  155   }
  156 }
  157 // 4. Deleta o produto meta (ProductSize cai em cascade conforme schema)
→ 158 await prisma.product.delete(
Error occurred during query execution:
ConnectorError(ConnectorError { user_facing_error: None; kind: QueryError(PostgresError { code: "23001"; message: "update or delete on table \"Product\" violates RESTRICT setting of foreign key constraint \"ProductSize_productId_fkey\" on table \"ProductSize\""; severity: "ERROR"; detail: Some("Key (id)=(b9b9c47c-ba19-4521-b8d1-2d9140fda16f) is referenced from table \"ProductSize\"."); column: None; hint: None }); transient: false })
ERROR,0126-7900132294915,,,,,
Invalid `prisma.product.delete()` invocation in
C:\Users\sport\TenisCash\scripts\cleanup-meta-esportes-duplicates.js:158:34

  155   }
  156 }
  157 // 4. Deleta o produto meta (ProductSize cai em cascade conforme schema)
→ 158 await prisma.product.delete(
Error occurred during query execution:
ConnectorError(ConnectorError { user_facing_error: None; kind: QueryError(PostgresError { code: "23001"; message: "update or delete on table \"Product\" violates RESTRICT setting of foreign key constraint \"ProductSize_productId_fkey\" on table \"ProductSize\""; severity: "ERROR"; detail: Some("Key (id)=(c82e6d1d-c1a8-433f-9818-67fc756a3491) is referenced from table \"ProductSize\"."); column: None; hint: None }); transient: false })
ERROR,0126-7900132869618,,,,,
Invalid `prisma.product.delete()` invocation in
C:\Users\sport\TenisCash\scripts\cleanup-meta-esportes-duplicates.js:158:34

  155   }
  156 }
  157 // 4. Deleta o produto meta (ProductSize cai em cascade conforme schema)
→ 158 await prisma.product.delete(
Error occurred during query execution:
ConnectorError(ConnectorError { user_facing_error: None; kind: QueryError(PostgresError { code: "23001"; message: "update or delete on table \"Product\" violates RESTRICT setting of foreign key constraint \"ProductSize_productId_fkey\" on table \"ProductSize\""; severity: "ERROR"; detail: Some("Key (id)=(7fc1300a-994e-4cfe-9b06-3ebfb3533c74) is referenced from table \"ProductSize\"."); column: None; hint: None }); transient: false })
ERROR,0126-7900132242473,,,,,
Invalid `prisma.product.delete()` invocation in
C:\Users\sport\TenisCash\scripts\cleanup-meta-esportes-duplicates.js:158:34

  155   }
  156 }
  157 // 4. Deleta o produto meta (ProductSize cai em cascade conforme schema)
→ 158 await prisma.product.delete(
Error occurred during query execution:
ConnectorError(ConnectorError { user_facing_error: None; kind: QueryError(PostgresError { code: "23001"; message: "update or delete on table \"Product\" violates RESTRICT setting of foreign key constraint \"ProductSize_productId_fkey\" on table \"ProductSize\""; severity: "ERROR"; detail: Some("Key (id)=(1dbf3bdd-0421-458e-b4b7-010427d45fd4) is referenced from table \"ProductSize\"."); column: None; hint: None }); transient: false })
KEEP_UNIQUE_EAN,0126-7900132320423,TENIS KOLOSH TELA 2764 WHITE,7900132203054,,,
ERROR,0126-7909960863621,,,,,
Invalid `prisma.product.delete()` invocation in
C:\Users\sport\TenisCash\scripts\cleanup-meta-esportes-duplicates.js:158:34

  155   }
  156 }
  157 // 4. Deleta o produto meta (ProductSize cai em cascade conforme schema)
→ 158 await prisma.product.delete(
Error occurred during query execution:
ConnectorError(ConnectorError { user_facing_error: None; kind: QueryError(PostgresError { code: "23001"; message: "update or delete on table \"Product\" violates RESTRICT setting of foreign key constraint \"ProductSize_productId_fkey\" on table \"ProductSize\""; severity: "ERROR"; detail: Some("Key (id)=(b5b9ee7c-c927-4a3b-b442-0dd333de4de5) is referenced from table \"ProductSize\"."); column: None; hint: None }); transient: false })
ERROR,0126-7900132810306,,,,,
Invalid `prisma.product.delete()` invocation in
C:\Users\sport\TenisCash\scripts\cleanup-meta-esportes-duplicates.js:158:34

  155   }
  156 }
  157 // 4. Deleta o produto meta (ProductSize cai em cascade conforme schema)
→ 158 await prisma.product.delete(
Error occurred during query execution:
ConnectorError(ConnectorError { user_facing_error: None; kind: QueryError(PostgresError { code: "23001"; message: "update or delete on table \"Product\" violates RESTRICT setting of foreign key constraint \"ProductSize_productId_fkey\" on table \"ProductSize\""; severity: "ERROR"; detail: Some("Key (id)=(76ab8094-3a01-471a-a4d3-c4af30aff036) is referenced from table \"ProductSize\"."); column: None; hint: None }); transient: false })
ERROR,0126-7900132051891,,,,,
Invalid `prisma.product.delete()` invocation in
C:\Users\sport\TenisCash\scripts\cleanup-meta-esportes-duplicates.js:158:34

  155   }
  156 }
  157 // 4. Deleta o produto meta (ProductSize cai em cascade conforme schema)
→ 158 await prisma.product.delete(
Error occurred during query execution:
ConnectorError(ConnectorError { user_facing_error: None; kind: QueryError(PostgresError { code: "23001"; message: "update or delete on table \"Product\" violates RESTRICT setting of foreign key constraint \"ProductSize_productId_fkey\" on table \"ProductSize\""; severity: "ERROR"; detail: Some("Key (id)=(90b849ac-7ea6-457c-82c3-81225eab98eb) is referenced from table \"ProductSize\"."); column: None; hint: None }); transient: false })
KEEP_UNIQUE_EAN,0126-8445648431342,CALCADO GRESCA 2.0 02 BRANCO TAM,8445648431342,,,
KEEP_UNIQUE_EAN,0126-8445648431427,CALCADO GRESCA 2.0 03 AMARELO TAM,8445648431427,,,
KEEP_UNIQUE_EAN,0126-8445648438228,CALCADO CONTINENTAL V2 58 AZUL TAM,8445648438228,,,
KEEP_UNIQUE_EAN,0126-8445648431267,CALCADO GRESCA 2.0 01 AZUL TAM,8445648431267,,,
ERROR,0126-7894929822118,,,,,
Invalid `prisma.product.delete()` invocation in
C:\Users\sport\TenisCash\scripts\cleanup-meta-esportes-duplicates.js:158:34

  155   }
  156 }
  157 // 4. Deleta o produto meta (ProductSize cai em cascade conforme schema)
→ 158 await prisma.product.delete(
Error occurred during query execution:
ConnectorError(ConnectorError { user_facing_error: None; kind: QueryError(PostgresError { code: "23001"; message: "update or delete on table \"Product\" violates RESTRICT setting of foreign key constraint \"ProductSize_productId_fkey\" on table \"ProductSize\""; severity: "ERROR"; detail: Some("Key (id)=(eb5059a6-31bb-47e0-8bc7-299065ecd933) is referenced from table \"ProductSize\"."); column: None; hint: None }); transient: false })
ERROR,0126-7894929822088,,,,,
Invalid `prisma.product.delete()` invocation in
C:\Users\sport\TenisCash\scripts\cleanup-meta-esportes-duplicates.js:158:34

  155   }
  156 }
  157 // 4. Deleta o produto meta (ProductSize cai em cascade conforme schema)
→ 158 await prisma.product.delete(
Error occurred during query execution:
ConnectorError(ConnectorError { user_facing_error: None; kind: QueryError(PostgresError { code: "23001"; message: "update or delete on table \"Product\" violates RESTRICT setting of foreign key constraint \"ProductSize_productId_fkey\" on table \"ProductSize\""; severity: "ERROR"; detail: Some("Key (id)=(c0b6a5ad-b48a-47d7-b9a8-b4ac3239b98d) is referenced from table \"ProductSize\"."); column: None; hint: None }); transient: false })
ERROR,0126-7894929822057,,,,,
Invalid `prisma.product.delete()` invocation in
C:\Users\sport\TenisCash\scripts\cleanup-meta-esportes-duplicates.js:158:34

  155   }
  156 }
  157 // 4. Deleta o produto meta (ProductSize cai em cascade conforme schema)
→ 158 await prisma.product.delete(
Error occurred during query execution:
ConnectorError(ConnectorError { user_facing_error: None; kind: QueryError(PostgresError { code: "23001"; message: "update or delete on table \"Product\" violates RESTRICT setting of foreign key constraint \"ProductSize_productId_fkey\" on table \"ProductSize\""; severity: "ERROR"; detail: Some("Key (id)=(fa3193ca-f947-4595-9060-ab46b8857c0b) is referenced from table \"ProductSize\"."); column: None; hint: None }); transient: false })
KEEP_NO_EAN,0126-7894187646006,LUVA FUTEBOL DE CAMPO TRAINING NEO SORTIDA 9,,,,
KEEP_NO_EAN,0126-7894187645702,LUVA FUTEBOL DE CAMPO TRAINING NEO JUNIOR SORTIDA 4,,,,
KEEP_NO_EAN,0126-7894187645719,LUVA FUTEBOL DE CAMPO TRAINING NEO JUNIOR SORTIDA 5,,,,
KEEP_NO_EAN,0126-7894187645726,LUVA FUTEBOL DE CAMPO TRAINING NEO JUNIOR SORTIDA 6,,,,
KEEP_NO_EAN,0126-7894187645733,LUVA FUTEBOL DE CAMPO TRAINING NEO JUNIOR SORTIDA 7,,,,
KEEP_NO_EAN,0126-7894187080619,APITO PROFISSIONAL SABIA C/ CORDAO E MOSQUETAO PRETO OFICIAL,,,,
KEEP_NO_EAN,0126-7894187666325,CAMPO TATICO COM IMA E CANETA VERDE U,,,,
KEEP_NO_EAN,0126-7894187597780,SQUEEZE ACO INOX TERMICO 420ML 8HRS QUENTE E 15HRS-FRIO - REVESTIMENTO EPOXI FOSCO PRETO U,,,,
KEEP_NO_EAN,0126-7894187080206,CARTAO CAMPO ARBITRO OFICIAL AM/VM,,,,
KEEP_NO_EAN,0126-7894187556961,CRONOMETRO DIGITAL START PT/VDC U,,,,
KEEP_NO_EAN,0126-7894187674306,LUVA FUTEBOL DE CAMPO PROFISSIONAL CHAMPION 9 BR/CH/RO 9,,,,
KEEP_NO_EAN,0126-7894187670704,LUVA FUTEBOL DE CAMPO PROFISSIONAL CHAMPION 9 PT/AZ/VDC 9,,,,
KEEP_NO_EAN,0126-7894187671497,LUVA FUTEBOL DE CAMPO PROFISSIONAL CHAMPION 9 PT/DOU/PT 9,,,,
ERROR,0126-7894187674313,,,,,
Invalid `prisma.product.delete()` invocation in
C:\Users\sport\TenisCash\scripts\cleanup-meta-esportes-duplicates.js:158:34

  155   }
  156 }
  157 // 4. Deleta o produto meta (ProductSize cai em cascade conforme schema)
→ 158 await prisma.product.delete(
Error occurred during query execution:
ConnectorError(ConnectorError { user_facing_error: None; kind: QueryError(PostgresError { code: "23001"; message: "update or delete on table \"Product\" violates RESTRICT setting of foreign key constraint \"ProductSize_productId_fkey\" on table \"ProductSize\""; severity: "ERROR"; detail: Some("Key (id)=(4edd48f9-ba76-489d-8ce3-b5ae693efa46) is referenced from table \"ProductSize\"."); column: None; hint: None }); transient: false })
ERROR,0126-7894187670711,,,,,
Invalid `prisma.product.delete()` invocation in
C:\Users\sport\TenisCash\scripts\cleanup-meta-esportes-duplicates.js:158:34

  155   }
  156 }
  157 // 4. Deleta o produto meta (ProductSize cai em cascade conforme schema)
→ 158 await prisma.product.delete(
Error occurred during query execution:
ConnectorError(ConnectorError { user_facing_error: None; kind: QueryError(PostgresError { code: "23001"; message: "update or delete on table \"Product\" violates RESTRICT setting of foreign key constraint \"ProductSize_productId_fkey\" on table \"ProductSize\""; severity: "ERROR"; detail: Some("Key (id)=(0b082642-e2f2-475f-8928-b31bf11ade78) is referenced from table \"ProductSize\"."); column: None; hint: None }); transient: false })
ERROR,0126-7894187671503,,,,,
Invalid `prisma.product.delete()` invocation in
C:\Users\sport\TenisCash\scripts\cleanup-meta-esportes-duplicates.js:158:34

  155   }
  156 }
  157 // 4. Deleta o produto meta (ProductSize cai em cascade conforme schema)
→ 158 await prisma.product.delete(
Error occurred during query execution:
ConnectorError(ConnectorError { user_facing_error: None; kind: QueryError(PostgresError { code: "23001"; message: "update or delete on table \"Product\" violates RESTRICT setting of foreign key constraint \"ProductSize_productId_fkey\" on table \"ProductSize\""; severity: "ERROR"; detail: Some("Key (id)=(3aac9884-b52e-4ead-b862-14a43572c310) is referenced from table \"ProductSize\"."); column: None; hint: None }); transient: false })
KEEP_NO_EAN,0126-7894187050483,BOLA DE BASQUETE OFICIAL N�7 INDOOR LARANJA,,,,
KEEP_NO_EAN,0126-7894187645993,LUVA FUTEBOL DE CAMPO TRAINING NEO SORTIDA 8,,,,
ERROR,0126-7894187646013,,,,,
Invalid `prisma.product.delete()` invocation in
C:\Users\sport\TenisCash\scripts\cleanup-meta-esportes-duplicates.js:158:34

  155   }
  156 }
  157 // 4. Deleta o produto meta (ProductSize cai em cascade conforme schema)
→ 158 await prisma.product.delete(
Error occurred during query execution:
ConnectorError(ConnectorError { user_facing_error: None; kind: QueryError(PostgresError { code: "23001"; message: "update or delete on table \"Product\" violates RESTRICT setting of foreign key constraint \"ProductSize_productId_fkey\" on table \"ProductSize\""; severity: "ERROR"; detail: Some("Key (id)=(20236d7d-2c6f-4c7a-a7e7-463131ab9458) is referenced from table \"ProductSize\"."); column: None; hint: None }); transient: false })
KEEP_NO_EAN,0126-7894187516088,MOCHILA MULTI-ESPORTIVA SORTIDA UNICO,,,,
KEEP_NO_EAN,0126-7894187618928,MOCHILA MULTI-ESPORTIVA 11525 COLOR UNICO,,,,
KEEP_NO_EAN,0126-7894187643784,SACOLA POKER GYM II SORTIDA COLOR U,,,,
KEEP_NO_EAN,0126-7894187557067,SQUEEZE ACO INOX TERMICO 420 ML 8HS-QUENTE E 15HS-FRIO PT/DEGRADE U,,,,
KEEP_NO_EAN,0126-7894187519980,BOLA DE FUTEVOLEI VULCANIZADA PU RIO BR/PT U,,,,
KEEP_NO_EAN,0126-7894187671961,BOLA DE FUTEVOLEI VULCANIZADA PU RIO BR/AZ U,,,,
KEEP_NO_EAN,0126-7894187537038,BOLA DE FUTEVOLEI VULCANIZADA PU RIO AM/PT U,,,,
KEEP_NO_EAN,0126-7894187555674,BOLA DE FUTEVOLEI VULCANIZADA PU RIO 05776 LAC/PT U,,,,
KEEP_NO_EAN,0126-7894187555650,BOLA DE FUTEVOLEI VULCANIZADA PU RIO 05776 VDC/PT U,,,,
KEEP_NO_EAN,0126-7894187555667,BOLA DE FUTEVOLEI VULCANIZADA PU RIO 05776 ROC/MR U,,,,
KEEP_NO_EAN,0126-7894187671954,BOLA DE FUTEVOLEI VULCANIZADA PU RIO BR/PT/VM U,,,,
KEEP_NO_EAN,0126-7894187646426,CONJUNTO TENIS DE MESA STAR - 2 RAQUETES + 3 BOLAS + SUPORTE COM REDE RETRATIL,,,,
KEEP_NO_EAN,0126-7894187429142,TOUCA NATACAO 100% SILICONE POWER ADULTO MARINHO,,,,
KEEP_NO_EAN,0126-7894187429135,TOUCA NATACAO 100% SILICONE POWER ADULTO ROSA,,,,
KEEP_NO_EAN,0126-7894187616375,TOUCA NATACAO 100% SILICONE POWER ADULTO VERMELHA,,,,
KEEP_NO_EAN,0126-7894187429128,TOUCA NATACAO 100% SILICONE POWER ADULTO AZUL,,,,
KEEP_NO_EAN,0126-7894187429159,TOUCA NATACAO 100% SILICONE POWER ADULTO PRETA,,,,
KEEP_NO_EAN,0126-7894187429111,TOUCA NATACAO 100% SILICONE POWER ADULTO PRATA,,,,
KEEP_NO_EAN,0126-7894187618645,OCULOS NATACAO NAVAGIO EXTRA PT/TRANS U,,,,
KEEP_NO_EAN,0126-7894187538127,OCULOS NATACAO NAVAGIO EXTRA AZ/AZ U,,,,
KEEP_NO_EAN,0126-7894187538134,OCULOS NATACAO NAVAGIO EXTRA BR/ACQUA U,,,,
KEEP_NO_EAN,0126-7894187538141,OCULOS NATACAO NAVAGIO EXTRA PT/FUME U,,,,
KEEP_NO_EAN,0126-7894187538158,OCULOS NATACAO NAVAGIO EXTRA RO/RO U,,,,
KEEP_NO_EAN,0126-7894187538165,OCULOS NATACAO NAVAGIO EXTRA TRANS/FUME U,,,,
KEEP_NO_EAN,0126-7894187429173,TOUCA NATACAO 100% SILICONE POWER JUNIOR AZUL,,,,
KEEP_NO_EAN,0126-7894187429197,TOUCA NATACAO 100% SILICONE POWER JUNIOR MARINHO,,,,
KEEP_NO_EAN,0126-7894187429180,TOUCA NATACAO 100% SILICONE POWER JUNIOR ROSA,,,,
KEEP_NO_EAN,0126-7894187429166,TOUCA NATACAO 100% SILICONE POWER JUNIOR PRETA,,,,
KEEP_NO_EAN,0126-7894187641346,BOLA DE VOLEI SEMI PROFISSIONAL VLS 200 SORTIDA,,,,
KEEP_NO_EAN,0126-7894187556862,OCULOS NATACAO COZUMEL EXTRA ACQ/ACQ U,,,,
KEEP_NO_EAN,0126-7894187556909,OCULOS NATACAO COZUMEL EXTRA TRANS/FUME U,,,,
KEEP_NO_EAN,0126-7894187556893,OCULOS NATACAO COZUMEL EXTRA RO/RO U,,,,
KEEP_NO_EAN,0126-7894187556886,OCULOS NATACAO COZUMEL EXTRA PT/FUME U,,,,
KEEP_NO_EAN,0126-7894187556879,OCULOS NATACAO COZUMEL EXTRA AZ/AZ U,,,,
KEEP_NO_EAN,0126-7894187519171,BOMBA DE INFLAR DUPLA ACAO AZUL UNICO,,,,
KEEP_NO_EAN,0126-7894187647638,MANGUITO CURTO PARA ESPORTES BRANCO U,,,,
KEEP_NO_EAN,0126-7894187647645,MANGUITO CURTO PARA ESPORTES PRETO U,,,,
ERROR,0126-7894187635826,,,,,
Invalid `prisma.product.delete()` invocation in
C:\Users\sport\TenisCash\scripts\cleanup-meta-esportes-duplicates.js:158:34

  155   }
  156 }
  157 // 4. Deleta o produto meta (ProductSize cai em cascade conforme schema)
→ 158 await prisma.product.delete(
Error occurred during query execution:
ConnectorError(ConnectorError { user_facing_error: None; kind: QueryError(PostgresError { code: "23001"; message: "update or delete on table \"Product\" violates RESTRICT setting of foreign key constraint \"ProductSize_productId_fkey\" on table \"ProductSize\""; severity: "ERROR"; detail: Some("Key (id)=(075c97e4-cd69-4f66-a7c5-6e6dd7c1eb87) is referenced from table \"ProductSize\"."); column: None; hint: None }); transient: false })
KEEP_NO_EAN,0126-7909943484478,F01SD00015-CHINELO FILA DRIFTER FOAM MASCULINO-BEGE-304-TAM:37,,,,
KEEP_NO_EAN,0126-7909943484485,F01SD00015-CHINELO FILA DRIFTER FOAM MASCULINO-BEGE-304-TAM:38,,,,
KEEP_NO_EAN,0126-7909943484492,F01SD00015-CHINELO FILA DRIFTER FOAM MASCULINO-BEGE-304-TAM:39,,,,
KEEP_NO_EAN,0126-7909943484508,F01SD00015-CHINELO FILA DRIFTER FOAM MASCULINO-BEGE-304-TAM:40,,,,
KEEP_NO_EAN,0126-7909943484515,F01SD00015-CHINELO FILA DRIFTER FOAM MASCULINO-BEGE-304-TAM:41,,,,
KEEP_NO_EAN,0126-7909943484522,F01SD00015-CHINELO FILA DRIFTER FOAM MASCULINO-BEGE-304-TAM:42,,,,
KEEP_NO_EAN,0126-7909943782604,F01R00157-TENIS FILA MAXXIMUS MASCULINO-AZRX/LARJ/PTO-6769-TAM:38,,,,
KEEP_NO_EAN,0126-7909943782611,F01R00157-TENIS FILA MAXXIMUS MASCULINO-AZRX/LARJ/PTO-6769-TAM:39,,,,
KEEP_NO_EAN,0126-7909943782635,F01R00157-TENIS FILA MAXXIMUS MASCULINO-AZRX/LARJ/PTO-6769-TAM:40,,,,
KEEP_NO_EAN,0126-7909943782659,F01R00157-TENIS FILA MAXXIMUS MASCULINO-AZRX/LARJ/PTO-6769-TAM:41,,,,
KEEP_NO_EAN,0126-7909943782666,F01R00157-TENIS FILA MAXXIMUS MASCULINO-AZRX/LARJ/PTO-6769-TAM:42,,,,
KEEP_NO_EAN,0126-7909943782680,F01R00157-TENIS FILA MAXXIMUS MASCULINO-AZRX/LARJ/PTO-6769-TAM:43,,,,
KEEP_NO_EAN,0126-7894193107331,51J728X-TENIS FILA RECOVERY FEMININO-BCO/PHLT/CBR-6012-TAM:34,,,,
KEEP_NO_EAN,0126-7894193107348,51J728X-TENIS FILA RECOVERY FEMININO-BCO/PHLT/CBR-6012-TAM:35,,,,
KEEP_NO_EAN,0126-7894193107362,51J728X-TENIS FILA RECOVERY FEMININO-BCO/PHLT/CBR-6012-TAM:36,,,,
KEEP_NO_EAN,0126-7894193107379,51J728X-TENIS FILA RECOVERY FEMININO-BCO/PHLT/CBR-6012-TAM:37,,,,
KEEP_NO_EAN,0126-7894193107423,51J728X-TENIS FILA RECOVERY FEMININO-BCO/PHLT/CBR-6012-TAM:38,,,,
KEEP_NO_EAN,0126-7894193107430,51J728X-TENIS FILA RECOVERY FEMININO-BCO/PHLT/CBR-6012-TAM:39,,,,
KEEP_NO_EAN,0126-7909943485093,F02SD00016-CHINELO FILA DRIFTER FOAM FEMININO-PTO/VERM/BCO-508-TAM:34,,,,
KEEP_NO_EAN,0126-7909943485109,F02SD00016-CHINELO FILA DRIFTER FOAM FEMININO-PTO/VERM/BCO-508-TAM:35,,,,
KEEP_NO_EAN,0126-7909943485116,F02SD00016-CHINELO FILA DRIFTER FOAM FEMININO-PTO/VERM/BCO-508-TAM:36,,,,
KEEP_NO_EAN,0126-7909943485123,F02SD00016-CHINELO FILA DRIFTER FOAM FEMININO-PTO/VERM/BCO-508-TAM:37,,,,
KEEP_NO_EAN,0126-7909943485130,F02SD00016-CHINELO FILA DRIFTER FOAM FEMININO-PTO/VERM/BCO-508-TAM:38,,,,
KEEP_NO_EAN,0126-7909943485147,F02SD00016-CHINELO FILA DRIFTER FOAM FEMININO-PTO/VERM/BCO-508-TAM:39,,,,
KEEP_NO_EAN,0126-7909943485154,F02SD00016-CHINELO FILA DRIFTER FOAM FEMININO-PTO/VERM/BCO-508-TAM:40,,,,
KEEP_NO_EAN,0126-7909943470358,F01L00258-TENIS FILA RENNO CLASSIC MASCULINO-PTO/GRF/BCO-497-TAM:37,,,,
KEEP_NO_EAN,0126-7909943470372,F01L00258-TENIS FILA RENNO CLASSIC MASCULINO-PTO/GRF/BCO-497-TAM:38,,,,
KEEP_NO_EAN,0126-7909943470389,F01L00258-TENIS FILA RENNO CLASSIC MASCULINO-PTO/GRF/BCO-497-TAM:39,,,,
KEEP_NO_EAN,0126-7909943470433,F01L00258-TENIS FILA RENNO CLASSIC MASCULINO-PTO/GRF/BCO-497-TAM:42,,,,
KEEP_NO_EAN,0126-7909943470402,F01L00258-TENIS FILA RENNO CLASSIC MASCULINO-PTO/GRF/BCO-497-TAM:40,,,,
KEEP_NO_EAN,0126-7909943470426,F01L00258-TENIS FILA RENNO CLASSIC MASCULINO-PTO/GRF/BCO-497-TAM:41,,,,
KEEP_NO_EAN,0126-7909943470457,F01L00258-TENIS FILA RENNO CLASSIC MASCULINO-PTO/GRF/BCO-497-TAM:43,,,,
KEEP_NO_EAN,0126-7909943485239,F02SD00016-CHINELO FILA DRIFTER FOAM FEMININO-BCO/VERM/MAR-440-TAM:40,,,,
KEEP_NO_EAN,0126-7909943484744,F01SD00015-CHINELO FILA DRIFTER FOAM MASCULINO-MAR/VERM/BCO-522-TAM:37,,,,
KEEP_NO_EAN,0126-7909943484751,F01SD00015-CHINELO FILA DRIFTER FOAM MASCULINO-MAR/VERM/BCO-522-TAM:38,,,,
KEEP_NO_EAN,0126-7909943484768,F01SD00015-CHINELO FILA DRIFTER FOAM MASCULINO-MAR/VERM/BCO-522-TAM:39,,,,
KEEP_NO_EAN,0126-7909943484775,F01SD00015-CHINELO FILA DRIFTER FOAM MASCULINO-MAR/VERM/BCO-522-TAM:40,,,,
KEEP_NO_EAN,0126-7909943484782,F01SD00015-CHINELO FILA DRIFTER FOAM MASCULINO-MAR/VERM/BCO-522-TAM:41,,,,
KEEP_NO_EAN,0126-7909943484799,F01SD00015-CHINELO FILA DRIFTER FOAM MASCULINO-MAR/VERM/BCO-522-TAM:42,,,,
KEEP_NO_EAN,0126-7909943484805,F01SD00015-CHINELO FILA DRIFTER FOAM MASCULINO-MAR/VERM/BCO-522-TAM:43,,,,
KEEP_NO_EAN,0126-7909943484812,F01SD00015-CHINELO FILA DRIFTER FOAM MASCULINO-MAR/VERM/BCO-522-TAM:44,,,,
KEEP_NO_EAN,0126-7909943485178,F02SD00016-CHINELO FILA DRIFTER FOAM FEMININO-BCO/VERM/MAR-440-TAM:34,,,,
KEEP_NO_EAN,0126-7909943485185,F02SD00016-CHINELO FILA DRIFTER FOAM FEMININO-BCO/VERM/MAR-440-TAM:35,,,,
KEEP_NO_EAN,0126-7909943485192,F02SD00016-CHINELO FILA DRIFTER FOAM FEMININO-BCO/VERM/MAR-440-TAM:36,,,,
KEEP_NO_EAN,0126-7909943485208,F02SD00016-CHINELO FILA DRIFTER FOAM FEMININO-BCO/VERM/MAR-440-TAM:37,,,,
KEEP_NO_EAN,0126-7909943485215,F02SD00016-CHINELO FILA DRIFTER FOAM FEMININO-BCO/VERM/MAR-440-TAM:38,,,,
KEEP_NO_EAN,0126-7909943485222,F02SD00016-CHINELO FILA DRIFTER FOAM FEMININO-BCO/VERM/MAR-440-TAM:39,,,,
KEEP_NO_EAN,0126-7909392972878,SHORT LSPORT AM BUDAPESTE,,,,
KEEP_NO_EAN,0126-7909392935200,JAQUETA LSPORT AF WINDBREAK,,,,
KEEP_NO_EAN,0126-7909392958247,VISEIRA LSPORT KNIT,,,,
KEEP_NO_EAN,0126-7909392759172,VISEIRA LSPORT DRY,,,,
KEEP_NO_EAN,0126-7909392932476,BONE DRY LSPORT,,,,
KEEP_NO_EAN,0126-7909392049839,GARRAFA LSPORT 500ML,,,,
KEEP_NO_EAN,0126-7909392853658,GARRAFA LSPORT 750 ML,,,,
KEEP_NO_EAN,0126-7909392659533,T-SHIRT LSPORT AM BASIC COREFIT,,,,
KEEP_NO_EAN,0126-7909392613399,CAMISETA LUPO AM BASICA,,,,
KEEP_NO_EAN,0126-7909392854679,TOALHA LUPO AU SPORT LONG 28X77,,,,
KEEP_NO_EAN,0126-7909392780022,SHORT SAIA LUPO AF BEACH TENNIS,,,,
KEEP_NO_EAN,0126-7909392614143,SHORT LUPO AM M RUNNER,,,,
KEEP_NO_EAN,0126-7909392553220,SHORT LUPO AF MALHA,,,,
KEEP_NO_EAN,0126-7909392625989,CAMISETA LUPO AF REPELENTE UV,,,,
KEEP_NO_EAN,0126-7909392624876,CAMISETA LSPORT AM BASICA II,,,,
KEEP_NO_EAN,0126-7909392992289,CAMISETA LSPORT AF REGATA BASIC RUN,,,,
KEEP_NO_EAN,0126-7909392997970,CAMISETA LSPORT AM BASIC RUN,,,,
KEEP_NO_EAN,0126-7909392679173,MEIA LUPO KU KIT2,,,,
KEEP_NO_EAN,0126-7909392908686,MEIA SPIDER MAN KM ANTIDERRAP.,,,,
KEEP_NO_EAN,0126-7909392679203,MEIA LUPO KU SAP. INVISIVEL K2,,,,
KEEP_NO_EAN,0126-7909392670989,MEIA DISNEY KM MICKEY,,,,
KEEP_NO_EAN,0126-7909392670606,MEIA DISNEY KU MICKEY,,,,
KEEP_NO_EAN,0126-7909392670286,MEIA DISNEY KU STITCH,,,,
KEEP_NO_EAN,0126-7909392997581,MEIA DISNEY KU DIVERT. FILME,,,,
KEEP_NO_EAN,0126-7909392671337,MEIA SPIDER MAN KM,,,,
KEEP_NO_EAN,0126-7891186043157,MEIA LUPO AM FUTEBOL,,,,
KEEP_NO_EAN,0126-7909392206140,MEIA LUPO KM FUTEBOL,,,,
KEEP_NO_EAN,0126-7909392995037,MEIA LUPO AM SPORT BASICA,,,,
KEEP_NO_EAN,0126-7909392655030,MEIA LUPO AU FITNESS BIKE,,,,
KEEP_NO_EAN,0126-7909392362464,MEIA LUPO AF SAP. PILATES,,,,
KEEP_NO_EAN,0126-7909392654705,MEIA LUPO AM SPORT,,,,
KEEP_NO_EAN,0126-7909392376287,MEIA LUPO AU DRY FIT,,,,
KEEP_NO_EAN,0126-7909392363232,MEIA LUPO AF PILATES,,,,
KEEP_NO_EAN,0126-7891186818335,CANELITO LUPO AU COMPRESSAO,,,,
KEEP_NO_EAN,0126-7891186196662,MANGUITO LUPO AU UV UNISSEX,,,,
KEEP_NO_EAN,0126-7909392576595,MEIA 3/4 LUPO AM PERFORMANCE,,,,
KEEP_NO_EAN,0126-7909392461211,MEIA LUPO AU RUNNING DRY,,,,
KEEP_NO_EAN,0126-7909392867785,MEIA LUPO AU RUNNING FITNESS,,,,
KEEP_NO_EAN,0126-7909943601363,U01FB042-CHUTEIRA FUTSAL UMBRO PRO 5 BUMP CLUB-PTO/LRJ/AZL-163-TAM:41,,,,
KEEP_NO_EAN,0126-7909943601370,U01FB042-CHUTEIRA FUTSAL UMBRO PRO 5 BUMP CLUB-PTO/LRJ/AZL-163-TAM:42,,,,
KEEP_NO_EAN,0126-7909943601387,U01FB042-CHUTEIRA FUTSAL UMBRO PRO 5 BUMP CLUB-PTO/LRJ/AZL-163-TAM:43,,,,
KEEP_NO_EAN,0126-7909943601394,U01FB042-CHUTEIRA FUTSAL UMBRO PRO 5 BUMP CLUB-PTO/LRJ/AZL-163-TAM:44,,,,
KEEP_NO_EAN,0126-7909943914272,U01FB042-CHUTEIRA FUTSAL UMBRO PRO 5 BUMP CLUB-AZL/BCO-332-TAM:40,,,,
KEEP_NO_EAN,0126-7909943914289,U01FB042-CHUTEIRA FUTSAL UMBRO PRO 5 BUMP CLUB-AZL/BCO-332-TAM:41,,,,
KEEP_NO_EAN,0126-7909943914296,U01FB042-CHUTEIRA FUTSAL UMBRO PRO 5 BUMP CLUB-AZL/BCO-332-TAM:42,,,,
KEEP_NO_EAN,0126-7909943914302,U01FB042-CHUTEIRA FUTSAL UMBRO PRO 5 BUMP CLUB-AZL/BCO-332-TAM:43,,,,
KEEP_NO_EAN,0126-7909943914890,U01FB041-CHUTEIRA FUTSAL UMBRO PRO 5 BUMP-AZL/BCO-332-TAM:38,,,,
KEEP_NO_EAN,0126-7909943914906,U01FB041-CHUTEIRA FUTSAL UMBRO PRO 5 BUMP-AZL/BCO-332-TAM:39,,,,
KEEP_NO_EAN,0126-7909943914883,U01FB041-CHUTEIRA FUTSAL UMBRO PRO 5 BUMP-AZL/BCO-332-TAM:37,,,,
KEEP_NO_EAN,0126-7909943914913,U01FB041-CHUTEIRA FUTSAL UMBRO PRO 5 BUMP-AZL/BCO-332-TAM:40,,,,
KEEP_NO_EAN,0126-7909943914920,U01FB041-CHUTEIRA FUTSAL UMBRO PRO 5 BUMP-AZL/BCO-332-TAM:41,,,,
KEEP_NO_EAN,0126-7909943914937,U01FB041-CHUTEIRA FUTSAL UMBRO PRO 5 BUMP-AZL/BCO-332-TAM:42,,,,
KEEP_NO_EAN,0126-7909943914944,U01FB041-CHUTEIRA FUTSAL UMBRO PRO 5 BUMP-AZL/BCO-332-TAM:43,,,,
KEEP_NO_EAN,0126-7909943914951,U01FB041-CHUTEIRA FUTSAL UMBRO PRO 5 BUMP-AZL/BCO-332-TAM:44,,,,
ERROR,0126-7909538581353,,,,,
Invalid `prisma.product.delete()` invocation in
C:\Users\sport\TenisCash\scripts\cleanup-meta-esportes-duplicates.js:158:34

  155   }
  156 }
  157 // 4. Deleta o produto meta (ProductSize cai em cascade conforme schema)
→ 158 await prisma.product.delete(
Error occurred during query execution:
ConnectorError(ConnectorError { user_facing_error: None; kind: QueryError(PostgresError { code: "23001"; message: "update or delete on table \"Product\" violates RESTRICT setting of foreign key constraint \"ProductSize_productId_fkey\" on table \"ProductSize\""; severity: "ERROR"; detail: Some("Key (id)=(f6471cb8-d495-47fd-9f0d-9aebcd253f23) is referenced from table \"ProductSize\"."); column: None; hint: None }); transient: false })
ERROR,0126-7909538424599,,,,,
Invalid `prisma.product.delete()` invocation in
C:\Users\sport\TenisCash\scripts\cleanup-meta-esportes-duplicates.js:158:34

  155   }
  156 }
  157 // 4. Deleta o produto meta (ProductSize cai em cascade conforme schema)
→ 158 await prisma.product.delete(
Error occurred during query execution:
ConnectorError(ConnectorError { user_facing_error: None; kind: QueryError(PostgresError { code: "23001"; message: "update or delete on table \"Product\" violates RESTRICT setting of foreign key constraint \"ProductSize_productId_fkey\" on table \"ProductSize\""; severity: "ERROR"; detail: Some("Key (id)=(767c1a63-172f-4112-b22f-3d976bb1b52a) is referenced from table \"ProductSize\"."); column: None; hint: None }); transient: false })
ERROR,0126-7909538582459,,,,,
Invalid `prisma.product.delete()` invocation in
C:\Users\sport\TenisCash\scripts\cleanup-meta-esportes-duplicates.js:158:34

  155   }
  156 }
  157 // 4. Deleta o produto meta (ProductSize cai em cascade conforme schema)
→ 158 await prisma.product.delete(
Error occurred during query execution:
ConnectorError(ConnectorError { user_facing_error: None; kind: QueryError(PostgresError { code: "23001"; message: "update or delete on table \"Product\" violates RESTRICT setting of foreign key constraint \"ProductSize_productId_fkey\" on table \"ProductSize\""; severity: "ERROR"; detail: Some("Key (id)=(802658ea-8e3d-43ea-b0d0-041d2cf32deb) is referenced from table \"ProductSize\"."); column: None; hint: None }); transient: false })
ERROR,0126-7909538422977,,,,,
Invalid `prisma.product.delete()` invocation in
C:\Users\sport\TenisCash\scripts\cleanup-meta-esportes-duplicates.js:158:34

  155   }
  156 }
  157 // 4. Deleta o produto meta (ProductSize cai em cascade conforme schema)
→ 158 await prisma.product.delete(
Error occurred during query execution:
ConnectorError(ConnectorError { user_facing_error: None; kind: QueryError(PostgresError { code: "23001"; message: "update or delete on table \"Product\" violates RESTRICT setting of foreign key constraint \"ProductSize_productId_fkey\" on table \"ProductSize\""; severity: "ERROR"; detail: Some("Key (id)=(6ec1a133-50f0-4017-b24d-b1347f96bb98) is referenced from table \"ProductSize\"."); column: None; hint: None }); transient: false })
ERROR,0126-7909538422854,,,,,
Invalid `prisma.product.delete()` invocation in
C:\Users\sport\TenisCash\scripts\cleanup-meta-esportes-duplicates.js:158:34

  155   }
  156 }
  157 // 4. Deleta o produto meta (ProductSize cai em cascade conforme schema)
→ 158 await prisma.product.delete(
Error occurred during query execution:
ConnectorError(ConnectorError { user_facing_error: None; kind: QueryError(PostgresError { code: "23001"; message: "update or delete on table \"Product\" violates RESTRICT setting of foreign key constraint \"ProductSize_productId_fkey\" on table \"ProductSize\""; severity: "ERROR"; detail: Some("Key (id)=(6bdc7200-089f-4cfa-88b9-59dda0b6a1d4) is referenced from table \"ProductSize\"."); column: None; hint: None }); transient: false })
ERROR,0126-7909538422793,,,,,
Invalid `prisma.product.delete()` invocation in
C:\Users\sport\TenisCash\scripts\cleanup-meta-esportes-duplicates.js:158:34

  155   }
  156 }
  157 // 4. Deleta o produto meta (ProductSize cai em cascade conforme schema)
→ 158 await prisma.product.delete(
Error occurred during query execution:
ConnectorError(ConnectorError { user_facing_error: None; kind: QueryError(PostgresError { code: "23001"; message: "update or delete on table \"Product\" violates RESTRICT setting of foreign key constraint \"ProductSize_productId_fkey\" on table \"ProductSize\""; severity: "ERROR"; detail: Some("Key (id)=(4c793dcf-9318-4587-ba07-58857bec3ed1) is referenced from table \"ProductSize\"."); column: None; hint: None }); transient: false })
ERROR,0126-7909538422915,,,,,
Invalid `prisma.product.delete()` invocation in
C:\Users\sport\TenisCash\scripts\cleanup-meta-esportes-duplicates.js:158:34

  155   }
  156 }
  157 // 4. Deleta o produto meta (ProductSize cai em cascade conforme schema)
→ 158 await prisma.product.delete(
Error occurred during query execution:
ConnectorError(ConnectorError { user_facing_error: None; kind: QueryError(PostgresError { code: "23001"; message: "update or delete on table \"Product\" violates RESTRICT setting of foreign key constraint \"ProductSize_productId_fkey\" on table \"ProductSize\""; severity: "ERROR"; detail: Some("Key (id)=(8599b6b7-214b-4729-b2d6-2c350b1521d9) is referenced from table \"ProductSize\"."); column: None; hint: None }); transient: false })
ERROR,0126-7909538648094,,,,,
Invalid `prisma.product.delete()` invocation in
C:\Users\sport\TenisCash\scripts\cleanup-meta-esportes-duplicates.js:158:34

  155   }
  156 }
  157 // 4. Deleta o produto meta (ProductSize cai em cascade conforme schema)
→ 158 await prisma.product.delete(
Error occurred during query execution:
ConnectorError(ConnectorError { user_facing_error: None; kind: QueryError(PostgresError { code: "23001"; message: "update or delete on table \"Product\" violates RESTRICT setting of foreign key constraint \"ProductSize_productId_fkey\" on table \"ProductSize\""; severity: "ERROR"; detail: Some("Key (id)=(bb59998b-dbb6-4a6c-8070-5aa8240690d7) is referenced from table \"ProductSize\"."); column: None; hint: None }); transient: false })
ERROR,0126-7909538423332,,,,,
Invalid `prisma.product.delete()` invocation in
C:\Users\sport\TenisCash\scripts\cleanup-meta-esportes-duplicates.js:158:34

  155   }
  156 }
  157 // 4. Deleta o produto meta (ProductSize cai em cascade conforme schema)
→ 158 await prisma.product.delete(
Error occurred during query execution:
ConnectorError(ConnectorError { user_facing_error: None; kind: QueryError(PostgresError { code: "23001"; message: "update or delete on table \"Product\" violates RESTRICT setting of foreign key constraint \"ProductSize_productId_fkey\" on table \"ProductSize\""; severity: "ERROR"; detail: Some("Key (id)=(fa2d476b-fc23-4808-9f3d-58324b30a3f4) is referenced from table \"ProductSize\"."); column: None; hint: None }); transient: false })
ERROR,0126-7909538425732,,,,,
Invalid `prisma.product.delete()` invocation in
C:\Users\sport\TenisCash\scripts\cleanup-meta-esportes-duplicates.js:158:34

  155   }
  156 }
  157 // 4. Deleta o produto meta (ProductSize cai em cascade conforme schema)
→ 158 await prisma.product.delete(
Error occurred during query execution:
ConnectorError(ConnectorError { user_facing_error: None; kind: QueryError(PostgresError { code: "23001"; message: "update or delete on table \"Product\" violates RESTRICT setting of foreign key constraint \"ProductSize_productId_fkey\" on table \"ProductSize\""; severity: "ERROR"; detail: Some("Key (id)=(ed88c468-68e8-4701-9b27-f24294974a0d) is referenced from table \"ProductSize\"."); column: None; hint: None }); transient: false })
KEEP_UNIQUE_EAN,0126-8053840251936,PREMIER ROAD ULTRA,8053840251851,,,
KEEP_NO_EAN,0126-4946,TENIS UA UA TRIBASE REPS 2 BKJGRY,,,,
KEEP_NO_EAN,0126-4952,TENIS UA UA TRIBASE REPS 2 WHTMPG,,,,
KEEP_NO_EAN,0126-4958,TENIS UA UA BUZZER 2 PGNHYG,,,,
KEEP_NO_EAN,0126-4964,TENIS UA UA BANKSHOT SE PUBKWH,,,,
KEEP_NO_EAN,0126-7891186075219,MEIA LUPO AU SPORT KIT3,,,,
KEEP_NO_EAN,0126-7909392376249,MEIA LUPO AF SPORT KIT3,,,,
KEEP_NO_EAN,0126-7909392552322,MEIA LUPO AM SPORT KIT3,,,,
KEEP_NO_EAN,0126-4992,TENIS UA UA CH.SLIGHT 3 SCYGYM,,,,
KEEP_NO_EAN,0126-4994,TENIS UA UA CH.WING 2 MGFOMN,,,,
KEEP_NO_EAN,0126-4977,TENIS UA UA CH.SLIGHT 3 BKMTCS,,,,
KEEP_NO_EAN,0126-4983,TENIS UA UA CH.SLIGHT 3 PUPLGP,,,,
KEEP_NO_EAN,0126-4998,CAMISETA M NK DF PARK VII JS SP25,,,,
KEEP_NO_EAN,0126-5000,CAMISETA M NK DF ACD25 SP25,,,,
KEEP_NO_EAN,0126-5001,CAMISETA NK DF PARK VII MASCULINA SU25,,,,
KEEP_NO_EAN,0126-5002,CAMISETA K NK DF ACD25 SP25,,,,
KEEP_NO_EAN,0126-5003,TOP Y NK DF ACD25 SP25,,,,
KEEP_NO_EAN,0126-5004,CAMISETA M NK DF HBR NOVELTY SP25,,,,
KEEP_NO_EAN,0126-5006,REGATA M NK DF TEE RLGD SL R SP25,,,,
KEEP_NO_EAN,0126-5008,CAMISETA M NK DF IYKYK FITNESS SP25,,,,
KEEP_NO_EAN,0126-5010,CHUTEIRA NIKE BECO 2 IC MASCULINO SP25,,,,
KEEP_NO_EAN,0126-5011,CHUTEIRA NIKE BECO 2 TF UNISSEX SP25,,,,
ERROR,0126-7894929259488,,,,,
Invalid `prisma.product.delete()` invocation in
C:\Users\sport\TenisCash\scripts\cleanup-meta-esportes-duplicates.js:158:34

  155   }
  156 }
  157 // 4. Deleta o produto meta (ProductSize cai em cascade conforme schema)
→ 158 await prisma.product.delete(
Error occurred during query execution:
ConnectorError(ConnectorError { user_facing_error: None; kind: QueryError(PostgresError { code: "23001"; message: "update or delete on table \"Product\" violates RESTRICT setting of foreign key constraint \"ProductSize_productId_fkey\" on table \"ProductSize\""; severity: "ERROR"; detail: Some("Key (id)=(a3a180b4-8f62-4afe-9b10-d943026885f2) is referenced from table \"ProductSize\"."); column: None; hint: None }); transient: false })
ERROR,0126-7891475360446,,,,,
Invalid `prisma.product.delete()` invocation in
C:\Users\sport\TenisCash\scripts\cleanup-meta-esportes-duplicates.js:158:34

  155   }
  156 }
  157 // 4. Deleta o produto meta (ProductSize cai em cascade conforme schema)
→ 158 await prisma.product.delete(
Error occurred during query execution:
ConnectorError(ConnectorError { user_facing_error: None; kind: QueryError(PostgresError { code: "23001"; message: "update or delete on table \"Product\" violates RESTRICT setting of foreign key constraint \"ProductSize_productId_fkey\" on table \"ProductSize\""; severity: "ERROR"; detail: Some("Key (id)=(4f5d7fbd-6a0e-4027-bc4c-720c78fd89b9) is referenced from table \"ProductSize\"."); column: None; hint: None }); transient: false })
ERROR,0126-7891475360484,,,,,
Invalid `prisma.product.delete()` invocation in
C:\Users\sport\TenisCash\scripts\cleanup-meta-esportes-duplicates.js:158:34

  155   }
  156 }
  157 // 4. Deleta o produto meta (ProductSize cai em cascade conforme schema)
→ 158 await prisma.product.delete(
Error occurred during query execution:
ConnectorError(ConnectorError { user_facing_error: None; kind: QueryError(PostgresError { code: "23001"; message: "update or delete on table \"Product\" violates RESTRICT setting of foreign key constraint \"ProductSize_productId_fkey\" on table \"ProductSize\""; severity: "ERROR"; detail: Some("Key (id)=(4b2027dd-d546-4aa3-a451-0a8ca9ee5364) is referenced from table \"ProductSize\"."); column: None; hint: None }); transient: false })
ERROR,0126-7891475284520,,,,,
Invalid `prisma.product.delete()` invocation in
C:\Users\sport\TenisCash\scripts\cleanup-meta-esportes-duplicates.js:158:34

  155   }
  156 }
  157 // 4. Deleta o produto meta (ProductSize cai em cascade conforme schema)
→ 158 await prisma.product.delete(
Error occurred during query execution:
ConnectorError(ConnectorError { user_facing_error: None; kind: QueryError(PostgresError { code: "23001"; message: "update or delete on table \"Product\" violates RESTRICT setting of foreign key constraint \"ProductSize_productId_fkey\" on table \"ProductSize\""; severity: "ERROR"; detail: Some("Key (id)=(bb26136e-b199-4000-92e1-b88f9874e0a3) is referenced from table \"ProductSize\"."); column: None; hint: None }); transient: false })
ERROR,0126-7891475361108,,,,,
Invalid `prisma.product.delete()` invocation in
C:\Users\sport\TenisCash\scripts\cleanup-meta-esportes-duplicates.js:158:34

  155   }
  156 }
  157 // 4. Deleta o produto meta (ProductSize cai em cascade conforme schema)
→ 158 await prisma.product.delete(
Error occurred during query execution:
ConnectorError(ConnectorError { user_facing_error: None; kind: QueryError(PostgresError { code: "23001"; message: "update or delete on table \"Product\" violates RESTRICT setting of foreign key constraint \"ProductSize_productId_fkey\" on table \"ProductSize\""; severity: "ERROR"; detail: Some("Key (id)=(a7677dad-5f4c-491e-bc73-5cdbc78f6cff) is referenced from table \"ProductSize\"."); column: None; hint: None }); transient: false })
ERROR,0126-7891475283240,,,,,
Invalid `prisma.product.delete()` invocation in
C:\Users\sport\TenisCash\scripts\cleanup-meta-esportes-duplicates.js:158:34

  155   }
  156 }
  157 // 4. Deleta o produto meta (ProductSize cai em cascade conforme schema)
→ 158 await prisma.product.delete(
Error occurred during query execution:
ConnectorError(ConnectorError { user_facing_error: None; kind: QueryError(PostgresError { code: "23001"; message: "update or delete on table \"Product\" violates RESTRICT setting of foreign key constraint \"ProductSize_productId_fkey\" on table \"ProductSize\""; severity: "ERROR"; detail: Some("Key (id)=(75b0016d-5cad-444b-b5f4-13b18b4059e0) is referenced from table \"ProductSize\"."); column: None; hint: None }); transient: false })
KEEP_UNIQUE_EAN,0126-7891475361184,TOP COR: 201 (CROCO) TAM:,7891475293737,,,
KEEP_UNIQUE_EAN,0126-7891475361795,TOP COR: 311 (MARINHO) TAM:,7891475360224,,,
KEEP_UNIQUE_EAN,0126-7891475268650,CALCA LEGGING COR: 311 (MARINHO) TAM:,7891475283233,,,
KEEP_UNIQUE_EAN,0126-7891475362129,SHORT COR: 311 (MARINHO) TAM:,7891475360309,,,
KEEP_UNIQUE_EAN,0126-7891475364208,TOP COR: 077 (PRETO) TAM:,7890403365362,,,
KEEP_UNIQUE_EAN,0126-7891475283028,CALCA LEGGING COR: 077 (PRETO) TAM:,7891475364406,,,
ERROR,0126-7891475283219,,,,,
Invalid `prisma.product.delete()` invocation in
C:\Users\sport\TenisCash\scripts\cleanup-meta-esportes-duplicates.js:158:34

  155   }
  156 }
  157 // 4. Deleta o produto meta (ProductSize cai em cascade conforme schema)
→ 158 await prisma.product.delete(
Error occurred during query execution:
ConnectorError(ConnectorError { user_facing_error: None; kind: QueryError(PostgresError { code: "23001"; message: "update or delete on table \"Product\" violates RESTRICT setting of foreign key constraint \"ProductSize_productId_fkey\" on table \"ProductSize\""; severity: "ERROR"; detail: Some("Key (id)=(c86e259c-c6b9-4bb6-976b-79e86b950d5c) is referenced from table \"ProductSize\"."); column: None; hint: None }); transient: false })
ERROR,0126-7891475364598,,,,,
Invalid `prisma.product.delete()` invocation in
C:\Users\sport\TenisCash\scripts\cleanup-meta-esportes-duplicates.js:158:34

  155   }
  156 }
  157 // 4. Deleta o produto meta (ProductSize cai em cascade conforme schema)
→ 158 await prisma.product.delete(
Error occurred during query execution:
ConnectorError(ConnectorError { user_facing_error: None; kind: QueryError(PostgresError { code: "23001"; message: "update or delete on table \"Product\" violates RESTRICT setting of foreign key constraint \"ProductSize_productId_fkey\" on table \"ProductSize\""; severity: "ERROR"; detail: Some("Key (id)=(cc591dcc-ce27-4aaf-9702-105e7c2c2070) is referenced from table \"ProductSize\"."); column: None; hint: None }); transient: false })
ERROR,0126-7891475364857,,,,,
Invalid `prisma.product.delete()` invocation in
C:\Users\sport\TenisCash\scripts\cleanup-meta-esportes-duplicates.js:158:34

  155   }
  156 }
  157 // 4. Deleta o produto meta (ProductSize cai em cascade conforme schema)
→ 158 await prisma.product.delete(
Error occurred during query execution:
ConnectorError(ConnectorError { user_facing_error: None; kind: QueryError(PostgresError { code: "23001"; message: "update or delete on table \"Product\" violates RESTRICT setting of foreign key constraint \"ProductSize_productId_fkey\" on table \"ProductSize\""; severity: "ERROR"; detail: Some("Key (id)=(3796d191-34b2-4341-9fee-350aa744bab7) is referenced from table \"ProductSize\"."); column: None; hint: None }); transient: false })
ERROR,0126-7891475365007,,,,,
Invalid `prisma.product.delete()` invocation in
C:\Users\sport\TenisCash\scripts\cleanup-meta-esportes-duplicates.js:158:34

  155   }
  156 }
  157 // 4. Deleta o produto meta (ProductSize cai em cascade conforme schema)
→ 158 await prisma.product.delete(
Error occurred during query execution:
ConnectorError(ConnectorError { user_facing_error: None; kind: QueryError(PostgresError { code: "23001"; message: "update or delete on table \"Product\" violates RESTRICT setting of foreign key constraint \"ProductSize_productId_fkey\" on table \"ProductSize\""; severity: "ERROR"; detail: Some("Key (id)=(d4b60e19-ed99-4098-b127-61c9901c4e55) is referenced from table \"ProductSize\"."); column: None; hint: None }); transient: false })
KEEP_UNIQUE_EAN,0126-7891475368299,CALCA LEGGING COR: 201 (CROCO) TAM:,7891475352908,,,
ERROR,0126-7891475360392,,,,,
Invalid `prisma.product.delete()` invocation in
C:\Users\sport\TenisCash\scripts\cleanup-meta-esportes-duplicates.js:158:34

  155   }
  156 }
  157 // 4. Deleta o produto meta (ProductSize cai em cascade conforme schema)
→ 158 await prisma.product.delete(
Error occurred during query execution:
ConnectorError(ConnectorError { user_facing_error: None; kind: QueryError(PostgresError { code: "23001"; message: "update or delete on table \"Product\" violates RESTRICT setting of foreign key constraint \"ProductSize_productId_fkey\" on table \"ProductSize\""; severity: "ERROR"; detail: Some("Key (id)=(540d6b95-6a0a-4ae0-a30b-3b38f833a76b) is referenced from table \"ProductSize\"."); column: None; hint: None }); transient: false })
ERROR,0126-7891475361276,,,,,
Invalid `prisma.product.delete()` invocation in
C:\Users\sport\TenisCash\scripts\cleanup-meta-esportes-duplicates.js:158:34

  155   }
  156 }
  157 // 4. Deleta o produto meta (ProductSize cai em cascade conforme schema)
→ 158 await prisma.product.delete(
Error occurred during query execution:
ConnectorError(ConnectorError { user_facing_error: None; kind: QueryError(PostgresError { code: "23001"; message: "update or delete on table \"Product\" violates RESTRICT setting of foreign key constraint \"ProductSize_productId_fkey\" on table \"ProductSize\""; severity: "ERROR"; detail: Some("Key (id)=(0b8b4858-efc8-46b3-b80f-5b8640a3ecb6) is referenced from table \"ProductSize\"."); column: None; hint: None }); transient: false })
KEEP_UNIQUE_EAN,0126-7891475291887,SHORT COR: 077 (PRETO) TAM:,7891475262917,,,
ERROR,0126-7891475373712,,,,,
Invalid `prisma.product.delete()` invocation in
C:\Users\sport\TenisCash\scripts\cleanup-meta-esportes-duplicates.js:158:34

  155   }
  156 }
  157 // 4. Deleta o produto meta (ProductSize cai em cascade conforme schema)
→ 158 await prisma.product.delete(
Error occurred during query execution:
ConnectorError(ConnectorError { user_facing_error: None; kind: QueryError(PostgresError { code: "23001"; message: "update or delete on table \"Product\" violates RESTRICT setting of foreign key constraint \"ProductSize_productId_fkey\" on table \"ProductSize\""; severity: "ERROR"; detail: Some("Key (id)=(bd846984-85f9-410b-906e-2984394c96cb) is referenced from table \"ProductSize\"."); column: None; hint: None }); transient: false })
ERROR,0126-7891475293669,,,,,
Invalid `prisma.product.delete()` invocation in
C:\Users\sport\TenisCash\scripts\cleanup-meta-esportes-duplicates.js:158:34

  155   }
  156 }
  157 // 4. Deleta o produto meta (ProductSize cai em cascade conforme schema)
→ 158 await prisma.product.delete(
Error occurred during query execution:
ConnectorError(ConnectorError { user_facing_error: None; kind: QueryError(PostgresError { code: "23001"; message: "update or delete on table \"Product\" violates RESTRICT setting of foreign key constraint \"ProductSize_productId_fkey\" on table \"ProductSize\""; severity: "ERROR"; detail: Some("Key (id)=(808e2f9c-025d-4d3a-82b6-ce009a172298) is referenced from table \"ProductSize\"."); column: None; hint: None }); transient: false })
ERROR,0126-7890403468247,,,,,
Invalid `prisma.product.delete()` invocation in
C:\Users\sport\TenisCash\scripts\cleanup-meta-esportes-duplicates.js:158:34

  155   }
  156 }
  157 // 4. Deleta o produto meta (ProductSize cai em cascade conforme schema)
→ 158 await prisma.product.delete(
Error occurred during query execution:
ConnectorError(ConnectorError { user_facing_error: None; kind: QueryError(PostgresError { code: "23001"; message: "update or delete on table \"Product\" violates RESTRICT setting of foreign key constraint \"ProductSize_productId_fkey\" on table \"ProductSize\""; severity: "ERROR"; detail: Some("Key (id)=(cda167b2-7854-44c1-a065-5383bb314c72) is referenced from table \"ProductSize\"."); column: None; hint: None }); transient: false })
ERROR,0126-7890403468414,,,,,
Invalid `prisma.product.delete()` invocation in
C:\Users\sport\TenisCash\scripts\cleanup-meta-esportes-duplicates.js:158:34

  155   }
  156 }
  157 // 4. Deleta o produto meta (ProductSize cai em cascade conforme schema)
→ 158 await prisma.product.delete(
Error occurred during query execution:
ConnectorError(ConnectorError { user_facing_error: None; kind: QueryError(PostgresError { code: "23001"; message: "update or delete on table \"Product\" violates RESTRICT setting of foreign key constraint \"ProductSize_productId_fkey\" on table \"ProductSize\""; severity: "ERROR"; detail: Some("Key (id)=(2f852bc7-52b4-440b-9ba8-77ae6b14b7ce) is referenced from table \"ProductSize\"."); column: None; hint: None }); transient: false })
ERROR,0126-7891475171967,,,,,
Invalid `prisma.product.delete()` invocation in
C:\Users\sport\TenisCash\scripts\cleanup-meta-esportes-duplicates.js:158:34

  155   }
  156 }
  157 // 4. Deleta o produto meta (ProductSize cai em cascade conforme schema)
→ 158 await prisma.product.delete(
Error occurred during query execution:
ConnectorError(ConnectorError { user_facing_error: None; kind: QueryError(PostgresError { code: "23001"; message: "update or delete on table \"Product\" violates RESTRICT setting of foreign key constraint \"ProductSize_productId_fkey\" on table \"ProductSize\""; severity: "ERROR"; detail: Some("Key (id)=(73505204-d8f2-43fd-b4fa-6922f2861947) is referenced from table \"ProductSize\"."); column: None; hint: None }); transient: false })
ERROR,0126-7890403138812,,,,,
Invalid `prisma.product.delete()` invocation in
C:\Users\sport\TenisCash\scripts\cleanup-meta-esportes-duplicates.js:158:34

  155   }
  156 }
  157 // 4. Deleta o produto meta (ProductSize cai em cascade conforme schema)
→ 158 await prisma.product.delete(
Error occurred during query execution:
ConnectorError(ConnectorError { user_facing_error: None; kind: QueryError(PostgresError { code: "23001"; message: "update or delete on table \"Product\" violates RESTRICT setting of foreign key constraint \"ProductSize_productId_fkey\" on table \"ProductSize\""; severity: "ERROR"; detail: Some("Key (id)=(14f8cabb-b93a-46a7-9397-e8abe6c8a205) is referenced from table \"ProductSize\"."); column: None; hint: None }); transient: false })
ERROR,0126-7891475359228,,,,,
Invalid `prisma.product.delete()` invocation in
C:\Users\sport\TenisCash\scripts\cleanup-meta-esportes-duplicates.js:158:34

  155   }
  156 }
  157 // 4. Deleta o produto meta (ProductSize cai em cascade conforme schema)
→ 158 await prisma.product.delete(
Error occurred during query execution:
ConnectorError(ConnectorError { user_facing_error: None; kind: QueryError(PostgresError { code: "23001"; message: "update or delete on table \"Product\" violates RESTRICT setting of foreign key constraint \"ProductSize_productId_fkey\" on table \"ProductSize\""; severity: "ERROR"; detail: Some("Key (id)=(e187c8d9-a1c4-4600-b48c-2f644d35688f) is referenced from table \"ProductSize\"."); column: None; hint: None }); transient: false })
ERROR,0126-7891475258804,,,,,
Invalid `prisma.product.delete()` invocation in
C:\Users\sport\TenisCash\scripts\cleanup-meta-esportes-duplicates.js:158:34

  155   }
  156 }
  157 // 4. Deleta o produto meta (ProductSize cai em cascade conforme schema)
→ 158 await prisma.product.delete(
Error occurred during query execution:
ConnectorError(ConnectorError { user_facing_error: None; kind: QueryError(PostgresError { code: "23001"; message: "update or delete on table \"Product\" violates RESTRICT setting of foreign key constraint \"ProductSize_productId_fkey\" on table \"ProductSize\""; severity: "ERROR"; detail: Some("Key (id)=(e7c23b39-2cd6-4975-9c48-47ba7ab153c3) is referenced from table \"ProductSize\"."); column: None; hint: None }); transient: false })
ERROR,0126-7891475285336,,,,,
Invalid `prisma.product.delete()` invocation in
C:\Users\sport\TenisCash\scripts\cleanup-meta-esportes-duplicates.js:158:34

  155   }
  156 }
  157 // 4. Deleta o produto meta (ProductSize cai em cascade conforme schema)
→ 158 await prisma.product.delete(
Error occurred during query execution:
ConnectorError(ConnectorError { user_facing_error: None; kind: QueryError(PostgresError { code: "23001"; message: "update or delete on table \"Product\" violates RESTRICT setting of foreign key constraint \"ProductSize_productId_fkey\" on table \"ProductSize\""; severity: "ERROR"; detail: Some("Key (id)=(a49d365e-79d5-4a11-b80c-583c22c8b69a) is referenced from table \"ProductSize\"."); column: None; hint: None }); transient: false })
ERROR,0126-7891475360194,,,,,
Invalid `prisma.product.delete()` invocation in
C:\Users\sport\TenisCash\scripts\cleanup-meta-esportes-duplicates.js:158:34

  155   }
  156 }
  157 // 4. Deleta o produto meta (ProductSize cai em cascade conforme schema)
→ 158 await prisma.product.delete(
Error occurred during query execution:
ConnectorError(ConnectorError { user_facing_error: None; kind: QueryError(PostgresError { code: "23001"; message: "update or delete on table \"Product\" violates RESTRICT setting of foreign key constraint \"ProductSize_productId_fkey\" on table \"ProductSize\""; severity: "ERROR"; detail: Some("Key (id)=(f70a0a0b-483a-4f63-869a-76c21bf0578b) is referenced from table \"ProductSize\"."); column: None; hint: None }); transient: false })
KEEP_UNIQUE_EAN,0126-7891475351888,MACAQUINHO COR: 311 (MARINHO) TAM:,7891475351888,,,
ERROR,0126-7891475359167,,,,,
Invalid `prisma.product.delete()` invocation in
C:\Users\sport\TenisCash\scripts\cleanup-meta-esportes-duplicates.js:158:34

  155   }
  156 }
  157 // 4. Deleta o produto meta (ProductSize cai em cascade conforme schema)
→ 158 await prisma.product.delete(
Error occurred during query execution:
ConnectorError(ConnectorError { user_facing_error: None; kind: QueryError(PostgresError { code: "23001"; message: "update or delete on table \"Product\" violates RESTRICT setting of foreign key constraint \"ProductSize_productId_fkey\" on table \"ProductSize\""; severity: "ERROR"; detail: Some("Key (id)=(39885a21-1a5f-418f-824d-430fc4c92233) is referenced from table \"ProductSize\"."); column: None; hint: None }); transient: false })
ERROR,0126-7893659697898,,,,,
Invalid `prisma.product.delete()` invocation in
C:\Users\sport\TenisCash\scripts\cleanup-meta-esportes-duplicates.js:158:34

  155   }
  156 }
  157 // 4. Deleta o produto meta (ProductSize cai em cascade conforme schema)
→ 158 await prisma.product.delete(
Error occurred during query execution:
ConnectorError(ConnectorError { user_facing_error: None; kind: QueryError(PostgresError { code: "23001"; message: "update or delete on table \"Product\" violates RESTRICT setting of foreign key constraint \"ProductSize_productId_fkey\" on table \"ProductSize\""; severity: "ERROR"; detail: Some("Key (id)=(5afdf711-c2a5-4247-952a-af9248e455c1) is referenced from table \"ProductSize\"."); column: None; hint: None }); transient: false })
KEEP_NO_EAN,0126-7898736230111,BV-094 "PRETO" BOLSA DE VIAGEM EM POLIESTER 600 (MEDIA),,,,
KEEP_NO_EAN,0126-7898736230753,BV-094 "CAFE" BOLSA DE VIAGEM EM POLIESTER 600 (MEDIA),,,,
KEEP_NO_EAN,0126-7898736230746,BV-094 "MARINHO" BOLSA DE VIAGEM EM POLIESTER 600 (MEDIA),,,,
KEEP_NO_EAN,0126-7898736230166,FQ-065 "PRETO" NECESSAIRE EM COURO SINTETICO,,,,
KEEP_NO_EAN,0126-7898736230937,FQ-065 "CAFE" NECESSAIRE EM COURO SINTETICO,,,,
KEEP_NO_EAN,0126-7898736231286,M-096 "AZUL" MOCHILA FEMININA BASICA EM POLIESTER OXFORD,,,,
KEEP_NO_EAN,0126-7898736231309,M-096 "LILAS" MOCHILA FEMININA BASICA EM POLIESTER OXFORD,,,,
KEEP_NO_EAN,0126-7898736231316,M-096 "ROSA CLARO" MOCHILA FEMININA BASICA EM POLIESTER OXFORD,,,,
KEEP_UNIQUE_EAN,0126-7898736230203,M-104 "PRETO" MOCHILA BASICA EM POLIESTER,7898736230203,,,
KEEP_UNIQUE_EAN,0126-7898736231415,M-104 "MARINHO" MOCHILA BASICA EM POLIESTER,7898736231415,,,
KEEP_UNIQUE_EAN,0126-7898736230210,M-105 "PRETO C/ VERMELHO" MOCHILA BASICA EM POLIESTER,7898736230210,,,
KEEP_UNIQUE_EAN,0126-7898736231439,M-105 "MARINHO" MOCHILA BASICA EM POLIESTER,7898736231439,,,
KEEP_NO_EAN,0126-7898736231811,M-168 "AZUL" MOCHILA BASICA EM POLIESTER OXFORD,,,,
KEEP_NO_EAN,0126-7898736231798,M-168 "VINHO" MOCHILA BASICA EM POLIESTER OXFORD,,,,
KEEP_NO_EAN,0126-7898736230050,BV-025 "PRETO" BOLSA DE VIAGEM EM POLIESTER 600 (MEDIA),,,,
KEEP_NO_EAN,0126-7898736230685,BV-025 "GRAFITE" BOLSA DE VIAGEM EM POLIESTER 600 (MEDIA),,,,
KEEP_NO_EAN,0126-7898736230678,BV-025 "MARINHO" BOLSA DE VIAGEM EM POLIESTER 600 (MEDIA),,,,
ERROR,0126-7909434910653,,,,,
Invalid `prisma.product.delete()` invocation in
C:\Users\sport\TenisCash\scripts\cleanup-meta-esportes-duplicates.js:158:34

  155   }
  156 }
  157 // 4. Deleta o produto meta (ProductSize cai em cascade conforme schema)
→ 158 await prisma.product.delete(
Error occurred during query execution:
ConnectorError(ConnectorError { user_facing_error: None; kind: QueryError(PostgresError { code: "23001"; message: "update or delete on table \"Product\" violates RESTRICT setting of foreign key constraint \"ProductSize_productId_fkey\" on table \"ProductSize\""; severity: "ERROR"; detail: Some("Key (id)=(360edfd5-5da9-4d29-8ac1-8fc7be55c6a9) is referenced from table \"ProductSize\"."); column: None; hint: None }); transient: false })
ERROR,0126-7909434774538,,,,,
Invalid `prisma.product.delete()` invocation in
C:\Users\sport\TenisCash\scripts\cleanup-meta-esportes-duplicates.js:158:34

  155   }
  156 }
  157 // 4. Deleta o produto meta (ProductSize cai em cascade conforme schema)
→ 158 await prisma.product.delete(
Error occurred during query execution:
ConnectorError(ConnectorError { user_facing_error: None; kind: QueryError(PostgresError { code: "23001"; message: "update or delete on table \"Product\" violates RESTRICT setting of foreign key constraint \"ProductSize_productId_fkey\" on table \"ProductSize\""; severity: "ERROR"; detail: Some("Key (id)=(e2b2f283-f689-4002-8600-29c3fbb81b5a) is referenced from table \"ProductSize\"."); column: None; hint: None }); transient: false })
ERROR,0126-7909434776860,,,,,
Invalid `prisma.product.delete()` invocation in
C:\Users\sport\TenisCash\scripts\cleanup-meta-esportes-duplicates.js:158:34

  155   }
  156 }
  157 // 4. Deleta o produto meta (ProductSize cai em cascade conforme schema)
→ 158 await prisma.product.delete(
Error occurred during query execution:
ConnectorError(ConnectorError { user_facing_error: None; kind: QueryError(PostgresError { code: "23001"; message: "update or delete on table \"Product\" violates RESTRICT setting of foreign key constraint \"ProductSize_productId_fkey\" on table \"ProductSize\""; severity: "ERROR"; detail: Some("Key (id)=(57731409-ae8c-4881-8244-36bd726999dc) is referenced from table \"ProductSize\"."); column: None; hint: None }); transient: false })
ERROR,0126-7909434826299,,,,,
Invalid `prisma.product.delete()` invocation in
C:\Users\sport\TenisCash\scripts\cleanup-meta-esportes-duplicates.js:158:34

  155   }
  156 }
  157 // 4. Deleta o produto meta (ProductSize cai em cascade conforme schema)
→ 158 await prisma.product.delete(
Error occurred during query execution:
ConnectorError(ConnectorError { user_facing_error: None; kind: QueryError(PostgresError { code: "23001"; message: "update or delete on table \"Product\" violates RESTRICT setting of foreign key constraint \"ProductSize_productId_fkey\" on table \"ProductSize\""; severity: "ERROR"; detail: Some("Key (id)=(c29810f4-5432-48f3-8164-2f859bc8530c) is referenced from table \"ProductSize\"."); column: None; hint: None }); transient: false })
ERROR,0126-7909434831705,,,,,
Invalid `prisma.product.delete()` invocation in
C:\Users\sport\TenisCash\scripts\cleanup-meta-esportes-duplicates.js:158:34

  155   }
  156 }
  157 // 4. Deleta o produto meta (ProductSize cai em cascade conforme schema)
→ 158 await prisma.product.delete(
Error occurred during query execution:
ConnectorError(ConnectorError { user_facing_error: None; kind: QueryError(PostgresError { code: "23001"; message: "update or delete on table \"Product\" violates RESTRICT setting of foreign key constraint \"ProductSize_productId_fkey\" on table \"ProductSize\""; severity: "ERROR"; detail: Some("Key (id)=(a0682b06-32f2-477b-a3df-2ec57333beb2) is referenced from table \"ProductSize\"."); column: None; hint: None }); transient: false })
ERROR,0126-7909434821027,,,,,
Invalid `prisma.product.delete()` invocation in
C:\Users\sport\TenisCash\scripts\cleanup-meta-esportes-duplicates.js:158:34

  155   }
  156 }
  157 // 4. Deleta o produto meta (ProductSize cai em cascade conforme schema)
→ 158 await prisma.product.delete(
Error occurred during query execution:
ConnectorError(ConnectorError { user_facing_error: None; kind: QueryError(PostgresError { code: "23001"; message: "update or delete on table \"Product\" violates RESTRICT setting of foreign key constraint \"ProductSize_productId_fkey\" on table \"ProductSize\""; severity: "ERROR"; detail: Some("Key (id)=(5a41741e-6718-46d7-8d4b-f3e76f5de03f) is referenced from table \"ProductSize\"."); column: None; hint: None }); transient: false })
ERROR,0126-7909434823816,,,,,
Invalid `prisma.product.delete()` invocation in
C:\Users\sport\TenisCash\scripts\cleanup-meta-esportes-duplicates.js:158:34

  155   }
  156 }
  157 // 4. Deleta o produto meta (ProductSize cai em cascade conforme schema)
→ 158 await prisma.product.delete(
Error occurred during query execution:
ConnectorError(ConnectorError { user_facing_error: None; kind: QueryError(PostgresError { code: "23001"; message: "update or delete on table \"Product\" violates RESTRICT setting of foreign key constraint \"ProductSize_productId_fkey\" on table \"ProductSize\""; severity: "ERROR"; detail: Some("Key (id)=(88bd4aeb-d627-47e0-ab1a-b4f06944de0c) is referenced from table \"ProductSize\"."); column: None; hint: None }); transient: false })
ERROR,0126-7909434887597,,,,,
Invalid `prisma.product.delete()` invocation in
C:\Users\sport\TenisCash\scripts\cleanup-meta-esportes-duplicates.js:158:34

  155   }
  156 }
  157 // 4. Deleta o produto meta (ProductSize cai em cascade conforme schema)
→ 158 await prisma.product.delete(
Error occurred during query execution:
ConnectorError(ConnectorError { user_facing_error: None; kind: QueryError(PostgresError { code: "23001"; message: "update or delete on table \"Product\" violates RESTRICT setting of foreign key constraint \"ProductSize_productId_fkey\" on table \"ProductSize\""; severity: "ERROR"; detail: Some("Key (id)=(70672804-eb76-43dc-b112-f8b8dd9f3679) is referenced from table \"ProductSize\"."); column: None; hint: None }); transient: false })
ERROR,0126-7909434879424,,,,,
Invalid `prisma.product.delete()` invocation in
C:\Users\sport\TenisCash\scripts\cleanup-meta-esportes-duplicates.js:158:34

  155   }
  156 }
  157 // 4. Deleta o produto meta (ProductSize cai em cascade conforme schema)
→ 158 await prisma.product.delete(
Error occurred during query execution:
ConnectorError(ConnectorError { user_facing_error: None; kind: QueryError(PostgresError { code: "23001"; message: "update or delete on table \"Product\" violates RESTRICT setting of foreign key constraint \"ProductSize_productId_fkey\" on table \"ProductSize\""; severity: "ERROR"; detail: Some("Key (id)=(d98b03b5-4f01-4a49-b583-e8e357a32905) is referenced from table \"ProductSize\"."); column: None; hint: None }); transient: false })
ERROR,0126-7909434907509,,,,,
Invalid `prisma.product.delete()` invocation in
C:\Users\sport\TenisCash\scripts\cleanup-meta-esportes-duplicates.js:158:34

  155   }
  156 }
  157 // 4. Deleta o produto meta (ProductSize cai em cascade conforme schema)
→ 158 await prisma.product.delete(
Error occurred during query execution:
ConnectorError(ConnectorError { user_facing_error: None; kind: QueryError(PostgresError { code: "23001"; message: "update or delete on table \"Product\" violates RESTRICT setting of foreign key constraint \"ProductSize_productId_fkey\" on table \"ProductSize\""; severity: "ERROR"; detail: Some("Key (id)=(c0ae782c-0f7c-4d03-a719-b13589949f5e) is referenced from table \"ProductSize\"."); column: None; hint: None }); transient: false })
ERROR,0126-7909434476753,,,,,
Invalid `prisma.product.delete()` invocation in
C:\Users\sport\TenisCash\scripts\cleanup-meta-esportes-duplicates.js:158:34

  155   }
  156 }
  157 // 4. Deleta o produto meta (ProductSize cai em cascade conforme schema)
→ 158 await prisma.product.delete(
Error occurred during query execution:
ConnectorError(ConnectorError { user_facing_error: None; kind: QueryError(PostgresError { code: "23001"; message: "update or delete on table \"Product\" violates RESTRICT setting of foreign key constraint \"ProductSize_productId_fkey\" on table \"ProductSize\""; severity: "ERROR"; detail: Some("Key (id)=(4070be45-a051-4dbc-b287-564ab176c008) is referenced from table \"ProductSize\"."); column: None; hint: None }); transient: false })
ERROR,0126-7909434776396,,,,,
Invalid `prisma.product.delete()` invocation in
C:\Users\sport\TenisCash\scripts\cleanup-meta-esportes-duplicates.js:158:34

  155   }
  156 }
  157 // 4. Deleta o produto meta (ProductSize cai em cascade conforme schema)
→ 158 await prisma.product.delete(
Error occurred during query execution:
ConnectorError(ConnectorError { user_facing_error: None; kind: QueryError(PostgresError { code: "23001"; message: "update or delete on table \"Product\" violates RESTRICT setting of foreign key constraint \"ProductSize_productId_fkey\" on table \"ProductSize\""; severity: "ERROR"; detail: Some("Key (id)=(021d3c62-21eb-4393-af81-300be6b69e50) is referenced from table \"ProductSize\"."); column: None; hint: None }); transient: false })
ERROR,0126-7909434902641,,,,,
Invalid `prisma.product.delete()` invocation in
C:\Users\sport\TenisCash\scripts\cleanup-meta-esportes-duplicates.js:158:34

  155   }
  156 }
  157 // 4. Deleta o produto meta (ProductSize cai em cascade conforme schema)
→ 158 await prisma.product.delete(
Error occurred during query execution:
ConnectorError(ConnectorError { user_facing_error: None; kind: QueryError(PostgresError { code: "23001"; message: "update or delete on table \"Product\" violates RESTRICT setting of foreign key constraint \"ProductSize_productId_fkey\" on table \"ProductSize\""; severity: "ERROR"; detail: Some("Key (id)=(a8c91784-544c-477b-8209-1f9a20090c28) is referenced from table \"ProductSize\"."); column: None; hint: None }); transient: false })
KEEP_NO_EAN,0126-5259,CALCA ATHLEISURE ARMYBR TAMANHO:P;COR:PRETO,,,,
KEEP_NO_EAN,0126-5260,CALCA ATHLEISURE ARMYBR TAMANHO:G;COR:PRETO,,,,
KEEP_NO_EAN,0126-5261,CALCA ATHLEISURE ARMYBR TAMANHO:GG;COR:PRETO,,,,
KEEP_NO_EAN,0126-5262,CALCA ATHLEISURE ARMYBR TAMANHO:XG;COR:PRETO,,,,
KEEP_NO_EAN,0126-5263,CALCA ATHLEISURE ARMYBR TAMANHO:P;COR:MUSGO,,,,
KEEP_NO_EAN,0126-5264,CALCA ATHLEISURE ARMYBR TAMANHO:M;COR:MUSGO,,,,
KEEP_NO_EAN,0126-5265,CALCA ATHLEISURE ARMYBR TAMANHO:G;COR:MUSGO,,,,
KEEP_NO_EAN,0126-5266,CALCA ATHLEISURE ARMYBR TAMANHO:GG;COR:MUSGO,,,,
KEEP_NO_EAN,0126-5267,CALCA ATHLEISURE ARMYBR TAMANHO:XG;COR:MUSGO,,,,
KEEP_NO_EAN,0126-5268,CALCA ATHLEISURE ARMYBR TAMANHO:P;COR:AREIA,,,,
KEEP_NO_EAN,0126-5269,CALCA ATHLEISURE ARMYBR TAMANHO:M;COR:AREIA,,,,
KEEP_NO_EAN,0126-5270,CALCA ATHLEISURE ARMYBR TAMANHO:G;COR:AREIA,,,,
KEEP_NO_EAN,0126-5271,CALCA ATHLEISURE ARMYBR TAMANHO:GG;COR:AREIA,,,,
KEEP_NO_EAN,0126-5272,CALCA ATHLEISURE ARMYBR TAMANHO:XG;COR:AREIA,,,,
KEEP_NO_EAN,0126-5273,CALCA ATHLEISURE ARMYBR TAMANHO:P;COR:CARBOX,,,,
KEEP_NO_EAN,0126-5274,CALCA ATHLEISURE ARMYBR TAMANHO:M;COR:CARBOX,,,,
KEEP_NO_EAN,0126-5275,CALCA ATHLEISURE ARMYBR TAMANHO:G;COR:CARBOX,,,,
KEEP_NO_EAN,0126-5276,CALCA ATHLEISURE ARMYBR TAMANHO:GG;COR:CARBOX,,,,
KEEP_NO_EAN,0126-5277,CALCA ATHLEISURE ARMYBR TAMANHO:XG;COR:CARBOX,,,,
KEEP_NO_EAN,0126-5278,CAMISETA TECH MODAL ARMY TAMANHO:P;COR:PRETO,,,,
KEEP_NO_EAN,0126-5279,CAMISETA TECH MODAL ARMY TAMANHO:M;COR:PRETO,,,,
KEEP_NO_EAN,0126-5280,CAMISETA TECH MODAL ARMY TAMANHO:G;COR:PRETO,,,,
KEEP_NO_EAN,0126-5281,CAMISETA TECH MODAL ARMY TAMANHO:GG;COR:PRETO,,,,
KEEP_NO_EAN,0126-5282,CAMISETA TECH MODAL ARMY TAMANHO:XG;COR:PRETO,,,,
KEEP_NO_EAN,0126-5283,CAMISETA TECH MODAL ARMY TAMANHO:XXG;COR:PRETO,,,,
KEEP_NO_EAN,0126-5284,CAMISETA TECH MODAL ARMY TAMANHO:P;COR:BRANCO,,,,
KEEP_NO_EAN,0126-5285,CAMISETA TECH MODAL ARMY TAMANHO:M;COR:BRANCO,,,,
KEEP_NO_EAN,0126-5286,CAMISETA TECH MODAL ARMY TAMANHO:G;COR:BRANCO,,,,
KEEP_NO_EAN,0126-5287,CAMISETA TECH MODAL ARMY TAMANHO:GG;COR:BRANCO,,,,
KEEP_NO_EAN,0126-5288,CAMISETA TECH MODAL ARMY TAMANHO:XG;COR:BRANCO,,,,
KEEP_NO_EAN,0126-5289,CAMISETA TECH MODAL ARMY TAMANHO:P;COR:MARINHO,,,,
KEEP_NO_EAN,0126-5290,CAMISETA TECH MODAL ARMY TAMANHO:M;COR:MARINHO,,,,
KEEP_NO_EAN,0126-5291,CAMISETA TECH MODAL ARMY TAMANHO:G;COR:MARINHO,,,,
KEEP_NO_EAN,0126-5292,CAMISETA TECH MODAL ARMY TAMANHO:GG;COR:MARINHO,,,,
KEEP_NO_EAN,0126-5293,CAMISETA TECH MODAL ARMY TAMANHO:XG;COR:MARINHO,,,,
KEEP_NO_EAN,0126-5294,CAMISETA TECH MODAL ARMY TAMANHO:XXG;COR:MARINHO,,,,
KEEP_NO_EAN,0126-5295,CAMISETA TECH MODAL ARMY TAMANHO:P;COR:MANILA,,,,
KEEP_NO_EAN,0126-5296,CAMISETA TECH MODAL ARMY TAMANHO:M;COR:MANILA,,,,
KEEP_NO_EAN,0126-5297,CAMISETA TECH MODAL ARMY TAMANHO:G;COR:MANILA,,,,
KEEP_NO_EAN,0126-5298,CAMISETA TECH MODAL ARMY TAMANHO:GG;COR:MANILA,,,,
KEEP_NO_EAN,0126-5299,CAMISETA TECH MODAL ARMY TAMANHO:XG;COR:MANILA,,,,
KEEP_NO_EAN,0126-5300,CAMISETA TECH MODAL ARMY TAMANHO:XXG;COR:MANILA,,,,
KEEP_NO_EAN,0126-5301,SHORTS TRAINING ARMYBR TAMANHO:P;COR:PRETO,,,,
KEEP_NO_EAN,0126-5302,SHORTS TRAINING ARMYBR TAMANHO:M;COR:PRETO,,,,
KEEP_NO_EAN,0126-5303,SHORTS TRAINING ARMYBR TAMANHO:G;COR:PRETO,,,,
KEEP_NO_EAN,0126-5304,SHORTS TRAINING ARMYBR TAMANHO:GG;COR:PRETO,,,,
KEEP_NO_EAN,0126-5305,SHORTS TRAINING ARMYBR TAMANHO:XG;COR:PRETO,,,,
KEEP_NO_EAN,0126-5306,SHORTS TRAINING ARMYBR TAMANHO:P;COR:SAND,,,,
KEEP_NO_EAN,0126-5307,SHORTS TRAINING ARMYBR TAMANHO:M;COR:SAND,,,,
KEEP_NO_EAN,0126-5308,SHORTS TRAINING ARMYBR TAMANHO:G;COR:SAND,,,,
KEEP_NO_EAN,0126-5309,SHORTS TRAINING ARMYBR TAMANHO:GG;COR:SAND,,,,
KEEP_NO_EAN,0126-5310,SHORTS TRAINING ARMYBR TAMANHO:P;COR:CINZA,,,,
KEEP_NO_EAN,0126-5311,SHORTS TRAINING ARMYBR TAMANHO:M;COR:CINZA,,,,
KEEP_NO_EAN,0126-5312,SHORTS TRAINING ARMYBR TAMANHO:G;COR:CINZA,,,,
KEEP_NO_EAN,0126-5313,SHORTS TRAINING ARMYBR TAMANHO:GG;COR:CINZA,,,,
KEEP_NO_EAN,0126-5314,CALCA POLIAMIDA SUPREME ARMY TAMANHO:P;COR:PRETO,,,,
KEEP_NO_EAN,0126-5315,CALCA POLIAMIDA SUPREME ARMY TAMANHO:M;COR:PRETO,,,,
KEEP_NO_EAN,0126-5316,CALCA POLIAMIDA SUPREME ARMY TAMANHO:G;COR:PRETO,,,,
KEEP_NO_EAN,0126-5317,CALCA POLIAMIDA SUPREME ARMY TAMANHO:GG;COR:PRETO,,,,
KEEP_NO_EAN,0126-5318,CALCA POLIAMIDA SUPREME ARMY TAMANHO:XG;COR:PRETO,,,,
KEEP_NO_EAN,0126-5319,CALCA POLIAMIDA SUPREME ARMY TAMANHO:XXG;COR:PRETO,,,,
KEEP_NO_EAN,0126-5320,CALCA POLIAMIDA SUPREME ARMY TAMANHO:M;COR:OFF-WHITE,,,,
KEEP_NO_EAN,0126-5321,CALCA POLIAMIDA SUPREME ARMY TAMANHO:G;COR:OFF-WHITE,,,,
KEEP_NO_EAN,0126-5322,CALCA POLIAMIDA SUPREME ARMY TAMANHO:GG;COR:OFF-WHITE,,,,
KEEP_NO_EAN,0126-5323,CALCA POLIAMIDA SUPREME ARMY TAMANHO:XG;COR:OFF-WHITE,,,,
KEEP_NO_EAN,0126-5324,CALCA POLIAMIDA SUPREME ARMY TAMANHO:XXG;COR:OFF-WHITE,,,,
KEEP_NO_EAN,0126-5325,SHORTS JOGGING REFLECTIVE TAMANHO:P;COR:PRETO,,,,
KEEP_NO_EAN,0126-5326,SHORTS JOGGING REFLECTIVE TAMANHO:M;COR:PRETO,,,,
KEEP_NO_EAN,0126-5327,SHORTS JOGGING REFLECTIVE TAMANHO:G;COR:PRETO,,,,
KEEP_NO_EAN,0126-5328,SHORTS JOGGING REFLECTIVE TAMANHO:GG;COR:PRETO,,,,
KEEP_NO_EAN,0126-5329,SHORTS JOGGING REFLECTIVE TAMANHO:XG;COR:PRETO,,,,
KEEP_NO_EAN,0126-5330,SHORTS JOGGING REFLECTIVE TAMANHO:GG;COR:MUSGO,,,,
KEEP_NO_EAN,0126-5331,SHORTS JOGGING REFLECTIVE TAMANHO:XG;COR:MUSGO,,,,
KEEP_NO_EAN,0126-5332,SHORTS JOGGING REFLECTIVE TAMANHO:P;COR:TERRA COTA,,,,
KEEP_NO_EAN,0126-5333,SHORTS JOGGING REFLECTIVE TAMANHO:M;COR:TERRA COTA,,,,
KEEP_NO_EAN,0126-5334,SHORTS JOGGING REFLECTIVE TAMANHO:G;COR:TERRA COTA,,,,
KEEP_NO_EAN,0126-5335,SHORTS JOGGING REFLECTIVE TAMANHO:GG;COR:TERRA COTA,,,,
KEEP_NO_EAN,0126-5336,SHORTS JOGGING REFLECTIVE TAMANHO:XG;COR:TERRA COTA,,,,
KEEP_NO_EAN,0126-5337,REGATA DRY ARMY NECK TAMANHO:G;COR:PRETO,,,,
KEEP_NO_EAN,0126-5338,REGATA DRY ARMY NECK TAMANHO:GG;COR:PRETO,,,,
KEEP_NO_EAN,0126-5339,REGATA DRY ARMY NECK TAMANHO:XG;COR:PRETO,,,,
KEEP_NO_EAN,0126-5340,REGATA DRY ARMY NECK TAMANHO:XXG;COR:PRETO,,,,
KEEP_NO_EAN,0126-5341,REGATA DRY ARMY NECK TAMANHO:GG;COR:OFF-WHITE,,,,
KEEP_NO_EAN,0126-5342,REGATA DRY ARMY NECK TAMANHO:XG;COR:OFF-WHITE,,,,
KEEP_NO_EAN,0126-5343,REGATA DRY ARMY NECK TAMANHO:XXG;COR:OFF-WHITE,,,,
KEEP_NO_EAN,0126-5344,REGATA DRY ARMY NECK TAMANHO:GG;COR:BRANCO,,,,
KEEP_NO_EAN,0126-5345,REGATA DRY ARMY NECK TAMANHO:XG;COR:BRANCO,,,,
KEEP_NO_EAN,0126-5346,CAMISETA DRY TRAINING TAMANHO:P;COR:OFF-WHITE,,,,
KEEP_NO_EAN,0126-5347,CAMISETA DRY TRAINING TAMANHO:M;COR:OFF-WHITE,,,,
KEEP_NO_EAN,0126-5348,CAMISETA DRY TRAINING TAMANHO:G;COR:OFF-WHITE,,,,
KEEP_NO_EAN,0126-5349,CAMISETA DRY TRAINING TAMANHO:GG;COR:OFF-WHITE,,,,
KEEP_NO_EAN,0126-5350,CAMISETA DRY TRAINING TAMANHO:XG;COR:OFF-WHITE,,,,
KEEP_NO_EAN,0126-5351,CAMISETA DRY TRAINING TAMANHO:P;COR:GELO,,,,
KEEP_NO_EAN,0126-5352,CAMISETA DRY TRAINING TAMANHO:M;COR:GELO,,,,
KEEP_NO_EAN,0126-5353,CAMISETA DRY TRAINING TAMANHO:G;COR:GELO,,,,
KEEP_NO_EAN,0126-5354,CAMISETA DRY TRAINING TAMANHO:GG;COR:GELO,,,,
KEEP_NO_EAN,0126-5355,CAMISETA DRY TRAINING TAMANHO:XG;COR:GELO,,,,
KEEP_NO_EAN,0126-5356,CAMISETA DRY TRAINING TAMANHO:XXG;COR:GELO,,,,
KEEP_NO_EAN,0126-5357,REGATA TECH MODAL ARMYBR TAMANHO:P;COR:PRETO,,,,
KEEP_NO_EAN,0126-5358,REGATA TECH MODAL ARMYBR TAMANHO:M;COR:PRETO,,,,
KEEP_NO_EAN,0126-5359,REGATA TECH MODAL ARMYBR TAMANHO:G;COR:PRETO,,,,
KEEP_NO_EAN,0126-5360,REGATA TECH MODAL ARMYBR TAMANHO:GG;COR:PRETO,,,,
KEEP_NO_EAN,0126-5361,REGATA TECH MODAL ARMYBR TAMANHO:XG;COR:PRETO,,,,
KEEP_NO_EAN,0126-5362,REGATA TECH MODAL ARMYBR TAMANHO:XXG;COR:PRETO,,,,
KEEP_NO_EAN,0126-5363,REGATA TECH MODAL ARMYBR TAMANHO:P;COR:MANILA,,,,
KEEP_NO_EAN,0126-5364,REGATA TECH MODAL ARMYBR TAMANHO:M;COR:MANILA,,,,
KEEP_NO_EAN,0126-5365,REGATA TECH MODAL ARMYBR TAMANHO:G;COR:MANILA,,,,
KEEP_NO_EAN,0126-5366,REGATA TECH MODAL ARMYBR TAMANHO:GG;COR:MANILA,,,,
KEEP_NO_EAN,0126-5367,REGATA TECH MODAL ARMYBR TAMANHO:XG;COR:MANILA,,,,
KEEP_NO_EAN,0126-5368,REGATA TECH MODAL ARMYBR TAMANHO:XXG;COR:MANILA,,,,
KEEP_NO_EAN,0126-5369,CAMISETA DRY TECH GOLA V TAMANHO:P;COR:PRETO,,,,
KEEP_NO_EAN,0126-5370,CAMISETA DRY TECH GOLA V TAMANHO:M;COR:PRETO,,,,
KEEP_NO_EAN,0126-5371,CAMISETA DRY TECH GOLA V TAMANHO:G;COR:PRETO,,,,
KEEP_NO_EAN,0126-5372,CAMISETA DRY TECH GOLA V TAMANHO:GG;COR:PRETO,,,,
KEEP_NO_EAN,0126-5373,CAMISETA DRY TECH GOLA V TAMANHO:XG;COR:PRETO,,,,
KEEP_NO_EAN,0126-5374,CAMISETA DRY TECH GOLA V TAMANHO:P;COR:GELO,,,,
KEEP_NO_EAN,0126-5375,CAMISETA DRY TECH GOLA V TAMANHO:M;COR:GELO,,,,
KEEP_NO_EAN,0126-5376,CAMISETA DRY TECH GOLA V TAMANHO:G;COR:GELO,,,,
KEEP_NO_EAN,0126-5377,CAMISETA DRY TECH GOLA V TAMANHO:GG;COR:GELO,,,,
KEEP_NO_EAN,0126-5378,REGATA MINIMALIST ARMY TAMANHO:P;COR:PRETO,,,,
KEEP_NO_EAN,0126-5379,REGATA MINIMALIST ARMY TAMANHO:GG;COR:PRETO,,,,
KEEP_NO_EAN,0126-5380,REGATA MINIMALIST ARMY TAMANHO:XG;COR:PRETO,,,,
KEEP_NO_EAN,0126-5381,REGATA MINIMALIST ARMY TAMANHO:P;COR:VINHO,,,,
KEEP_NO_EAN,0126-5382,REGATA MINIMALIST ARMY TAMANHO:GG;COR:VINHO,,,,
KEEP_NO_EAN,0126-5383,REGATA MINIMALIST ARMY TAMANHO:XG;COR:VINHO,,,,
KEEP_NO_EAN,0126-5384,REGATA MINIMALIST ARMY TAMANHO:P;COR:CINZA,,,,
KEEP_NO_EAN,0126-5385,REGATA MINIMALIST ARMY TAMANHO:M;COR:CINZA,,,,
KEEP_NO_EAN,0126-5386,REGATA MINIMALIST ARMY TAMANHO:G;COR:CINZA,,,,
KEEP_NO_EAN,0126-5387,REGATA MINIMALIST ARMY TAMANHO:P;COR:AREIA,,,,
KEEP_NO_EAN,0126-5388,REGATA MINIMALIST ARMY TAMANHO:M;COR:AREIA,,,,
KEEP_NO_EAN,0126-5389,REGATA MINIMALIST ARMY TAMANHO:G;COR:AREIA,,,,
KEEP_NO_EAN,0126-5390,REGATA MINIMALIST ARMY TAMANHO:GG;COR:AREIA,,,,
KEEP_NO_EAN,0126-5391,CAMISETA DRY FIT ATHLEISURE CHUMBO TAMANHO:P,,,,
KEEP_NO_EAN,0126-5392,CAMISETA DRY FIT ATHLEISURE CHUMBO TAMANHO:M,,,,
KEEP_NO_EAN,0126-5393,CAMISETA DRY FIT ATHLEISURE CHUMBO TAMANHO:G,,,,
KEEP_NO_EAN,0126-5394,CAMISETA DRY FIT ATHLEISURE CHUMBO TAMANHO:GG,,,,
KEEP_NO_EAN,0126-5395,CAMISETA DRY FIT ATHLEISURE CHUMBO TAMANHO:XG,,,,
KEEP_NO_EAN,0126-5396,REGATA FITNESS DRY FIT TAMANHO:P;COR:PRETO,,,,
KEEP_NO_EAN,0126-5397,REGATA FITNESS DRY FIT TAMANHO:M;COR:PRETO,,,,
KEEP_NO_EAN,0126-5398,REGATA FITNESS DRY FIT TAMANHO:G;COR:PRETO,,,,
KEEP_NO_EAN,0126-5399,REGATA FITNESS DRY FIT TAMANHO:GG;COR:PRETO,,,,
KEEP_NO_EAN,0126-5400,REGATA FITNESS DRY FIT TAMANHO:XG;COR:PRETO,,,,
KEEP_NO_EAN,0126-5401,REGATA FITNESS DRY FIT TAMANHO:XXG;COR:PRETO,,,,
KEEP_NO_EAN,0126-5402,REGATA FITNESS DRY FIT TAMANHO:P;COR:BRANCO,,,,
KEEP_NO_EAN,0126-5403,REGATA FITNESS DRY FIT TAMANHO:M;COR:BRANCO,,,,
KEEP_NO_EAN,0126-5404,REGATA FITNESS DRY FIT TAMANHO:G;COR:BRANCO,,,,
KEEP_NO_EAN,0126-5405,REGATA FITNESS DRY FIT TAMANHO:GG;COR:BRANCO,,,,
KEEP_NO_EAN,0126-5406,REGATA FITNESS DRY FIT TAMANHO:XG;COR:BRANCO,,,,
KEEP_NO_EAN,0126-5407,REGATA FITNESS DRY FIT TAMANHO:XXG;COR:BRANCO,,,,
KEEP_NO_EAN,0126-5408,REGATA FITNESS DRY FIT TAMANHO:P;COR:ACQUA,,,,
KEEP_NO_EAN,0126-5409,REGATA FITNESS DRY FIT TAMANHO:M;COR:ACQUA,,,,
KEEP_NO_EAN,0126-5410,REGATA FITNESS DRY FIT TAMANHO:G;COR:ACQUA,,,,
KEEP_NO_EAN,0126-5411,REGATA FITNESS DRY FIT TAMANHO:GG;COR:ACQUA,,,,
KEEP_NO_EAN,0126-5412,REGATA FITNESS DRY FIT TAMANHO:XG;COR:ACQUA,,,,
KEEP_NO_EAN,0126-5413,REGATA FITNESS DRY FIT TAMANHO:XXG;COR:ACQUA,,,,
KEEP_NO_EAN,0126-5414,REGATA DRY FIT COLLECTION TAMANHO:P;COR:PRETO,,,,
KEEP_NO_EAN,0126-5415,REGATA DRY FIT COLLECTION TAMANHO:P;COR:OFF-WHITE,,,,
KEEP_NO_EAN,0126-5416,REGATA DRY FIT COLLECTION TAMANHO:G;COR:OFF-WHITE,,,,
KEEP_NO_EAN,0126-5417,CAMISETA DRY FIT ATHLEISURE TAMANHO:P;COR:GELO,,,,
KEEP_NO_EAN,0126-5418,CAMISETA DRY FIT ATHLEISURE TAMANHO:M;COR:GELO,,,,
KEEP_NO_EAN,0126-5419,CAMISETA DRY FIT ATHLEISURE TAMANHO:G;COR:GELO,,,,
KEEP_NO_EAN,0126-5420,CAMISETA DRY FIT ATHLEISURE TAMANHO:GG;COR:GELO,,,,
KEEP_NO_EAN,0126-5421,CAMISETA DRY FIT ATHLEISURE TAMANHO:XG;COR:GELO,,,,
KEEP_NO_EAN,0126-5422,CAMISETA DRY FIT ATHLEISURE TAMANHO:XXG;COR:GELO,,,,
KEEP_NO_EAN,0126-5423,CAMISETA DRY FIT ATHLEISURE TAMANHO:P;COR:GALAXIA,,,,
KEEP_NO_EAN,0126-5424,CAMISETA DRY FIT ATHLEISURE TAMANHO:M;COR:GALAXIA,,,,
KEEP_NO_EAN,0126-5425,CAMISETA DRY FIT ATHLEISURE TAMANHO:G;COR:GALAXIA,,,,
KEEP_NO_EAN,0126-5426,CAMISETA DRY FIT ATHLEISURE TAMANHO:GG;COR:GALAXIA,,,,
KEEP_NO_EAN,0126-5427,CAMISETA DRY FIT ATHLEISURE TAMANHO:XG;COR:GALAXIA,,,,
KEEP_NO_EAN,0126-5428,CAMISETA DRY FIT ATHLEISURE TAMANHO:XXG;COR:GALAXIA,,,,
KEEP_NO_EAN,0126-5429,CAMISETA DRY FIT ATHLEISURE BRANCA TAMANHO:P,,,,
KEEP_NO_EAN,0126-5430,CAMISETA DRY FIT ATHLEISURE BRANCA TAMANHO:M,,,,
KEEP_NO_EAN,0126-5431,CAMISETA DRY FIT ATHLEISURE BRANCA TAMANHO:G,,,,
KEEP_NO_EAN,0126-5432,CAMISETA DRY FIT ATHLEISURE BRANCA TAMANHO:GG,,,,
KEEP_NO_EAN,0126-5433,CAMISETA DRY FIT ATHLEISURE BRANCA TAMANHO:XG,,,,
KEEP_NO_EAN,0126-5434,CAMISETA DRY FIT ATHLEISURE PRETA TAMANHO:P,,,,
KEEP_NO_EAN,0126-5435,CAMISETA DRY FIT ATHLEISURE PRETA TAMANHO:M,,,,
KEEP_NO_EAN,0126-5436,CAMISETA DRY FIT ATHLEISURE PRETA TAMANHO:G,,,,
KEEP_NO_EAN,0126-5437,CAMISETA DRY FIT ATHLEISURE PRETA TAMANHO:GG,,,,
KEEP_NO_EAN,0126-5438,CAMISETA DRY FIT ATHLEISURE PRETA TAMANHO:XG,,,,
ERROR,0126-7909701972087,,,,,
Invalid `prisma.product.delete()` invocation in
C:\Users\sport\TenisCash\scripts\cleanup-meta-esportes-duplicates.js:158:34

  155   }
  156 }
  157 // 4. Deleta o produto meta (ProductSize cai em cascade conforme schema)
→ 158 await prisma.product.delete(
Error occurred during query execution:
ConnectorError(ConnectorError { user_facing_error: None; kind: QueryError(PostgresError { code: "23001"; message: "update or delete on table \"Product\" violates RESTRICT setting of foreign key constraint \"ProductSize_productId_fkey\" on table \"ProductSize\""; severity: "ERROR"; detail: Some("Key (id)=(33eaf615-7d08-4f27-ad8f-9af439e0be35) is referenced from table \"ProductSize\"."); column: None; hint: None }); transient: false })
ERROR,0126-7909701977310,,,,,
Invalid `prisma.product.delete()` invocation in
C:\Users\sport\TenisCash\scripts\cleanup-meta-esportes-duplicates.js:158:34

  155   }
  156 }
  157 // 4. Deleta o produto meta (ProductSize cai em cascade conforme schema)
→ 158 await prisma.product.delete(
Error occurred during query execution:
ConnectorError(ConnectorError { user_facing_error: None; kind: QueryError(PostgresError { code: "23001"; message: "update or delete on table \"Product\" violates RESTRICT setting of foreign key constraint \"ProductSize_productId_fkey\" on table \"ProductSize\""; severity: "ERROR"; detail: Some("Key (id)=(a3af6679-f354-42eb-bb1c-04317a0a2364) is referenced from table \"ProductSize\"."); column: None; hint: None }); transient: false })
ERROR,0126-7894756867078,,,,,
Invalid `prisma.product.delete()` invocation in
C:\Users\sport\TenisCash\scripts\cleanup-meta-esportes-duplicates.js:158:34

  155   }
  156 }
  157 // 4. Deleta o produto meta (ProductSize cai em cascade conforme schema)
→ 158 await prisma.product.delete(
Error occurred during query execution:
ConnectorError(ConnectorError { user_facing_error: None; kind: QueryError(PostgresError { code: "23001"; message: "update or delete on table \"Product\" violates RESTRICT setting of foreign key constraint \"ProductSize_productId_fkey\" on table \"ProductSize\""; severity: "ERROR"; detail: Some("Key (id)=(e227230b-a27c-4cd7-b21a-dd54dbfae0b1) is referenced from table \"ProductSize\"."); column: None; hint: None }); transient: false })
ERROR,0126-7894929202361,,,,,
Invalid `prisma.product.delete()` invocation in
C:\Users\sport\TenisCash\scripts\cleanup-meta-esportes-duplicates.js:158:34

  155   }
  156 }
  157 // 4. Deleta o produto meta (ProductSize cai em cascade conforme schema)
→ 158 await prisma.product.delete(
Error occurred during query execution:
ConnectorError(ConnectorError { user_facing_error: None; kind: QueryError(PostgresError { code: "23001"; message: "update or delete on table \"Product\" violates RESTRICT setting of foreign key constraint \"ProductSize_productId_fkey\" on table \"ProductSize\""; severity: "ERROR"; detail: Some("Key (id)=(5766e419-eb3f-4bde-97c4-cccc90b70c53) is referenced from table \"ProductSize\"."); column: None; hint: None }); transient: false })
ERROR,0126-7894756200752,,,,,
Invalid `prisma.product.delete()` invocation in
C:\Users\sport\TenisCash\scripts\cleanup-meta-esportes-duplicates.js:158:34

  155   }
  156 }
  157 // 4. Deleta o produto meta (ProductSize cai em cascade conforme schema)
→ 158 await prisma.product.delete(
Error occurred during query execution:
ConnectorError(ConnectorError { user_facing_error: None; kind: QueryError(PostgresError { code: "23001"; message: "update or delete on table \"Product\" violates RESTRICT setting of foreign key constraint \"ProductSize_productId_fkey\" on table \"ProductSize\""; severity: "ERROR"; detail: Some("Key (id)=(0cf36525-2862-4f4a-af70-81846b3d4c32) is referenced from table \"ProductSize\"."); column: None; hint: None }); transient: false })
KEEP_NO_EAN,0126-7909392835999,MEIA LUPO AU SAP. INVISIVEL K3,,,,
ERROR,0126-7894756382908,,,,,
Invalid `prisma.product.delete()` invocation in
C:\Users\sport\TenisCash\scripts\cleanup-meta-esportes-duplicates.js:158:34

  155   }
  156 }
  157 // 4. Deleta o produto meta (ProductSize cai em cascade conforme schema)
→ 158 await prisma.product.delete(
Error occurred during query execution:
ConnectorError(ConnectorError { user_facing_error: None; kind: QueryError(PostgresError { code: "23001"; message: "update or delete on table \"Product\" violates RESTRICT setting of foreign key constraint \"ProductSize_productId_fkey\" on table \"ProductSize\""; severity: "ERROR"; detail: Some("Key (id)=(e2fd56d5-0b58-408f-8a50-ea0fa45e5163) is referenced from table \"ProductSize\"."); column: None; hint: None }); transient: false })
ERROR,0126-7894756382885,,,,,
Invalid `prisma.product.delete()` invocation in
C:\Users\sport\TenisCash\scripts\cleanup-meta-esportes-duplicates.js:158:34

  155   }
  156 }
  157 // 4. Deleta o produto meta (ProductSize cai em cascade conforme schema)
→ 158 await prisma.product.delete(
Error occurred during query execution:
ConnectorError(ConnectorError { user_facing_error: None; kind: QueryError(PostgresError { code: "23001"; message: "update or delete on table \"Product\" violates RESTRICT setting of foreign key constraint \"ProductSize_productId_fkey\" on table \"ProductSize\""; severity: "ERROR"; detail: Some("Key (id)=(3dfa86a8-94d9-43b4-a8c9-3282cc56e569) is referenced from table \"ProductSize\"."); column: None; hint: None }); transient: false })
KEEP_NO_EAN,0126-0040141215116,TORNOZELEIRA | PRETA | TAM. G | BASIC,,,,
KEEP_NO_EAN,0126-0631430086816,BRACO | BRANCA | TAM. P | VOLEI BRASIL,,,,
KEEP_NO_EAN,0126-0631430086823,BRACO | BRANCA | TAM. M | VOLEI BRASIL,,,,
KEEP_NO_EAN,0126-0631430086830,BRACO | BRANCA | TAM. G | VOLEI BRASIL,,,,
KEEP_NO_EAN,0126-0631430086779,BRACO | PRETA | TAM. P | VOLEI BRASIL,,,,
KEEP_NO_EAN,0126-0631430086786,BRACO | PRETA | TAM. M | VOLEI BRASIL,,,,
KEEP_NO_EAN,0126-0631430086809,BRACO | PRETA | TAM. GG | VOLEI BRASIL,,,,
KEEP_NO_EAN,0126-0631430086793,BRACO | PRETA | TAM. G | VOLEI BRASIL,,,,
KEEP_NO_EAN,0126-0631430086731,JOELHEIRA | BRANCA | TAM. P | PROTECAO | VOLEI BRASIL,,,,
KEEP_NO_EAN,0126-0631430086748,JOELHEIRA | BRANCA | TAM. M | COM PROTECAO | VOLEI BRASIL,,,,
KEEP_NO_EAN,0126-0631430086762,JOELHEIRA | BRANCA | TAM. GG | COM PROTECAO | VOLEI BRASIL,,,,
KEEP_NO_EAN,0126-0631430086755,JOELHEIRA | BRANCA | TAM. G | COM PROTECAO | VOLEI BRASIL,,,,
KEEP_NO_EAN,0126-0631430086694,JOELHEIRA | PRETA | TAM. P | COM PROTECAO | VOLEI BRASIL,,,,
KEEP_NO_EAN,0126-0631430086700,JOELHEIRA | PRETA | TAM. M | COM PROTECAO | VOLEI BRASIL,,,,
KEEP_NO_EAN,0126-0631430086717,JOELHEIRA | PRETA | TAM. G | COM PROTECAO | VOLEI BRASIL,,,,
KEEP_NO_EAN,0126-0631430086724,JOELHEIRA | PRETA | TAM. GG | COM PROTECAO | VOLEI BRASIL,,,,
KEEP_NO_EAN,0126-0040141215772,JOELHEIRA | PRETA | TAM. G | COM PROTECAO | SLIDE II,,,,
KEEP_NO_EAN,0126-0040141215789,JOELHEIRA | PRETA | TAM. GG | COM PROTECAO | SLIDE II,,,,
KEEP_NO_EAN,0126-0040141215741,JOELHEIRA | PRETA | TAM. PP | COM PROTECAO | SLIDE II,,,,
KEEP_NO_EAN,0126-0040141215758,JOELHEIRA | PRETA | TAM. P | COM PROTECAO | SLIDE II,,,,
KEEP_NO_EAN,0126-0040141215765,JOELHEIRA | PRETA | TAM. M | COM PROTECAO | SLIDE II,,,,
KEEP_NO_EAN,0126-0040141215840,JOELHEIRA | BRANCA | TAM. G | COM PROTECAO | FLYER II,,,,
KEEP_NO_EAN,0126-0040141215833,JOELHEIRA | BRANCA | TAM. M | COM PROTECAO| FLYER II,,,,
KEEP_NO_EAN,0126-0040141215826,JOELHEIRA | BRANCA | TAM. P | COM PROTECAO | FLYER II,,,,
KEEP_NO_EAN,0126-0040141215819,JOELHEIRA | PRETA | TAM. G | COM PROTECAO | FLYER II,,,,
KEEP_NO_EAN,0126-0040141215802,JOELHEIRA | PRETA | TAM. M | COM PROTECAO | FLYER II,,,,
KEEP_NO_EAN,0126-0040141215796,JOELHEIRA | PRETA | TAM. P | COM PROTECAO | FLYER II,,,,
KEEP_NO_EAN,0126-0619205770429,MASCARA RELAXANTE | PRETA,,,,
KEEP_NO_EAN,0126-0619205769744,PERNA | PRETA | TAM. P | TRAINING,,,,
KEEP_NO_EAN,0126-0619205769751,PERNA | PRETA | TAM. M | TRAINING,,,,
KEEP_NO_EAN,0126-0619205769775,PERNA | PRETA | TAM. GG | TRAINING,,,,
KEEP_NO_EAN,0126-0619205769867,COXA | CINZA | TAM. P | TRAINING,,,,
KEEP_NO_EAN,0126-0619205769874,COXA | CINZA | TAM. M | TRAINING,,,,
KEEP_NO_EAN,0126-0619205769898,COXA | CINZA | TAM. GG | TRAINING,,,,
KEEP_NO_EAN,0126-0619205769881,COXA | CINZA | TAM. G | TRAINING,,,,
KEEP_NO_EAN,0126-0619205769829,COXA | PRETA | TAM. P | TRAINING,,,,
KEEP_NO_EAN,0126-0619205769850,COXA | PRETA | TAM. GG | TRAINING,,,,
KEEP_NO_EAN,0126-0619205769843,COXA | PRETA | TAM. G | TRAINING,,,,
KEEP_NO_EAN,0126-0074468906822,CALCA DE COMPRESSAO | BRANCA | TAM. P | SPRY,,,,
KEEP_NO_EAN,0126-0074468906839,CALCA DE COMPRESSAO | BRANCA | TAM. M | SPRY,,,,
KEEP_NO_EAN,0126-0074468906846,CALCA DE COMPRESSAO | BRANCA | TAM. G | SPRY,,,,
KEEP_NO_EAN,0126-0040141215970,CALCA DE COMPRESSAO | PRETA | TAM. G | SPRY,,,,
KEEP_NO_EAN,0126-0040141215963,CALCA DE COMPRESSAO | PRETA | TAM. M | SPRY,,,,
KEEP_NO_EAN,0126-0040141215956,CALCA DE COMPRESSAO | PRETA | TAM. P | SPRY,,,,
KEEP_NO_EAN,0126-0631430087226,JOELHEIRA | PRETA | TAM. P | PRO,,,,
KEEP_NO_EAN,0126-0631430087110,JOELHEIRA | PRETA | TAM. M | PRO,,,,
KEEP_NO_EAN,0126-0631430087141,JOELHEIRA | PRETA | TAM. GG | PRO,,,,
KEEP_NO_EAN,0126-0631430087134,JOELHEIRA | PRETA | TAM. G | PRO,,,,
KEEP_NO_EAN,0126-0074468906945,IMOBILIZADOR DE POLEGAR | PRETA | TAM. G | DIREITA | PRO,,,,
KEEP_NO_EAN,0126-0074468906952,IMOBILIZADOR DE POLEGAR | PRETA | TAM. M | DIREITA | PRO,,,,
KEEP_NO_EAN,0126-0074468906969,IMOBILIZADOR DE POLEGAR | PRETA | TAM. P | DIREITA | PRO,,,,
KEEP_NO_EAN,0126-0040141215253,COTOVELEIRA | PRETA | TAM. P | BASIC,,,,
KEEP_NO_EAN,0126-0040141215260,COTOVELEIRA | PRETA | TAM. M | BASIC,,,,
KEEP_NO_EAN,0126-0040141215284,COTOVELEIRA | PRETA | TAM. GG | BASIC,,,,
KEEP_NO_EAN,0126-0040141215277,COTOVELEIRA | PRETA | TAM. G | BASIC,,,,
KEEP_NO_EAN,0126-0040141215130,JOELHEIRA | PRETA | TAM. P | BASIC,,,,
KEEP_NO_EAN,0126-0040141215147,JOELHEIRA | PRETA | TAM. M | BASIC,,,,
KEEP_NO_EAN,0126-0040141215161,JOELHEIRA | PRETA | TAM. GG | BASIC,,,,
KEEP_NO_EAN,0126-0040141215154,JOELHEIRA | PRETA | TAM. G | BASIC,,,,
KEEP_NO_EAN,0126-0040141215178,MUNHEQUEIRA | PRETA | TAM. P | BASIC,,,,
KEEP_NO_EAN,0126-0040141215185,MUNHEQUEIRA | PRETA | TAM. M | BASIC,,,,
KEEP_NO_EAN,0126-0040141215208,MUNHEQUEIRA | PRETA | TAM. GG | BASIC,,,,
KEEP_NO_EAN,0126-0040141215192,MUNHEQUEIRA | PRETA | TAM. G | BASIC,,,,
KEEP_NO_EAN,0126-0040141215215,PUNHO | PRETA | TAM. P | BASIC,,,,
KEEP_NO_EAN,0126-0040141215222,PUNHO | PRETA | TAM. M | BASIC,,,,
KEEP_NO_EAN,0126-0040141215246,PUNHO | PRETA | TAM. GG | BASIC,,,,
KEEP_NO_EAN,0126-0040141215239,PUNHO | PRETA | TAM. G | BASIC,,,,
KEEP_NO_EAN,0126-0040141215086,TORNOZELEIRA | PRETA | TAM. P | BASIC,,,,
KEEP_NO_EAN,0126-0040141215093,TORNOZELEIRA | PRETA | TAM. M | BASIC,,,,
KEEP_NO_EAN,0126-0040141215109,TORNOZELEIRA | PRETA | TAM. GG | BASIC,,,,
KEEP_NO_EAN,0126-4067892314000,REF: IH2555 - ADIZERO UBERSONIC 5 M 39/44 133221,,,,
KEEP_NO_EAN,0126-4067892313386,REF: IH8227 - DURAMO SL2 W 34/39 123321,,,,
KEEP_NO_EAN,0126-4067904375043,REF: IH8202 - DURAMO SPEED 2 M 39/42 1221,,,,
KEEP_NO_EAN,0126-4067904367291,REF: IH8205 - DURAMO SPEED 2 M 39/42 1221,,,,
KEEP_NO_EAN,0126-4067892332424,REF: IH8207 - DURAMO SPEED 2 W 34/39 123321,,,,
KEEP_NO_EAN,0126-4067892502445,REF: JI3978 - RUNFALCON 5 W 35/38 1221,,,,
KEEP_NO_EAN,0126-4067892463579,REF: JI3974 - RUNFALCON 5 W 34/39 123321,,,,
KEEP_NO_EAN,0126-4067904996422,REF: JJ7823 - RUNFALCON 5 W 34/39 123321,,,,
KEEP_NO_EAN,0126-4067903000731,REF: JR7810 - TENIS ADIZERO DRIVE 34/39 123321,,,,
KEEP_NO_EAN,0126-4066756025823,REF: IF7877 - TENIS DURAMO SL 34/39 123321,,,,
KEEP_NO_EAN,0126-4066765245502,REF: IE7987 - TENIS DURAMO SPEED 34/39 123321,,,,
KEEP_NO_EAN,0126-4067889163260,REF: IF9450 - TENIS DURAMO SPEED 35/38 1221,,,,
KEEP_NO_EAN,0126-4067898674764,REF: JJ6270 - TENIS GALAXY STAR 2 35/40 123321,,,,
KEEP_NO_EAN,0126-4067898671299,REF: JJ6279 - TENIS LATIN RUN 35/38 1221,,,,
KEEP_NO_EAN,0126-4067897204740,REF: JI4307 - TENIS RESPONSE SUPER 35/38 1221,,,,
KEEP_NO_EAN,0126-4067897428641,REF: JI4305 - TENIS RESPONSE SUPER 35/38 1221,,,,
KEEP_NO_EAN,0126-4067897423301,REF: JI4303 - TENIS RESPONSE SUPER 35/38 1221,,,,
ERROR,0126-7909701969001,,,,,
Invalid `prisma.product.delete()` invocation in
C:\Users\sport\TenisCash\scripts\cleanup-meta-esportes-duplicates.js:158:34

  155   }
  156 }
  157 // 4. Deleta o produto meta (ProductSize cai em cascade conforme schema)
→ 158 await prisma.product.delete(
Error occurred during query execution:
ConnectorError(ConnectorError { user_facing_error: None; kind: QueryError(PostgresError { code: "23001"; message: "update or delete on table \"Product\" violates RESTRICT setting of foreign key constraint \"ProductSize_productId_fkey\" on table \"ProductSize\""; severity: "ERROR"; detail: Some("Key (id)=(74d8940e-ffe0-488c-967d-77b384daf93a) is referenced from table \"ProductSize\"."); column: None; hint: None }); transient: false })
ERROR,0126-4570158229395,,,,,
Invalid `prisma.product.delete()` invocation in
C:\Users\sport\TenisCash\scripts\cleanup-meta-esportes-duplicates.js:158:34

  155   }
  156 }
  157 // 4. Deleta o produto meta (ProductSize cai em cascade conforme schema)
→ 158 await prisma.product.delete(
Error occurred during query execution:
ConnectorError(ConnectorError { user_facing_error: None; kind: QueryError(PostgresError { code: "23001"; message: "update or delete on table \"Product\" violates RESTRICT setting of foreign key constraint \"ProductSize_productId_fkey\" on table \"ProductSize\""; severity: "ERROR"; detail: Some("Key (id)=(9b19f925-d7de-4a0e-81a0-373a8768d569) is referenced from table \"ProductSize\"."); column: None; hint: None }); transient: false })
ERROR,0126-7909701971103,,,,,
Invalid `prisma.product.delete()` invocation in
C:\Users\sport\TenisCash\scripts\cleanup-meta-esportes-duplicates.js:158:34

  155   }
  156 }
  157 // 4. Deleta o produto meta (ProductSize cai em cascade conforme schema)
→ 158 await prisma.product.delete(
Error occurred during query execution:
ConnectorError(ConnectorError { user_facing_error: None; kind: QueryError(PostgresError { code: "23001"; message: "update or delete on table \"Product\" violates RESTRICT setting of foreign key constraint \"ProductSize_productId_fkey\" on table \"ProductSize\""; severity: "ERROR"; detail: Some("Key (id)=(b7049f81-e062-42c6-99bc-531d31e03043) is referenced from table \"ProductSize\"."); column: None; hint: None }); transient: false })
KEEP_NO_EAN,0126-7909800761520,MEIA UNISSEX DE USO COMUM SAPATILHA BRANCO/BRANCO/,,,,
KEEP_UNIQUE_EAN,0126-7909882127924,MEIA UNISSEX DE USO COMUM CANO MEDIO PRETO TAM:,7909882127924,,,
KEEP_NO_EAN,0126-7909800761506,MEIA UNISSEX DE USO COMUM SAPATILHA PRETO TAM: 39/,,,,
KEEP_NO_EAN,0126-7909800689879,MEIA UNISSEX DE USO COMUM CANO CURTO BRANCO TAM: 3,,,,
KEEP_NO_EAN,0126-7909800761551,MEIA UNISSEX DE USO COMUM INVISIVEL BRANCO/BRANCO/,,,,
KEEP_NO_EAN,0126-7909882127917,MEIA UNISSEX DE USO COMUM CANO MEDIO BRANCO TAM: 3,,,,
KEEP_NO_EAN,0126-7909800761537,MEIA UNISSEX DE USO COMUM INVISIVEL PRETO TAM: 33/,,,,
KEEP_NO_EAN,0126-7909882127955,MEIA UNISSEX DE USO COMUM CANO MEDIO BRANCO/BRANCO,,,,
KEEP_NO_EAN,0126-7909800761490,MEIA UNISSEX DE USO COMUM SAPATILHA PRETO TAM: 33/,,,,
KEEP_UNIQUE_EAN,0126-7909800761483,MEIA UNISSEX DE USO COMUM SAPATILHA BRANCO TAM:,7909800761483,,,
KEEP_UNIQUE_EAN,0126-7909800737228,MEIA UNISSEX DE USO COMUM INVISIVEL BRANCO TAM:,7909800737228,,,
KEEP_NO_EAN,0126-7909800761469,MEIA UNISSEX DE USO COMUM CANO CURTO BRANCO/BRANCO,,,,
KEEP_UNIQUE_EAN,0126-7909800761438,MEIA UNISSEX DE USO COMUM CANO CURTO PRETO TAM:,7909800761438,,,
KEEP_NO_EAN,0126-7900067751057,SAPATO CASUAL MASCULINO DE USO COMUM COM SOLA SINT,,,,
KEEP_NO_EAN,0126-7900015766591,SAPATO CASUAL FEMININA DE USO COMUM COM SOLA SINTE,,,,
KEEP_NO_EAN,0126-7900015895215,SAPATO CASUAL MASC. DE USO COMUM C/ SOLA SINT. CAB,,,,
ERROR,0126-7893659835757,,,,,
Invalid `prisma.product.delete()` invocation in
C:\Users\sport\TenisCash\scripts\cleanup-meta-esportes-duplicates.js:158:34

  155   }
  156 }
  157 // 4. Deleta o produto meta (ProductSize cai em cascade conforme schema)
→ 158 await prisma.product.delete(
Error occurred during query execution:
ConnectorError(ConnectorError { user_facing_error: None; kind: QueryError(PostgresError { code: "23001"; message: "update or delete on table \"Product\" violates RESTRICT setting of foreign key constraint \"ProductSize_productId_fkey\" on table \"ProductSize\""; severity: "ERROR"; detail: Some("Key (id)=(99d6471f-4b4c-46c5-9ea0-12f3fbef9df2) is referenced from table \"ProductSize\"."); column: None; hint: None }); transient: false })
ERROR,0126-7894929278267,,,,,
Invalid `prisma.product.delete()` invocation in
C:\Users\sport\TenisCash\scripts\cleanup-meta-esportes-duplicates.js:158:34

  155   }
  156 }
  157 // 4. Deleta o produto meta (ProductSize cai em cascade conforme schema)
→ 158 await prisma.product.delete(
Error occurred during query execution:
ConnectorError(ConnectorError { user_facing_error: None; kind: QueryError(PostgresError { code: "23001"; message: "update or delete on table \"Product\" violates RESTRICT setting of foreign key constraint \"ProductSize_productId_fkey\" on table \"ProductSize\""; severity: "ERROR"; detail: Some("Key (id)=(72cced06-5ea1-4d0f-81d9-bb91ef2b24bd) is referenced from table \"ProductSize\"."); column: None; hint: None }); transient: false })
ERROR,0126-7894756112321,,,,,
Invalid `prisma.product.delete()` invocation in
C:\Users\sport\TenisCash\scripts\cleanup-meta-esportes-duplicates.js:158:34

  155   }
  156 }
  157 // 4. Deleta o produto meta (ProductSize cai em cascade conforme schema)
→ 158 await prisma.product.delete(
Error occurred during query execution:
ConnectorError(ConnectorError { user_facing_error: None; kind: QueryError(PostgresError { code: "23001"; message: "update or delete on table \"Product\" violates RESTRICT setting of foreign key constraint \"ProductSize_productId_fkey\" on table \"ProductSize\""; severity: "ERROR"; detail: Some("Key (id)=(3a26f24c-8bf2-4301-8be9-2eaafb87d259) is referenced from table \"ProductSize\"."); column: None; hint: None }); transient: false })
ERROR,0126-7894756725804,,,,,
Invalid `prisma.product.delete()` invocation in
C:\Users\sport\TenisCash\scripts\cleanup-meta-esportes-duplicates.js:158:34

  155   }
  156 }
  157 // 4. Deleta o produto meta (ProductSize cai em cascade conforme schema)
→ 158 await prisma.product.delete(
Error occurred during query execution:
ConnectorError(ConnectorError { user_facing_error: None; kind: QueryError(PostgresError { code: "23001"; message: "update or delete on table \"Product\" violates RESTRICT setting of foreign key constraint \"ProductSize_productId_fkey\" on table \"ProductSize\""; severity: "ERROR"; detail: Some("Key (id)=(a558bb69-fc83-439f-aef0-f64f1b811ca9) is referenced from table \"ProductSize\"."); column: None; hint: None }); transient: false })
ERROR,0126-7893659833852,,,,,
Invalid `prisma.product.delete()` invocation in
C:\Users\sport\TenisCash\scripts\cleanup-meta-esportes-duplicates.js:158:34

  155   }
  156 }
  157 // 4. Deleta o produto meta (ProductSize cai em cascade conforme schema)
→ 158 await prisma.product.delete(
Error occurred during query execution:
ConnectorError(ConnectorError { user_facing_error: None; kind: QueryError(PostgresError { code: "23001"; message: "update or delete on table \"Product\" violates RESTRICT setting of foreign key constraint \"ProductSize_productId_fkey\" on table \"ProductSize\""; severity: "ERROR"; detail: Some("Key (id)=(e0580dd2-3009-4291-831a-90dac9213f8b) is referenced from table \"ProductSize\"."); column: None; hint: None }); transient: false })
ERROR,0126-7894929281694,,,,,
Invalid `prisma.product.delete()` invocation in
C:\Users\sport\TenisCash\scripts\cleanup-meta-esportes-duplicates.js:158:34

  155   }
  156 }
  157 // 4. Deleta o produto meta (ProductSize cai em cascade conforme schema)
→ 158 await prisma.product.delete(
Error occurred during query execution:
ConnectorError(ConnectorError { user_facing_error: None; kind: QueryError(PostgresError { code: "23001"; message: "update or delete on table \"Product\" violates RESTRICT setting of foreign key constraint \"ProductSize_productId_fkey\" on table \"ProductSize\""; severity: "ERROR"; detail: Some("Key (id)=(1dda88cc-df47-4356-b6a4-473396f0dc6e) is referenced from table \"ProductSize\"."); column: None; hint: None }); transient: false })
ERROR,0126-7894929033545,,,,,
Invalid `prisma.product.delete()` invocation in
C:\Users\sport\TenisCash\scripts\cleanup-meta-esportes-duplicates.js:158:34

  155   }
  156 }
  157 // 4. Deleta o produto meta (ProductSize cai em cascade conforme schema)
→ 158 await prisma.product.delete(
Error occurred during query execution:
ConnectorError(ConnectorError { user_facing_error: None; kind: QueryError(PostgresError { code: "23001"; message: "update or delete on table \"Product\" violates RESTRICT setting of foreign key constraint \"ProductSize_productId_fkey\" on table \"ProductSize\""; severity: "ERROR"; detail: Some("Key (id)=(ae07b0ec-9000-4c77-aafe-e9bb15c09f82) is referenced from table \"ProductSize\"."); column: None; hint: None }); transient: false })
ERROR,0126-7894929032166,,,,,
Invalid `prisma.product.delete()` invocation in
C:\Users\sport\TenisCash\scripts\cleanup-meta-esportes-duplicates.js:158:34

  155   }
  156 }
  157 // 4. Deleta o produto meta (ProductSize cai em cascade conforme schema)
→ 158 await prisma.product.delete(
Error occurred during query execution:
ConnectorError(ConnectorError { user_facing_error: None; kind: QueryError(PostgresError { code: "23001"; message: "update or delete on table \"Product\" violates RESTRICT setting of foreign key constraint \"ProductSize_productId_fkey\" on table \"ProductSize\""; severity: "ERROR"; detail: Some("Key (id)=(43932335-8a14-4ec0-b06a-932e9f496ba7) is referenced from table \"ProductSize\"."); column: None; hint: None }); transient: false })
ERROR,0126-7894756503327,,,,,
Invalid `prisma.product.delete()` invocation in
C:\Users\sport\TenisCash\scripts\cleanup-meta-esportes-duplicates.js:158:34

  155   }
  156 }
  157 // 4. Deleta o produto meta (ProductSize cai em cascade conforme schema)
→ 158 await prisma.product.delete(
Error occurred during query execution:
ConnectorError(ConnectorError { user_facing_error: None; kind: QueryError(PostgresError { code: "23001"; message: "update or delete on table \"Product\" violates RESTRICT setting of foreign key constraint \"ProductSize_productId_fkey\" on table \"ProductSize\""; severity: "ERROR"; detail: Some("Key (id)=(ca5b2cb4-6153-4ac0-9cb9-72706313690a) is referenced from table \"ProductSize\"."); column: None; hint: None }); transient: false })
ERROR,0126-7894929739263,,,,,
Invalid `prisma.product.delete()` invocation in
C:\Users\sport\TenisCash\scripts\cleanup-meta-esportes-duplicates.js:158:34

  155   }
  156 }
  157 // 4. Deleta o produto meta (ProductSize cai em cascade conforme schema)
→ 158 await prisma.product.delete(
Error occurred during query execution:
ConnectorError(ConnectorError { user_facing_error: None; kind: QueryError(PostgresError { code: "23001"; message: "update or delete on table \"Product\" violates RESTRICT setting of foreign key constraint \"ProductSize_productId_fkey\" on table \"ProductSize\""; severity: "ERROR"; detail: Some("Key (id)=(a5467623-0f81-4686-aac5-59e3e73ac6c3) is referenced from table \"ProductSize\"."); column: None; hint: None }); transient: false })
ERROR,0126-7895491411236,,,,,
Invalid `prisma.product.delete()` invocation in
C:\Users\sport\TenisCash\scripts\cleanup-meta-esportes-duplicates.js:158:34

  155   }
  156 }
  157 // 4. Deleta o produto meta (ProductSize cai em cascade conforme schema)
→ 158 await prisma.product.delete(
Error occurred during query execution:
ConnectorError(ConnectorError { user_facing_error: None; kind: QueryError(PostgresError { code: "23001"; message: "update or delete on table \"Product\" violates RESTRICT setting of foreign key constraint \"ProductSize_productId_fkey\" on table \"ProductSize\""; severity: "ERROR"; detail: Some("Key (id)=(35da03e7-99e3-44e1-ad7d-5519387fa03f) is referenced from table \"ProductSize\"."); column: None; hint: None }); transient: false })
ERROR,0126-7895491340215,,,,,
Invalid `prisma.product.delete()` invocation in
C:\Users\sport\TenisCash\scripts\cleanup-meta-esportes-duplicates.js:158:34

  155   }
  156 }
  157 // 4. Deleta o produto meta (ProductSize cai em cascade conforme schema)
→ 158 await prisma.product.delete(
Error occurred during query execution:
ConnectorError(ConnectorError { user_facing_error: None; kind: QueryError(PostgresError { code: "23001"; message: "update or delete on table \"Product\" violates RESTRICT setting of foreign key constraint \"ProductSize_productId_fkey\" on table \"ProductSize\""; severity: "ERROR"; detail: Some("Key (id)=(d2a865ba-1783-46a0-be71-c434d38bfefd) is referenced from table \"ProductSize\"."); column: None; hint: None }); transient: false })
KEEP_NO_EAN,0126-4067889546797,TENIS ADIDAS DEPORTIVO III FUTSAL IF1404,,,,
KEEP_NO_EAN,0126-4067886275997,MALA ADIDAS DUFFEL ESSENTIALS IP9861,,,,
KEEP_NO_EAN,0126-4067897485392,CHUTEIRA ADIDAS DEPORTIVO III SOCIETY JR JH9117,,,,
KEEP_NO_EAN,0126-4067897491416,CHUTEIRA ADIDAS  F50 MESSI IG9319,,,,
KEEP_NO_EAN,0126-4067901800739,MOCHILA ADIDAS LINEAR JD9556,,,,
KEEP_NO_EAN,0126-4066752043555,MEIAO ADIDAS MILANO G IB7816,,,,
KEEP_NO_EAN,0126-4066752004709,MEIAO ADIDAS MILANO IB7814,,,,
KEEP_NO_EAN,0126-4066746348666,KIT ADIDAS MEIA CANO ALTO 3 PARES HT3446,,,,
KEEP_NO_EAN,0126-4062054763290,GARRAFA ADIDAS PERFORMACE FM9932 750ML,,,,
KEEP_NO_EAN,0126-4067887784627,MEIAO ADIDAS ADI FUTEBOL IM8923 AEROADY,,,,
KEEP_NO_EAN,0126-4066752027739,MEIAO ADIDAS MILANO HT6538,,,,
KEEP_NO_EAN,0126-4067901851588,MEIAS ADIDAS ALTURA DO JOELHO JD9560,,,,
KEEP_NO_EAN,0126-4066746563120,BOLSA ADIDAS GYMSACK TIRO LEAGUE HS9768,,,,
KEEP_NO_EAN,0126-4067901969139,MALA ADIDAS DUFFEL GRAFICA JF8474,,,,
KEEP_NO_EAN,0126-4067901254044,MALA ADIDAS DUFFEL LINEAR JE8347,,,,
KEEP_NO_EAN,0126-4067901955897,MEIA ADIDAS CANO MEDIO JC6460,,,,
KEEP_NO_EAN,0126-4067901111934,MOCHILA ADIDAS CLASSICA JI6953 PTO,,,,
KEEP_NO_EAN,0126-4066752043586,MEIAO ADIDAS MILANO IB7816,,,,
KEEP_NO_EAN,0126-4067901699111,MOCHILA ADIDAS POWER ROSA JC6188,,,,
KEEP_NO_EAN,0126-4067901940596,MEIA ADIDAS PERFORMACE TREINO JC6412,,,,
KEEP_NO_EAN,0126-4067905407477,MEIA ADIDAS TENNIS CRW SOCK LK3583,,,,
KEEP_UNIQUE_EAN,0126-4067892862860,TENIS ADIDAS BRAVADA 2.0 PLATFORM JI1799 TAM,4067892862860,,,
KEEP_UNIQUE_EAN,0126-4067889546964,TENIS ADIDAS DEPORTIVO III IN IF1405 PTO TAM,4067889546964,,,
KEEP_UNIQUE_EAN,0126-4067892725349,TENIS ADIDAS ALPHAEDGE + CZA JP5219 TAM,4067892725349,,,
KEEP_UNIQUE_EAN,0126-4067892812247,TENIS ADIDAS SUPERNOVA STRIDE 2 M IG2169 TAM,4067892812247,,,
KEEP_UNIQUE_EAN,0126-4067889612294,CHUTEIRA ADIDAS DEPORTIVO III FXG IF1402 TAM,4067889612294,,,
KEEP_UNIQUE_EAN,0126-4067888588217,TENIS ADIDAS CLOUDFOAM MOVE ID6528 TAM,4067888588217,,,
KEEP_UNIQUE_EAN,0126-4067889505954,TENIS ADIDAS F50 CLUB IN IF1346 TAM,4067889505954,,,
KEEP_UNIQUE_EAN,0126-4067897479872,CHUTEIRA ADIDAS F50 CLUB FXG MESSI IE9093 TAM,4067897479872,,,
KEEP_UNIQUE_EAN,0126-4067897518687,CHUTEIRA ADIDAS F50 CLUB TF MESSI IE9074 TAM,4067897518687,,,
KEEP_UNIQUE_EAN,0126-4067892229380,TENIS ADIDAS QUESTAR 3 M JI4618 TAM,4067892229380,,,
KEEP_NO_EAN,0126-5768,MAIO NATACAO SK,,,,
KEEP_NO_EAN,0126-5763,BMD COMP. MASC C/BOLSO SKR,,,,
KEEP_NO_EAN,0126-5761,CAM ARBITRO SKR,,,,
KEEP_NO_EAN,0126-5765,SHT TREINO AD SKR,,,,
KEEP_NO_EAN,0126-5771,SHT TRAINING DUPLO FEM,,,,
KEEP_NO_EAN,0126-5773,LEGGING FIT FEM MARY,,,,
KEEP_NO_EAN,0126-5767,BMD NATACAO SK,,,,
KEEP_NO_EAN,0126-5764,SHT BOA VIAGEM,,,,
KEEP_NO_EAN,0126-5770,CONJ MAIO+TOUCA NATACAO JUV SKR,,,,
KEEP_NO_EAN,0126-5766,SHT LISTRAS SKR,,,,
KEEP_NO_EAN,0126-5775,JAQUETA FEM BOMBER FIT,,,,
KEEP_NO_EAN,0126-5772,TOP FIT FEM MARY,,,,
KEEP_NO_EAN,0126-5769,MAIO HIDROGINASTICA SK II,,,,
KEEP_NO_EAN,0126-5760,BMD ARBITRO SKR,,,,
KEEP_NO_EAN,0126-5762,BMD COMPRESSAO MASC SKR,,,,
KEEP_NO_EAN,0126-5774,SHORT FIT FEM MARY,,,,
KEEP_NO_EAN,0126-4067983235252,BERMUDA PUMA SPORT GRAPHIC SHORTS 9 TR GREEN MOON PEQ,,,,
ERROR,0126-4067979469296,,,,,
Invalid `prisma.product.delete()` invocation in
C:\Users\sport\TenisCash\scripts\cleanup-meta-esportes-duplicates.js:158:34

  155   }
  156 }
  157 // 4. Deleta o produto meta (ProductSize cai em cascade conforme schema)
→ 158 await prisma.product.delete(
Error occurred during query execution:
ConnectorError(ConnectorError { user_facing_error: None; kind: QueryError(PostgresError { code: "23001"; message: "update or delete on table \"Product\" violates RESTRICT setting of foreign key constraint \"ProductSize_productId_fkey\" on table \"ProductSize\""; severity: "ERROR"; detail: Some("Key (id)=(1dfc0c9c-ba2a-4507-b623-4758b6c0a745) is referenced from table \"ProductSize\"."); column: None; hint: None }); transient: false })
ERROR,0126-4099686105334,,,,,
Invalid `prisma.product.delete()` invocation in
C:\Users\sport\TenisCash\scripts\cleanup-meta-esportes-duplicates.js:158:34

  155   }
  156 }
  157 // 4. Deleta o produto meta (ProductSize cai em cascade conforme schema)
→ 158 await prisma.product.delete(
Error occurred during query execution:
ConnectorError(ConnectorError { user_facing_error: None; kind: QueryError(PostgresError { code: "23001"; message: "update or delete on table \"Product\" violates RESTRICT setting of foreign key constraint \"ProductSize_productId_fkey\" on table \"ProductSize\""; severity: "ERROR"; detail: Some("Key (id)=(22a384fc-79b9-4958-afa2-0badefd990a4) is referenced from table \"ProductSize\"."); column: None; hint: None }); transient: false })
KEEP_NO_EAN,0126-4067984267139,BERMUDA ESS PUMA LOGO WOVEN SHORTS 5 (S) GREEN MOON GRD,,,,
KEEP_NO_EAN,0126-4067984162533,MALA PUMA CHALLENGER SMALL FUNDAMENTALS  MODERN MINT UNI,,,,
ERROR,0126-4065451867059,,,,,
Invalid `prisma.product.delete()` invocation in
C:\Users\sport\TenisCash\scripts\cleanup-meta-esportes-duplicates.js:158:34

  155   }
  156 }
  157 // 4. Deleta o produto meta (ProductSize cai em cascade conforme schema)
→ 158 await prisma.product.delete(
Error occurred during query execution:
ConnectorError(ConnectorError { user_facing_error: None; kind: QueryError(PostgresError { code: "23001"; message: "update or delete on table \"Product\" violates RESTRICT setting of foreign key constraint \"ProductSize_productId_fkey\" on table \"ProductSize\""; severity: "ERROR"; detail: Some("Key (id)=(e8504a3d-8eaf-41d4-86a3-0741be90981c) is referenced from table \"ProductSize\"."); column: None; hint: None }); transient: false })
ERROR,0126-4063696285737,,,,,
Invalid `prisma.product.delete()` invocation in
C:\Users\sport\TenisCash\scripts\cleanup-meta-esportes-duplicates.js:158:34

  155   }
  156 }
  157 // 4. Deleta o produto meta (ProductSize cai em cascade conforme schema)
→ 158 await prisma.product.delete(
Error occurred during query execution:
ConnectorError(ConnectorError { user_facing_error: None; kind: QueryError(PostgresError { code: "23001"; message: "update or delete on table \"Product\" violates RESTRICT setting of foreign key constraint \"ProductSize_productId_fkey\" on table \"ProductSize\""; severity: "ERROR"; detail: Some("Key (id)=(622660e2-abc0-4611-8dde-be48d9ccfb53) is referenced from table \"ProductSize\"."); column: None; hint: None }); transient: false })
ERROR,0126-4067983053405,,,,,
Invalid `prisma.product.delete()` invocation in
C:\Users\sport\TenisCash\scripts\cleanup-meta-esportes-duplicates.js:158:34

  155   }
  156 }
  157 // 4. Deleta o produto meta (ProductSize cai em cascade conforme schema)
→ 158 await prisma.product.delete(
Error occurred during query execution:
ConnectorError(ConnectorError { user_facing_error: None; kind: QueryError(PostgresError { code: "23001"; message: "update or delete on table \"Product\" violates RESTRICT setting of foreign key constraint \"ProductSize_productId_fkey\" on table \"ProductSize\""; severity: "ERROR"; detail: Some("Key (id)=(db137d68-79dd-400d-8a02-c8ef49d84eaf) is referenced from table \"ProductSize\"."); column: None; hint: None }); transient: false })
ERROR,0126-4069156267022,,,,,
Invalid `prisma.product.delete()` invocation in
C:\Users\sport\TenisCash\scripts\cleanup-meta-esportes-duplicates.js:158:34

  155   }
  156 }
  157 // 4. Deleta o produto meta (ProductSize cai em cascade conforme schema)
→ 158 await prisma.product.delete(
Error occurred during query execution:
ConnectorError(ConnectorError { user_facing_error: None; kind: QueryError(PostgresError { code: "23001"; message: "update or delete on table \"Product\" violates RESTRICT setting of foreign key constraint \"ProductSize_productId_fkey\" on table \"ProductSize\""; severity: "ERROR"; detail: Some("Key (id)=(f7c4ecb0-c624-4534-b3a1-4404f17f9767) is referenced from table \"ProductSize\"."); column: None; hint: None }); transient: false })
KEEP_NO_EAN,0126-4067983324765,CAMISETA M/C ESS LOGO LAB SUMMER TEE FOR ALL TIME RED GRD,,,,
ERROR,0126-4067983559600,,,,,
Invalid `prisma.product.delete()` invocation in
C:\Users\sport\TenisCash\scripts\cleanup-meta-esportes-duplicates.js:158:34

  155   }
  156 }
  157 // 4. Deleta o produto meta (ProductSize cai em cascade conforme schema)
→ 158 await prisma.product.delete(
Error occurred during query execution:
ConnectorError(ConnectorError { user_facing_error: None; kind: QueryError(PostgresError { code: "23001"; message: "update or delete on table \"Product\" violates RESTRICT setting of foreign key constraint \"ProductSize_productId_fkey\" on table \"ProductSize\""; severity: "ERROR"; detail: Some("Key (id)=(7e77bc5d-4bb1-4448-8d85-2d95e3887335) is referenced from table \"ProductSize\"."); column: None; hint: None }); transient: false })
ERROR,0126-4067983952333,,,,,
Invalid `prisma.product.delete()` invocation in
C:\Users\sport\TenisCash\scripts\cleanup-meta-esportes-duplicates.js:158:34

  155   }
  156 }
  157 // 4. Deleta o produto meta (ProductSize cai em cascade conforme schema)
→ 158 await prisma.product.delete(
Error occurred during query execution:
ConnectorError(ConnectorError { user_facing_error: None; kind: QueryError(PostgresError { code: "23001"; message: "update or delete on table \"Product\" violates RESTRICT setting of foreign key constraint \"ProductSize_productId_fkey\" on table \"ProductSize\""; severity: "ERROR"; detail: Some("Key (id)=(722f335a-6a61-4845-925f-1d75dbbdd35e) is referenced from table \"ProductSize\"."); column: None; hint: None }); transient: false })
ERROR,0126-4067983952616,,,,,
Invalid `prisma.product.delete()` invocation in
C:\Users\sport\TenisCash\scripts\cleanup-meta-esportes-duplicates.js:158:34

  155   }
  156 }
  157 // 4. Deleta o produto meta (ProductSize cai em cascade conforme schema)
→ 158 await prisma.product.delete(
Error occurred during query execution:
ConnectorError(ConnectorError { user_facing_error: None; kind: QueryError(PostgresError { code: "23001"; message: "update or delete on table \"Product\" violates RESTRICT setting of foreign key constraint \"ProductSize_productId_fkey\" on table \"ProductSize\""; severity: "ERROR"; detail: Some("Key (id)=(f59edbf4-a98c-4c7a-a0df-c187fa4a7128) is referenced from table \"ProductSize\"."); column: None; hint: None }); transient: false })
ERROR,0126-4067979582094,,,,,
Invalid `prisma.product.delete()` invocation in
C:\Users\sport\TenisCash\scripts\cleanup-meta-esportes-duplicates.js:158:34

  155   }
  156 }
  157 // 4. Deleta o produto meta (ProductSize cai em cascade conforme schema)
→ 158 await prisma.product.delete(
Error occurred during query execution:
ConnectorError(ConnectorError { user_facing_error: None; kind: QueryError(PostgresError { code: "23001"; message: "update or delete on table \"Product\" violates RESTRICT setting of foreign key constraint \"ProductSize_productId_fkey\" on table \"ProductSize\""; severity: "ERROR"; detail: Some("Key (id)=(28db6c6b-9ae1-415d-a065-315ae125c2e8) is referenced from table \"ProductSize\"."); column: None; hint: None }); transient: false })
KEEP_NO_EAN,0126-4067984001252,CAMISETA M/C FERRARI RACE TONAL BIG SHIE WHITE PEQ,,,,
ERROR,0126-4067984565488,,,,,
Invalid `prisma.product.delete()` invocation in
C:\Users\sport\TenisCash\scripts\cleanup-meta-esportes-duplicates.js:158:34

  155   }
  156 }
  157 // 4. Deleta o produto meta (ProductSize cai em cascade conforme schema)
→ 158 await prisma.product.delete(
Error occurred during query execution:
ConnectorError(ConnectorError { user_facing_error: None; kind: QueryError(PostgresError { code: "23001"; message: "update or delete on table \"Product\" violates RESTRICT setting of foreign key constraint \"ProductSize_productId_fkey\" on table \"ProductSize\""; severity: "ERROR"; detail: Some("Key (id)=(8a596e4f-937e-40de-b80c-3f49986ba301) is referenced from table \"ProductSize\"."); column: None; hint: None }); transient: false })
ERROR,0126-4099684660354,,,,,
Invalid `prisma.product.delete()` invocation in
C:\Users\sport\TenisCash\scripts\cleanup-meta-esportes-duplicates.js:158:34

  155   }
  156 }
  157 // 4. Deleta o produto meta (ProductSize cai em cascade conforme schema)
→ 158 await prisma.product.delete(
Error occurred during query execution:
ConnectorError(ConnectorError { user_facing_error: None; kind: QueryError(PostgresError { code: "23001"; message: "update or delete on table \"Product\" violates RESTRICT setting of foreign key constraint \"ProductSize_productId_fkey\" on table \"ProductSize\""; severity: "ERROR"; detail: Some("Key (id)=(14bf0bbd-e31d-4806-a4db-647c221b9060) is referenced from table \"ProductSize\"."); column: None; hint: None }); transient: false })
KEEP_NO_EAN,0126-4067983235269,BERMUDA PUMA SPORT GRAPHIC SHORTS 9 TR GREEN MOON EGR,,,,
KEEP_NO_EAN,0126-4067983632020,JAQUETA ESS NO 1 LOGO TRACK JACKET TR BLACK EGR,,,,
ERROR,0126-4067983246746,,,,,
Invalid `prisma.product.delete()` invocation in
C:\Users\sport\TenisCash\scripts\cleanup-meta-esportes-duplicates.js:158:34

  155   }
  156 }
  157 // 4. Deleta o produto meta (ProductSize cai em cascade conforme schema)
→ 158 await prisma.product.delete(
Error occurred during query execution:
ConnectorError(ConnectorError { user_facing_error: None; kind: QueryError(PostgresError { code: "23001"; message: "update or delete on table \"Product\" violates RESTRICT setting of foreign key constraint \"ProductSize_productId_fkey\" on table \"ProductSize\""; severity: "ERROR"; detail: Some("Key (id)=(e70c2b2e-877c-4f22-8ff5-9c791e1234aa) is referenced from table \"ProductSize\"."); column: None; hint: None }); transient: false })
KEEP_NO_EAN,0126-4067984267092,BERMUDA ESS PUMA LOGO WOVEN SHORTS 5 (S) GREEN MOON EGR,,,,
KEEP_NO_EAN,0126-4067984267146,BERMUDA ESS PUMA LOGO WOVEN SHORTS 5 (S) GREEN MOON MED,,,,
ERROR,0126-4060981765912,,,,,
Invalid `prisma.product.delete()` invocation in
C:\Users\sport\TenisCash\scripts\cleanup-meta-esportes-duplicates.js:158:34

  155   }
  156 }
  157 // 4. Deleta o produto meta (ProductSize cai em cascade conforme schema)
→ 158 await prisma.product.delete(
Error occurred during query execution:
ConnectorError(ConnectorError { user_facing_error: None; kind: QueryError(PostgresError { code: "23001"; message: "update or delete on table \"Product\" violates RESTRICT setting of foreign key constraint \"ProductSize_productId_fkey\" on table \"ProductSize\""; severity: "ERROR"; detail: Some("Key (id)=(26cad06e-923a-4b7b-9b3c-388a38ec33a5) is referenced from table \"ProductSize\"."); column: None; hint: None }); transient: false })
KEEP_NO_EAN,0126-4067983507748,BONE ESS NO1 LOGO PATCH BB CAP MODERN MINT UNI,,,,
KEEP_NO_EAN,0126-4067983324772,CAMISETA M/C ESS LOGO LAB SUMMER TEE FOR ALL TIME RED MED,,,,
ERROR,0126-4067983569807,,,,,
Invalid `prisma.product.delete()` invocation in
C:\Users\sport\TenisCash\scripts\cleanup-meta-esportes-duplicates.js:158:34

  155   }
  156 }
  157 // 4. Deleta o produto meta (ProductSize cai em cascade conforme schema)
→ 158 await prisma.product.delete(
Error occurred during query execution:
ConnectorError(ConnectorError { user_facing_error: None; kind: QueryError(PostgresError { code: "23001"; message: "update or delete on table \"Product\" violates RESTRICT setting of foreign key constraint \"ProductSize_productId_fkey\" on table \"ProductSize\""; severity: "ERROR"; detail: Some("Key (id)=(3a95410b-1878-45fd-aece-a1b120fefb6e) is referenced from table \"ProductSize\"."); column: None; hint: None }); transient: false })
KEEP_NO_EAN,0126-4067983235283,BERMUDA PUMA SPORT GRAPHIC SHORTS 9 TR GREEN MOON GRD,,,,
KEEP_NO_EAN,0126-4067981506385,BOLA PUMA FINAL GRAPHIC BALL  LAPIS LAZULI-SUNSET 5,,,,
KEEP_NO_EAN,0126-4067984001313,CAMISETA M/C FERRARI RACE TONAL BIG SHIE WHITE MED,,,,
KEEP_NO_EAN,0126-4067983324741,CAMISETA M/C ESS LOGO LAB SUMMER TEE FOR ALL TIME RED EGR,,,,
KEEP_NO_EAN,0126-4067981497492,MOCHILA PUMA PHASE HOODED BACKPACK  BLACK UNI,,,,
KEEP_NO_EAN,0126-4067984001269,CAMISETA M/C FERRARI RACE TONAL BIG SHIE WHITE EGR,,,,
KEEP_NO_EAN,0126-4067981496389,POCHETE PUMA BUZZ PORTABLE  PUMA NAVY UNI,,,,
KEEP_NO_EAN,0126-4067983510250,BOLSA POP HALF MOON BAG  PINK FRUIT/AOP UNI,,,,
KEEP_NO_EAN,0126-4067983507625,BONE ESS NO1 LOGO PATCH BB CAP BLACK UNI,,,,
KEEP_NO_EAN,0126-4067984267085,BERMUDA ESS PUMA LOGO WOVEN SHORTS 5 (S) GREEN MOON PEQ,,,,
KEEP_NO_EAN,0126-4067983632075,JAQUETA ESS NO 1 LOGO TRACK JACKET TR BLACK MED,,,,
KEEP_NO_EAN,0126-4067984001306,CAMISETA M/C FERRARI RACE TONAL BIG SHIE WHITE GRD,,,,
KEEP_NO_EAN,0126-4067984175984,BOLSA PUMA PLUS PORTABLE  CAST IRON UNI,,,,
KEEP_NO_EAN,0126-4067983235290,BERMUDA PUMA SPORT GRAPHIC SHORTS 9 TR GREEN MOON MED,,,,
KEEP_NO_EAN,0126-4067983614408,CAMISETA M/C PUMATECH TEE BLACK GRD,,,,
KEEP_NO_EAN,0126-4067984173997,BOLSA PUMA PHASE GYM SACK  NAVY UNI,,,,
KEEP_NO_EAN,0126-4067983614415,CAMISETA M/C PUMATECH TEE BLACK MED,,,,
KEEP_NO_EAN,0126-4067983632068,JAQUETA ESS NO 1 LOGO TRACK JACKET TR BLACK GRD,,,,
KEEP_NO_EAN,0126-4067983614385,CAMISETA M/C PUMATECH TEE BLACK EGR,,,,
KEEP_NO_EAN,0126-4067983632013,JAQUETA ESS NO 1 LOGO TRACK JACKET TR BLACK PEQ,,,,
KEEP_NO_EAN,0126-4067983324734,CAMISETA M/C ESS LOGO LAB SUMMER TEE FOR ALL TIME RED PEQ,,,,
KEEP_NO_EAN,0126-4067983614378,CAMISETA M/C PUMATECH TEE BLACK PEQ,,,,
KEEP_NO_EAN,0126-4066748660735,TENIS ADIDAS VS PACE 2 HP6005,,,,
KEEP_NO_EAN,0126-4067886668287,TENIS ADIDAS VL COURT 3 ID6278,,,,
KEEP_NO_EAN,0126-4067886626003,TENIS ADIDAS VL COURT BASE ID3711,,,,
KEEP_NO_EAN,0126-4067888784138,TENIS ADIDAS COURTBLOCK IG6869,,,,
KEEP_NO_EAN,0126-4067886702721,TENIS ADIDAS VL COURT 3 ID6285,,,,
KEEP_NO_EAN,0126-4065426038613,TENIS ADIDAS TENSAUR SPORT 2 GW1988,,,,
KEEP_NO_EAN,0126-4067888734935,TENIS ADIDAS ADVANTAGE BASE JR IE8688,,,,
KEEP_NO_EAN,0126-4067886668157,TENIS ADIDAS VL COURT 3 ID6275,,,,
KEEP_NO_EAN,0126-4066762370078,TENIS ADIDAS GRAND COURT BASE 2 IQ5680,,,,
KEEP_NO_EAN,0126-4067888126587,TENIS ADIDAS LITE RACER 4 IE6137,,,,
KEEP_NO_EAN,0126-4067886698932,TENIS ADIDAS VL COURT 3 ID6286,,,,
KEEP_NO_EAN,0126-4067888584424,TENIS ADIDAS CLOUDFOAM MOVE ID6530,,,,
KEEP_NO_EAN,0126-4067904337935,TENIS ADIDAS BARREDA DECODE JI2316,,,,
KEEP_NO_EAN,0126-4067888123340,TENIS ADIDAS GRAND COURT BASE 2 ID1183,,,,
KEEP_NO_EAN,0126-4065427721927,TENIS ADIDAS GRAND COURT 2 GW9195,,,,
KEEP_NO_EAN,0126-4067888787825,REF: IG6869 - TENIS COURTBLOCK 39/42 1221,,,,
KEEP_NO_EAN,0126-4067904337775,TENIS ADIDAS BARREDA DECODE JP9668,,,,
ERROR,0126-7894187647881,,,,,
Invalid `prisma.product.delete()` invocation in
C:\Users\sport\TenisCash\scripts\cleanup-meta-esportes-duplicates.js:158:34

  155   }
  156 }
  157 // 4. Deleta o produto meta (ProductSize cai em cascade conforme schema)
→ 158 await prisma.product.delete(
Error occurred during query execution:
ConnectorError(ConnectorError { user_facing_error: None; kind: QueryError(PostgresError { code: "23001"; message: "update or delete on table \"Product\" violates RESTRICT setting of foreign key constraint \"ProductSize_productId_fkey\" on table \"ProductSize\""; severity: "ERROR"; detail: Some("Key (id)=(6e936baa-2b6c-4e2b-b11c-5f33ecc9b2f6) is referenced from table \"ProductSize\"."); column: None; hint: None }); transient: false })
KEEP_NO_EAN,0126-7894187674726,BOLA DE VOLEI DE PRAIA TRAINING VLT 120 II SORTIDA U,,,,
KEEP_NO_EAN,0126-7897660050833,BOLA KAGIVA VOLEI OFICIAL 2.6,,,,
KEEP_NO_EAN,0126-7897660048984,BOLA KAGIVA INICIACAO BORRACHA TAM 8 AZUL,,,,
KEEP_NO_EAN,0126-7897660049325,BOLA TOPPER  MAESTRO CAMPO PRO C/C,,,,
KEEP_UNIQUE_EAN,0126-7897660050857,BOLA KAGIVA FUTSAL F5 BRASIL EXTREME PRO SUB,7897660050857,,,
KEEP_NO_EAN,0126-7897660050543,BOLA KAGIVA CAMPO C11 PRO,,,,
KEEP_UNIQUE_EAN,0126-7897660050796,BOLA KAGIVA FUTSAL F5 EXTREME PRO SUB,7897660050796,,,
KEEP_NO_EAN,0126-7897660050901,BOLA TOPPER FUTSAL DOMINATOR PRO,,,,
KEEP_NO_EAN,0126-7897660048977,BOLA KAGIVA INICIACAO BORRACHA TAM 8 VERMELHA,,,,
KEEP_NO_EAN,0126-7897660051168,BOLA TOPPER SAMBA CAMPO PRO COSTURADA,,,,
KEEP_NO_EAN,0126-7897660049028,BOLA KAGIVA INICIACAO BORRACHA TAM 14 AZUL,,,,
KEEP_NO_EAN,0126-7897660050536,BOLA TOPPER CAMPO SAMBA VELOCITY PRO,,,,
KEEP_NO_EAN,0126-7897660051151,BOLA KAGIVA CAMPO C11 BRASIL OFICIAL,,,,
KEEP_NO_EAN,0126-7897660049004,BOLA KAGIVA INICIACAO BORRACHA TAM 10 AZUL,,,,
KEEP_NO_EAN,0126-7897660050314,BOLA KAGIVA VOLEI OFICIAL 2.0 PRO,,,,
KEEP_NO_EAN,0126-7897660049011,BOLA KAGIVA INICIACAO BORRACHA TAM 12 VERMELHA,,,,
KEEP_NO_EAN,0126-7897660049332,BOLA TOPPER MAESTRO SOCIETY PRO C/C,,,,
KEEP_NO_EAN,0126-7897660048991,BOLA KAGIVA INICIACAO BORRACHA TAM 10 VERMELHA,,,,
KEEP_NO_EAN,0126-7897660051328,BOLA KAGIVA INICIACAO BORRACHA TAM 12 AZUL,,,,
KEEP_NO_EAN,0126-7897660048618,BOLA TOPPER SLICK COLORFUL CAMPO,,,,
KEEP_NO_EAN,0126-7897660050772,BOLA KAGIVA FUTSAL F5 EXTREME PRO,,,,
KEEP_NO_EAN,0126-7897660048090,BOLA TOPPER SLICK CUP CAMPO,,,,
KEEP_NO_EAN,0126-7891363064395,OUTROS COR: 000 (BRANCO) TAM: U,,,,
ERROR,0126-7891475372876,,,,,
Invalid `prisma.product.delete()` invocation in
C:\Users\sport\TenisCash\scripts\cleanup-meta-esportes-duplicates.js:158:34

  155   }
  156 }
  157 // 4. Deleta o produto meta (ProductSize cai em cascade conforme schema)
→ 158 await prisma.product.delete(
Error occurred during query execution:
ConnectorError(ConnectorError { user_facing_error: None; kind: QueryError(PostgresError { code: "23001"; message: "update or delete on table \"Product\" violates RESTRICT setting of foreign key constraint \"ProductSize_productId_fkey\" on table \"ProductSize\""; severity: "ERROR"; detail: Some("Key (id)=(645be6d7-50ec-4aca-a49e-5fccafda411d) is referenced from table \"ProductSize\"."); column: None; hint: None }); transient: false })
ERROR,0126-7891475342763,,,,,
Invalid `prisma.product.delete()` invocation in
C:\Users\sport\TenisCash\scripts\cleanup-meta-esportes-duplicates.js:158:34

  155   }
  156 }
  157 // 4. Deleta o produto meta (ProductSize cai em cascade conforme schema)
→ 158 await prisma.product.delete(
Error occurred during query execution:
ConnectorError(ConnectorError { user_facing_error: None; kind: QueryError(PostgresError { code: "23001"; message: "update or delete on table \"Product\" violates RESTRICT setting of foreign key constraint \"ProductSize_productId_fkey\" on table \"ProductSize\""; severity: "ERROR"; detail: Some("Key (id)=(32fe4812-d4c3-4330-95bd-4b8c90162dac) is referenced from table \"ProductSize\"."); column: None; hint: None }); transient: false })
ERROR,0126-7890403147234,,,,,
Invalid `prisma.product.delete()` invocation in
C:\Users\sport\TenisCash\scripts\cleanup-meta-esportes-duplicates.js:158:34

  155   }
  156 }
  157 // 4. Deleta o produto meta (ProductSize cai em cascade conforme schema)
→ 158 await prisma.product.delete(
Error occurred during query execution:
ConnectorError(ConnectorError { user_facing_error: None; kind: QueryError(PostgresError { code: "23001"; message: "update or delete on table \"Product\" violates RESTRICT setting of foreign key constraint \"ProductSize_productId_fkey\" on table \"ProductSize\""; severity: "ERROR"; detail: Some("Key (id)=(b38e9f5d-0e97-4d57-bc85-56ffa21e2a9a) is referenced from table \"ProductSize\"."); column: None; hint: None }); transient: false })
KEEP_UNIQUE_EAN,0126-7891475372593,TOP COR: 904 (LIRIS) TAM:,7891475372562,,,
ERROR,0126-7891475358955,,,,,
Invalid `prisma.product.delete()` invocation in
C:\Users\sport\TenisCash\scripts\cleanup-meta-esportes-duplicates.js:158:34

  155   }
  156 }
  157 // 4. Deleta o produto meta (ProductSize cai em cascade conforme schema)
→ 158 await prisma.product.delete(
Error occurred during query execution:
ConnectorError(ConnectorError { user_facing_error: None; kind: QueryError(PostgresError { code: "23001"; message: "update or delete on table \"Product\" violates RESTRICT setting of foreign key constraint \"ProductSize_productId_fkey\" on table \"ProductSize\""; severity: "ERROR"; detail: Some("Key (id)=(3ff1e0d8-2cd6-470d-b00d-39659512f886) is referenced from table \"ProductSize\"."); column: None; hint: None }); transient: false })
ERROR,0126-7891475287019,,,,,
Invalid `prisma.product.delete()` invocation in
C:\Users\sport\TenisCash\scripts\cleanup-meta-esportes-duplicates.js:158:34

  155   }
  156 }
  157 // 4. Deleta o produto meta (ProductSize cai em cascade conforme schema)
→ 158 await prisma.product.delete(
Error occurred during query execution:
ConnectorError(ConnectorError { user_facing_error: None; kind: QueryError(PostgresError { code: "23001"; message: "update or delete on table \"Product\" violates RESTRICT setting of foreign key constraint \"ProductSize_productId_fkey\" on table \"ProductSize\""; severity: "ERROR"; detail: Some("Key (id)=(1d18fb3f-4ebe-49bb-bdd1-aef47b6eda42) is referenced from table \"ProductSize\"."); column: None; hint: None }); transient: false })
ERROR,0126-7891475343036,,,,,
Invalid `prisma.product.delete()` invocation in
C:\Users\sport\TenisCash\scripts\cleanup-meta-esportes-duplicates.js:158:34

  155   }
  156 }
  157 // 4. Deleta o produto meta (ProductSize cai em cascade conforme schema)
→ 158 await prisma.product.delete(
Error occurred during query execution:
ConnectorError(ConnectorError { user_facing_error: None; kind: QueryError(PostgresError { code: "23001"; message: "update or delete on table \"Product\" violates RESTRICT setting of foreign key constraint \"ProductSize_productId_fkey\" on table \"ProductSize\""; severity: "ERROR"; detail: Some("Key (id)=(6fd7bdc1-9c28-4a77-ae91-c660be0e1e86) is referenced from table \"ProductSize\"."); column: None; hint: None }); transient: false })
ERROR,0126-7891475286340,,,,,
Invalid `prisma.product.delete()` invocation in
C:\Users\sport\TenisCash\scripts\cleanup-meta-esportes-duplicates.js:158:34

  155   }
  156 }
  157 // 4. Deleta o produto meta (ProductSize cai em cascade conforme schema)
→ 158 await prisma.product.delete(
Error occurred during query execution:
ConnectorError(ConnectorError { user_facing_error: None; kind: QueryError(PostgresError { code: "23001"; message: "update or delete on table \"Product\" violates RESTRICT setting of foreign key constraint \"ProductSize_productId_fkey\" on table \"ProductSize\""; severity: "ERROR"; detail: Some("Key (id)=(91cfbc25-3ef1-47da-8d43-ea283eeeab2e) is referenced from table \"ProductSize\"."); column: None; hint: None }); transient: false })
KEEP_NO_EAN,0126-7909943329922,21380U-BOLA DE FUTSAL UMBRO SALA V PRO-BCO/PTO/AZUL-MFT-TAM:4,,,,
KEEP_NO_EAN,0126-7908394106694,BOLA CAMPO UHLSPORT CLASSIC (BCO/PTO/LRJ),,,,
KEEP_NO_EAN,0126-8447150284263,BOLA FUTSAL JOMA SELECAO (BCO/RSA),,,,
KEEP_NO_EAN,0126-6952430103292,BOLA VOLEI KEMPA  EAGLE PRO (PTO/BCO),,,,
KEEP_NO_EAN,0126-8447150090093,BOLA FUTSAL JOMA PENTAFORCE SUB 11 (BCO AZL),,,,
KEEP_NO_EAN,0126-8445954904974,BOLA JOMA FUTSAL PENTAFORCE 401494.317 BCO VDE,,,,
KEEP_NO_EAN,0126-0689344407012,BOLA DE BASQUETE SPALDING - VARSITY TF-150 C-SELO,,,,
KEEP_NO_EAN,0126-8447150281712,BOLA FUTSAL JOMA CANCHA (BCO LRJ),,,,
KEEP_NO_EAN,0126-0689344406435,BOLA BASQUETE SPALDING ROOKIE GEAR INF.(COLOR),,,,
KEEP_NO_EAN,0126-4099803166620,BOLA HANDEBOL KEMPA LEO (TAM.01  (AML/PTO),,,,
KEEP_NO_EAN,0126-6952430103261,BOLA VOLEI KEMPA KV-25 (PTO/VML/AML),,,,
KEEP_NO_EAN,0126-7908394106663,BOLA SOCIETY UHLSPORT MATCH R1  (PTO/AZL/AMR),,,,
KEEP_NO_EAN,0126-4099803166613,BOLA HANDEBOL KEMPA LEO (TAM.00)  (AML/PTO),,,,
KEEP_NO_EAN,0126-7908394106847,MINI BOLA CAMPO UHLSPORT MATCH R2  (PTO/VML),,,,
KEEP_NO_EAN,0126-7908963901538,PORTA LUVA UHLSPORT (CNZ),,,,
KEEP_NO_EAN,0126-8447150090215,BOLA FUTSAL JOMA PENTAFORCE SUB 09 (BCO AZL),,,,
KEEP_NO_EAN,0126-8445954904967,BOLA FUTSAL JOMA PENTAFORCE SUB 13 (BCO AZL),,,,
KEEP_NO_EAN,0126-4099803166644,BOLA HANDEBOL KEMPA LEO (TAM.03)  (AML/PTO),,,,
KEEP_NO_EAN,0126-7908394106670,BOLA SOCIETY UHLSPORT MATCH R2 (PTO/AZL/AMR),,,,
KEEP_NO_EAN,0126-4099803110838,BOLA CAMPO UHLSPORT RESIST SYNERGY - FUTEBOL,,,,
KEEP_NO_EAN,0126-8447150949810,BOLA FUTSAL JOMA CANCHA (BCO/RSA),,,,
KEEP_NO_EAN,0126-4099803057089,BOLA HANDEBOL KEMPA SPECTRUM SYNERGY PLUS (TAM.1),,,,
KEEP_NO_EAN,0126-7908394106762,BOLA CAMPO UHLSPORT SQUAD (AML/PTO/LRJ),,,,
KEEP_NO_EAN,0126-7908394106786,BOLA SOCIETY UHLSPORT SQUAD (AML /AZL),,,,
KEEP_NO_EAN,0126-8447150281729,BOLA FUTSAL JOMA CANCHA (BCO AML),,,,
KEEP_NO_EAN,0126-6952430103346,BOLA VOLEI KEMPA ELEVATION - VERDE BRANCO,,,,
KEEP_NO_EAN,0126-7908394106830,BOLA CAMPO UHLSPORT FORCE 2.0 -TAM.4 (BCO/AZL/LRJ),,,,
KEEP_NO_EAN,0126-4099803057102,BOLA HANDEBOL KEMPA SPECTRUM SYNERGY PLUS (TAM.3),,,,
KEEP_NO_EAN,0126-7908394106656,BOLA CAMPO UHLSPORT MATCH R2 (PTO/VML),,,,
KEEP_NO_EAN,0126-4099803166637,BOLA HANDEBOL KEMPA LEO (TAM.02)  (AML/PTO),,,,
KEEP_NO_EAN,0126-6003,BOLA BASQUETE SPALDING PRECISION TF-1000 FIBA,,,,
KEEP_NO_EAN,0126-4099803215168,BOLA CAMPO UHLSPORT GAME PRO SERIE C D (PTO/VML),,,,
KEEP_NO_EAN,0126-8447150284232,BOLA FUTSAL JOMA TOP-5 (AMR/MAR),,,,
KEEP_NO_EAN,0126-4099803057096,BOLA HANDEBOL KEMPA SPECTRUM SYNERGY PLUS (TAM.2),,,,
KEEP_NO_EAN,0126-8445456472742,BOLA JOMA FUTSAL 400832.201 TOP-5 BCO/PTO,,,,
KEEP_NO_EAN,0126-5987,BOLA BASQUETE SPALDING REACT TF-250 FIBA - LRJ PTO,,,,
ERROR,0126-7909403752499,,,,,
Invalid `prisma.product.delete()` invocation in
C:\Users\sport\TenisCash\scripts\cleanup-meta-esportes-duplicates.js:158:34

  155   }
  156 }
  157 // 4. Deleta o produto meta (ProductSize cai em cascade conforme schema)
→ 158 await prisma.product.delete(
Error occurred during query execution:
ConnectorError(ConnectorError { user_facing_error: None; kind: QueryError(PostgresError { code: "23001"; message: "update or delete on table \"Product\" violates RESTRICT setting of foreign key constraint \"ProductSize_productId_fkey\" on table \"ProductSize\""; severity: "ERROR"; detail: Some("Key (id)=(42a725f7-b8a7-41f3-9bc0-df6e5f7f52f7) is referenced from table \"ProductSize\"."); column: None; hint: None }); transient: false })
ERROR,0126-7909403808097,,,,,
Invalid `prisma.product.delete()` invocation in
C:\Users\sport\TenisCash\scripts\cleanup-meta-esportes-duplicates.js:158:34

  155   }
  156 }
  157 // 4. Deleta o produto meta (ProductSize cai em cascade conforme schema)
→ 158 await prisma.product.delete(
Error occurred during query execution:
ConnectorError(ConnectorError { user_facing_error: None; kind: QueryError(PostgresError { code: "23001"; message: "update or delete on table \"Product\" violates RESTRICT setting of foreign key constraint \"ProductSize_productId_fkey\" on table \"ProductSize\""; severity: "ERROR"; detail: Some("Key (id)=(aff6189b-c31d-4ab3-9407-ed34a11c2da3) is referenced from table \"ProductSize\"."); column: None; hint: None }); transient: false })
ERROR,0126-7909403619518,,,,,
Invalid `prisma.product.delete()` invocation in
C:\Users\sport\TenisCash\scripts\cleanup-meta-esportes-duplicates.js:158:34

  155   }
  156 }
  157 // 4. Deleta o produto meta (ProductSize cai em cascade conforme schema)
→ 158 await prisma.product.delete(
Error occurred during query execution:
ConnectorError(ConnectorError { user_facing_error: None; kind: QueryError(PostgresError { code: "23001"; message: "update or delete on table \"Product\" violates RESTRICT setting of foreign key constraint \"ProductSize_productId_fkey\" on table \"ProductSize\""; severity: "ERROR"; detail: Some("Key (id)=(bff72a8f-86b9-471e-a787-f4b82ebbf026) is referenced from table \"ProductSize\"."); column: None; hint: None }); transient: false })
ERROR,0126-7909403629241,,,,,
Invalid `prisma.product.delete()` invocation in
C:\Users\sport\TenisCash\scripts\cleanup-meta-esportes-duplicates.js:158:34

  155   }
  156 }
  157 // 4. Deleta o produto meta (ProductSize cai em cascade conforme schema)
→ 158 await prisma.product.delete(
Error occurred during query execution:
ConnectorError(ConnectorError { user_facing_error: None; kind: QueryError(PostgresError { code: "23001"; message: "update or delete on table \"Product\" violates RESTRICT setting of foreign key constraint \"ProductSize_productId_fkey\" on table \"ProductSize\""; severity: "ERROR"; detail: Some("Key (id)=(d0dafd15-ce30-4387-a473-5a56ca296b40) is referenced from table \"ProductSize\"."); column: None; hint: None }); transient: false })
ERROR,0126-7909403808226,,,,,
Invalid `prisma.product.delete()` invocation in
C:\Users\sport\TenisCash\scripts\cleanup-meta-esportes-duplicates.js:158:34

  155   }
  156 }
  157 // 4. Deleta o produto meta (ProductSize cai em cascade conforme schema)
→ 158 await prisma.product.delete(
Error occurred during query execution:
ConnectorError(ConnectorError { user_facing_error: None; kind: QueryError(PostgresError { code: "23001"; message: "update or delete on table \"Product\" violates RESTRICT setting of foreign key constraint \"ProductSize_productId_fkey\" on table \"ProductSize\""; severity: "ERROR"; detail: Some("Key (id)=(79427505-458d-4147-870c-1837258a1cdf) is referenced from table \"ProductSize\"."); column: None; hint: None }); transient: false })
ERROR,0126-7909403619600,,,,,
Invalid `prisma.product.delete()` invocation in
C:\Users\sport\TenisCash\scripts\cleanup-meta-esportes-duplicates.js:158:34

  155   }
  156 }
  157 // 4. Deleta o produto meta (ProductSize cai em cascade conforme schema)
→ 158 await prisma.product.delete(
Error occurred during query execution:
ConnectorError(ConnectorError { user_facing_error: None; kind: QueryError(PostgresError { code: "23001"; message: "update or delete on table \"Product\" violates RESTRICT setting of foreign key constraint \"ProductSize_productId_fkey\" on table \"ProductSize\""; severity: "ERROR"; detail: Some("Key (id)=(34e501dc-0405-4698-9ce0-1b46fc69c9c9) is referenced from table \"ProductSize\"."); column: None; hint: None }); transient: false })
ERROR,0126-7909403752314,,,,,
Invalid `prisma.product.delete()` invocation in
C:\Users\sport\TenisCash\scripts\cleanup-meta-esportes-duplicates.js:158:34

  155   }
  156 }
  157 // 4. Deleta o produto meta (ProductSize cai em cascade conforme schema)
→ 158 await prisma.product.delete(
Error occurred during query execution:
ConnectorError(ConnectorError { user_facing_error: None; kind: QueryError(PostgresError { code: "23001"; message: "update or delete on table \"Product\" violates RESTRICT setting of foreign key constraint \"ProductSize_productId_fkey\" on table \"ProductSize\""; severity: "ERROR"; detail: Some("Key (id)=(875465e3-3d39-40db-9568-ac7aeef7c1c6) is referenced from table \"ProductSize\"."); column: None; hint: None }); transient: false })
KEEP_NO_EAN,0126-7909403619563,1300022303-1 SANDALIA KENNER KIVAH CUSHY NYLON CINZA/PRETO 44/45,,,,
ERROR,0126-7909403624291,,,,,
Invalid `prisma.product.delete()` invocation in
C:\Users\sport\TenisCash\scripts\cleanup-meta-esportes-duplicates.js:158:34

  155   }
  156 }
  157 // 4. Deleta o produto meta (ProductSize cai em cascade conforme schema)
→ 158 await prisma.product.delete(
Error occurred during query execution:
ConnectorError(ConnectorError { user_facing_error: None; kind: QueryError(PostgresError { code: "23001"; message: "update or delete on table \"Product\" violates RESTRICT setting of foreign key constraint \"ProductSize_productId_fkey\" on table \"ProductSize\""; severity: "ERROR"; detail: Some("Key (id)=(57371185-8122-4f43-97b0-adf870c2bed9) is referenced from table \"ProductSize\"."); column: None; hint: None }); transient: false })
ERROR,0126-7909403624499,,,,,
Invalid `prisma.product.delete()` invocation in
C:\Users\sport\TenisCash\scripts\cleanup-meta-esportes-duplicates.js:158:34

  155   }
  156 }
  157 // 4. Deleta o produto meta (ProductSize cai em cascade conforme schema)
→ 158 await prisma.product.delete(
Error occurred during query execution:
ConnectorError(ConnectorError { user_facing_error: None; kind: QueryError(PostgresError { code: "23001"; message: "update or delete on table \"Product\" violates RESTRICT setting of foreign key constraint \"ProductSize_productId_fkey\" on table \"ProductSize\""; severity: "ERROR"; detail: Some("Key (id)=(60cc646f-5a61-4f8d-b1a9-6e0f4bdc8dcc) is referenced from table \"ProductSize\"."); column: None; hint: None }); transient: false })
KEEP_NO_EAN,0126-7909403624338,1300062304-1 SANDALIA KENNER KIVAH LINE NYLON LARANJA/BRANCO/PRETO 44/45,,,,
KEEP_NO_EAN,0126-7909403624550,1300062304-3 SANDALIA KENNER KIVAH LINE NYLON CINZA/BRANCO/PRETO 44/45,,,,
ERROR,0126-4069156268951,,,,,
Invalid `prisma.product.delete()` invocation in
C:\Users\sport\TenisCash\scripts\cleanup-meta-esportes-duplicates.js:158:34

  155   }
  156 }
  157 // 4. Deleta o produto meta (ProductSize cai em cascade conforme schema)
→ 158 await prisma.product.delete(
Error occurred during query execution:
ConnectorError(ConnectorError { user_facing_error: None; kind: QueryError(PostgresError { code: "23001"; message: "update or delete on table \"Product\" violates RESTRICT setting of foreign key constraint \"ProductSize_productId_fkey\" on table \"ProductSize\""; severity: "ERROR"; detail: Some("Key (id)=(7cefdb4e-cea7-4e4b-87d1-a0645900d545) is referenced from table \"ProductSize\"."); column: None; hint: None }); transient: false })
ERROR,0126-4069156270053,,,,,
Invalid `prisma.product.delete()` invocation in
C:\Users\sport\TenisCash\scripts\cleanup-meta-esportes-duplicates.js:158:34

  155   }
  156 }
  157 // 4. Deleta o produto meta (ProductSize cai em cascade conforme schema)
→ 158 await prisma.product.delete(
Error occurred during query execution:
ConnectorError(ConnectorError { user_facing_error: None; kind: QueryError(PostgresError { code: "23001"; message: "update or delete on table \"Product\" violates RESTRICT setting of foreign key constraint \"ProductSize_productId_fkey\" on table \"ProductSize\""; severity: "ERROR"; detail: Some("Key (id)=(cbc31e80-8414-44fd-880e-1821afe047e0) is referenced from table \"ProductSize\"."); column: None; hint: None }); transient: false })
ERROR,0126-4067983954283,,,,,
Invalid `prisma.product.delete()` invocation in
C:\Users\sport\TenisCash\scripts\cleanup-meta-esportes-duplicates.js:158:34

  155   }
  156 }
  157 // 4. Deleta o produto meta (ProductSize cai em cascade conforme schema)
→ 158 await prisma.product.delete(
Error occurred during query execution:
ConnectorError(ConnectorError { user_facing_error: None; kind: QueryError(PostgresError { code: "23001"; message: "update or delete on table \"Product\" violates RESTRICT setting of foreign key constraint \"ProductSize_productId_fkey\" on table \"ProductSize\""; severity: "ERROR"; detail: Some("Key (id)=(7da565a7-6e66-42dc-879f-8b51322c57e0) is referenced from table \"ProductSize\"."); column: None; hint: None }); transient: false })
ERROR,0126-4067984274748,,,,,
Invalid `prisma.product.delete()` invocation in
C:\Users\sport\TenisCash\scripts\cleanup-meta-esportes-duplicates.js:158:34

  155   }
  156 }
  157 // 4. Deleta o produto meta (ProductSize cai em cascade conforme schema)
→ 158 await prisma.product.delete(
Error occurred during query execution:
ConnectorError(ConnectorError { user_facing_error: None; kind: QueryError(PostgresError { code: "23001"; message: "update or delete on table \"Product\" violates RESTRICT setting of foreign key constraint \"ProductSize_productId_fkey\" on table \"ProductSize\""; severity: "ERROR"; detail: Some("Key (id)=(64da3bd2-d460-450a-b719-d41016461777) is referenced from table \"ProductSize\"."); column: None; hint: None }); transient: false })
KEEP_NO_EAN,0126-4069156029194,BERMUDA TAD BIG LOGO SHORT GALACTIC GRAY PEQ,,,,
KEEP_NO_EAN,0126-4069156029255,BERMUDA TAD BIG LOGO SHORT GALACTIC GRAY MED,,,,
KEEP_NO_EAN,0126-4069156029200,BERMUDA TAD BIG LOGO SHORT GALACTIC GRAY EGR,,,,
KEEP_NO_EAN,0126-4069156029248,BERMUDA TAD BIG LOGO SHORT GALACTIC GRAY GRD,,,,
KEEP_NO_EAN,0126-6375,GO WALK FLEX - GRAND ENTRY,,,,
KEEP_NO_EAN,0126-6340,VAPOR FOAM - TRUE CLASSIC,,,,
KEEP_NO_EAN,0126-6357,GLIDE-STEP ATLUS,,,,
KEEP_NO_EAN,0126-6407,GO WALK 7 - MIA,,,,
KEEP_NO_EAN,0126-6476,VAPOR FOAM - COVERT,,,,
KEEP_NO_EAN,0126-6449,MAX CUSHIONING PROPULSION,,,,
KEEP_NO_EAN,0126-6420,GO RUN PERSISTENCE 2,,,,
KEEP_NO_EAN,0126-6461,GO RUN CONSISTENT 2.0-MILE MA,,,,
KEEP_NO_EAN,0126-6531,ARCH FIT,,,,
KEEP_NO_EAN,0126-6515,GLIDE-STEP ALTUS,,,,
KEEP_NO_EAN,0126-6389,BOBS INFINITY - VAPOR RICH,,,,
KEEP_NO_EAN,0126-6394,GO WALK FLEX,,,,
KEEP_NO_EAN,0126-6491,EDGERIDE - CADER,,,,
KEEP_NO_EAN,0126-6453,GO RUN CONSISTENT 2.0,,,,
KEEP_NO_EAN,0126-6525,EDGERIDE - RAYGO,,,,
KEEP_NO_EAN,0126-6474,MAX CUSHIONING ELITE 2.0,,,,
KEEP_NO_EAN,0126-6436,GO RUN RAZOR 5,,,,
KEEP_NO_EAN,0126-7909943860913,F11L01641-CAMISETA MASC. FILA COMFORT CLASSIC-CRM-1350-TAM:M,,,,
ERROR,0126-7909943929894,,,,,
Invalid `prisma.product.delete()` invocation in
C:\Users\sport\TenisCash\scripts\cleanup-meta-esportes-duplicates.js:158:34

  155   }
  156 }
  157 // 4. Deleta o produto meta (ProductSize cai em cascade conforme schema)
→ 158 await prisma.product.delete(
Error occurred during query execution:
ConnectorError(ConnectorError { user_facing_error: None; kind: QueryError(PostgresError { code: "23001"; message: "update or delete on table \"Product\" violates RESTRICT setting of foreign key constraint \"ProductSize_productId_fkey\" on table \"ProductSize\""; severity: "ERROR"; detail: Some("Key (id)=(0df9be31-2b5f-4165-8cc8-0760144034c6) is referenced from table \"ProductSize\"."); column: None; hint: None }); transient: false })
KEEP_NO_EAN,0126-7909943733606,F11L01641-CAMISETA MASC. FILA COMFORT CLASSIC-BCO-100-TAM:P,,,,
KEEP_NO_EAN,0126-7909943772414,F11L01716-CAMISETA MASC. FILA REGULAR ESSENTIAL EVERYDAY-OFF -3538-TAM:GG,,,,
KEEP_NO_EAN,0126-7909943929870,F11L01791-CASACO UNISEX FILA COMFORT SPORT CLUB-OFWH/VERD-3709-TAM:G,,,,
KEEP_NO_EAN,0126-7909943772384,F11L01716-CAMISETA MASC. FILA REGULAR ESSENTIAL EVERYDAY-OFF -3538-TAM:P,,,,
KEEP_NO_EAN,0126-7909943817009,F12L01739-SHORTS FEM. FILA COMFORT SOFT II-CAST-3540-TAM:G,,,,
KEEP_NO_EAN,0126-7909943772391,F11L01716-CAMISETA MASC. FILA REGULAR ESSENTIAL EVERYDAY-OFF -3538-TAM:M,,,,
KEEP_NO_EAN,0126-7909943929863,F11L01791-CASACO UNISEX FILA COMFORT SPORT CLUB-OFWH/VERD-3709-TAM:M,,,,
KEEP_NO_EAN,0126-7909943733637,F11L01641-CAMISETA MASC. FILA COMFORT CLASSIC-BCO-100-TAM:GG,,,,
KEEP_NO_EAN,0126-7909943772407,F11L01716-CAMISETA MASC. FILA REGULAR ESSENTIAL EVERYDAY-OFF -3538-TAM:G,,,,
KEEP_NO_EAN,0126-7909943860920,F11L01641-CAMISETA MASC. FILA COMFORT CLASSIC-CRM-1350-TAM:G,,,,
KEEP_NO_EAN,0126-7909943816996,F12L01739-SHORTS FEM. FILA COMFORT SOFT II-CAST-3540-TAM:M,,,,
KEEP_NO_EAN,0126-7909943860937,F11L01641-CAMISETA MASC. FILA COMFORT CLASSIC-CRM-1350-TAM:GG,,,,
KEEP_NO_EAN,0126-7909943733620,F11L01641-CAMISETA MASC. FILA COMFORT CLASSIC-BCO-100-TAM:G,,,,
KEEP_NO_EAN,0126-7909943733613,F11L01641-CAMISETA MASC. FILA COMFORT CLASSIC-BCO-100-TAM:M,,,,
KEEP_NO_EAN,0126-7909943929887,F11L01791-CASACO UNISEX FILA COMFORT SPORT CLUB-OFWH/VERD-3709-TAM:GG,,,,
ERROR,0126-7893659805651,,,,,
Invalid `prisma.product.delete()` invocation in
C:\Users\sport\TenisCash\scripts\cleanup-meta-esportes-duplicates.js:158:34

  155   }
  156 }
  157 // 4. Deleta o produto meta (ProductSize cai em cascade conforme schema)
→ 158 await prisma.product.delete(
Error occurred during query execution:
ConnectorError(ConnectorError { user_facing_error: None; kind: QueryError(PostgresError { code: "23001"; message: "update or delete on table \"Product\" violates RESTRICT setting of foreign key constraint \"ProductSize_productId_fkey\" on table \"ProductSize\""; severity: "ERROR"; detail: Some("Key (id)=(a7bde0b8-20f6-4b20-9ec3-d9e9d78478b5) is referenced from table \"ProductSize\"."); column: None; hint: None }); transient: false })
KEEP_NO_EAN,0126-7790085476496,BOLA DE VOLEI ROYAL 3 BRANCO AZUL VERMELHO/NRO 5,,,,
KEEP_NO_EAN,0126-7790085483401,BOLA FUTEBOL ZIG GENERATION BEACH REEBOK LARANFLAZ/NRO 5,,,,
KEEP_UNIQUE_EAN,0126-7790085476632,LUVAS DE FUTEBOL ROYAL 3 BRANCO AZUL VERMELHO/TAMANHO,7790085476632,,,
KEEP_UNIQUE_EAN,0126-7790085476359,CANELEIRAS DE FUTEBOL KICK BRANCO FUCCIA AZUL CLARO/TAMANHO,7790085476359,,,
KEEP_UNIQUE_EAN,0126-7790085476427,CANELEIRAS DE FUTEBOL ROYAL 3 BRANCO AZUL VERMELHO/TAMANHO,7790085476427,,,
KEEP_NO_EAN,0126-7790085483449,BOLA FUTEBOL ROYAL 3 LAMINADA REEBOK BRANAZFRAN/NRO 5,,,,
KEEP_NO_EAN,0126-7790085491307,BOLA FUTEBOL Z-GO REEBOK BRANCO TUR FUC/NRO 5,,,,
KEEP_NO_EAN,0126-7790085476304,BOLA FUTEBOL KICK BRANCO FUCCIA AZUL CLARO/NRO 5,,,,
KEEP_NO_EAN,0126-7790085480851,BOLA DE BASQUETE ZIG GENERATION PRETO FUCCIA AZUL CLARO/NRO 5,,,,
KEEP_UNIQUE_EAN,0126-7790085476533,LUVAS DE FUTEBOL KICK PRETO FUCCIA AZUL CLARO/TAMANHO,7790085476533,,,
KEEP_NO_EAN,0126-7790085476298,BOLA FUTEBOL ROYAL 3 BRANCO AZUL VERMELHO/NRO 5,,,,
KEEP_NO_EAN,0126-7790085476649,LUVAS DE FUTEBOL ROYAL 3 BRANCO AZUL VERMELHO/TAMANHO10,,,,
KEEP_NO_EAN,0126-7790085476540,LUVAS DE FUTEBOL KICK PRETO FUCCIA AZUL CLARO/TAMANHO10,,,,
KEEP_NO_EAN,0126-7790085491321,BOLA FUTEBOL Z-GO REEBOK AMARELO AZUL ROXO/NRO 5,,,,
KEEP_NO_EAN,0126-7790085491390,DEPOSITO VERTICAL REEBOK AZ OSCURO/UNICO,,,,
KEEP_NO_EAN,0126-7790085483388,BOLA VOLEY ZIG GENERATION BEACH REEBOK BRANCO / TURQUESA/NRO 5,,,,
KEEP_NO_EAN,0126-7790085476472,BOLA DE BASQUETE ZIG GENERATION PRETO FUCCIA AZUL CLARO/NRO 7,,,,
KEEP_NO_EAN,0126-7790085476502,BOLA DE VOLEI ZIG GENERATION BRANCO FUCCIA AZUL CLARO/NRO 5,,,,
KEEP_NO_EAN,0126-7790085480837,BOLA DE BASQUETE ROYAL 3 NAVY-VERMELHO-BRANCO/NRO 5,,,,
KEEP_NO_EAN,0126-4099803237948,BOLA SOCIETY UHLSPORT LOW KICK (VML/AML),,,,
KEEP_NO_EAN,0126-7908963901477,KIT CALIBRADOR CANETA (6UNI) UHLSPORT,,,,
KEEP_NO_EAN,0126-7908394106649,BOLA CAMPO UHLSPORT MATCH R1 (PTO/VML),,,,
KEEP_NO_EAN,0126-4099803237931,BOLA CAMPO UHLSPORT PRO LIGUE (BCO/PTO/AML),,,,
KEEP_NO_EAN,0126-6603,MINI BOLA BASQUETE SPALDEEN CAMUFLADA (VDE),,,,
KEEP_NO_EAN,0126-6602,MINI BOLA BASQUETE SPALDEEN (LARANJA),,,,
ERROR,0126-7908394106861,,,,,
Invalid `prisma.product.delete()` invocation in
C:\Users\sport\TenisCash\scripts\cleanup-meta-esportes-duplicates.js:158:34

  155   }
  156 }
  157 // 4. Deleta o produto meta (ProductSize cai em cascade conforme schema)
→ 158 await prisma.product.delete(
Error occurred during query execution:
ConnectorError(ConnectorError { user_facing_error: None; kind: QueryError(PostgresError { code: "23001"; message: "update or delete on table \"Product\" violates RESTRICT setting of foreign key constraint \"ProductSize_productId_fkey\" on table \"ProductSize\""; severity: "ERROR"; detail: Some("Key (id)=(718fa75c-655a-4546-8c49-9d60d05aa977) is referenced from table \"ProductSize\"."); column: None; hint: None }); transient: false })
KEEP_NO_EAN,0126-7898967489173,BOMBA DE AR UHLSPORT ACAO (CNZ),,,,
ERROR,0126-7908394106878,,,,,
Invalid `prisma.product.delete()` invocation in
C:\Users\sport\TenisCash\scripts\cleanup-meta-esportes-duplicates.js:158:34

  155   }
  156 }
  157 // 4. Deleta o produto meta (ProductSize cai em cascade conforme schema)
→ 158 await prisma.product.delete(
Error occurred during query execution:
ConnectorError(ConnectorError { user_facing_error: None; kind: QueryError(PostgresError { code: "23001"; message: "update or delete on table \"Product\" violates RESTRICT setting of foreign key constraint \"ProductSize_productId_fkey\" on table \"ProductSize\""; severity: "ERROR"; detail: Some("Key (id)=(dfbd4dba-595b-4239-81ce-e6cefe9ee3f6) is referenced from table \"ProductSize\"."); column: None; hint: None }); transient: false })
KEEP_NO_EAN,0126-7898967489166,BOMBA DE AR UHLSPORT DUPLA ACAO (TRSP),,,,
KEEP_NO_EAN,0126-7908394106823,BOLA CAMPO UHLSPORT SQUAD TAM 3 (AML/PTO/LRJ),,,,
KEEP_NO_EAN,0126-7908963901514,KIT APITO UHLSPORT COM CORDAO (6UNI) (PRT/PTO),,,,
ERROR,0126-7909434881045,,,,,
Invalid `prisma.product.delete()` invocation in
C:\Users\sport\TenisCash\scripts\cleanup-meta-esportes-duplicates.js:158:34

  155   }
  156 }
  157 // 4. Deleta o produto meta (ProductSize cai em cascade conforme schema)
→ 158 await prisma.product.delete(
Error occurred during query execution:
ConnectorError(ConnectorError { user_facing_error: None; kind: QueryError(PostgresError { code: "23001"; message: "update or delete on table \"Product\" violates RESTRICT setting of foreign key constraint \"ProductSize_productId_fkey\" on table \"ProductSize\""; severity: "ERROR"; detail: Some("Key (id)=(0db34c8e-68bb-42c5-872d-a66039faa7e2) is referenced from table \"ProductSize\"."); column: None; hint: None }); transient: false })
ERROR,0126-7909434887047,,,,,
Invalid `prisma.product.delete()` invocation in
C:\Users\sport\TenisCash\scripts\cleanup-meta-esportes-duplicates.js:158:34

  155   }
  156 }
  157 // 4. Deleta o produto meta (ProductSize cai em cascade conforme schema)
→ 158 await prisma.product.delete(
Error occurred during query execution:
ConnectorError(ConnectorError { user_facing_error: None; kind: QueryError(PostgresError { code: "23001"; message: "update or delete on table \"Product\" violates RESTRICT setting of foreign key constraint \"ProductSize_productId_fkey\" on table \"ProductSize\""; severity: "ERROR"; detail: Some("Key (id)=(bac52c38-c6ea-4bde-bfeb-63549c9ee6c9) is referenced from table \"ProductSize\"."); column: None; hint: None }); transient: false })
KEEP_NO_EAN,0126-6614,TENIS NK FREE METCON 6 MASCULINO SU25,,,,
KEEP_NO_EAN,0126-6615,TENIS NIKE FREE METCON 6 SP25,,,,
KEEP_NO_EAN,0126-6613,TENIS NK ZOOM FLY 6 FEMININO SU25,,,,
ERROR,0126-7909300625551,,,,,
Invalid `prisma.product.delete()` invocation in
C:\Users\sport\TenisCash\scripts\cleanup-meta-esportes-duplicates.js:158:34

  155   }
  156 }
  157 // 4. Deleta o produto meta (ProductSize cai em cascade conforme schema)
→ 158 await prisma.product.delete(
Error occurred during query execution:
ConnectorError(ConnectorError { user_facing_error: None; kind: QueryError(PostgresError { code: "23001"; message: "update or delete on table \"Product\" violates RESTRICT setting of foreign key constraint \"ProductSize_productId_fkey\" on table \"ProductSize\""; severity: "ERROR"; detail: Some("Key (id)=(f112f7ff-7e9a-49c2-a4f1-0a0fb9a1cee1) is referenced from table \"ProductSize\"."); column: None; hint: None }); transient: false })
ERROR,0126-7909300625483,,,,,
Invalid `prisma.product.delete()` invocation in
C:\Users\sport\TenisCash\scripts\cleanup-meta-esportes-duplicates.js:158:34

  155   }
  156 }
  157 // 4. Deleta o produto meta (ProductSize cai em cascade conforme schema)
→ 158 await prisma.product.delete(
Error occurred during query execution:
ConnectorError(ConnectorError { user_facing_error: None; kind: QueryError(PostgresError { code: "23001"; message: "update or delete on table \"Product\" violates RESTRICT setting of foreign key constraint \"ProductSize_productId_fkey\" on table \"ProductSize\""; severity: "ERROR"; detail: Some("Key (id)=(c0e376a0-cef6-4040-b69f-d38b65a9c23e) is referenced from table \"ProductSize\"."); column: None; hint: None }); transient: false })
ERROR,0126-7909300626749,,,,,
Invalid `prisma.product.delete()` invocation in
C:\Users\sport\TenisCash\scripts\cleanup-meta-esportes-duplicates.js:158:34

  155   }
  156 }
  157 // 4. Deleta o produto meta (ProductSize cai em cascade conforme schema)
→ 158 await prisma.product.delete(
Error occurred during query execution:
ConnectorError(ConnectorError { user_facing_error: None; kind: QueryError(PostgresError { code: "23001"; message: "update or delete on table \"Product\" violates RESTRICT setting of foreign key constraint \"ProductSize_productId_fkey\" on table \"ProductSize\""; severity: "ERROR"; detail: Some("Key (id)=(c4c53511-e1a7-4c52-8dc2-d761e1c83574) is referenced from table \"ProductSize\"."); column: None; hint: None }); transient: false })
ERROR,0126-7909300625414,,,,,
Invalid `prisma.product.delete()` invocation in
C:\Users\sport\TenisCash\scripts\cleanup-meta-esportes-duplicates.js:158:34

  155   }
  156 }
  157 // 4. Deleta o produto meta (ProductSize cai em cascade conforme schema)
→ 158 await prisma.product.delete(
Error occurred during query execution:
ConnectorError(ConnectorError { user_facing_error: None; kind: QueryError(PostgresError { code: "23001"; message: "update or delete on table \"Product\" violates RESTRICT setting of foreign key constraint \"ProductSize_productId_fkey\" on table \"ProductSize\""; severity: "ERROR"; detail: Some("Key (id)=(d8cb7a1c-6f2a-4b08-b01e-957b86b28fe3) is referenced from table \"ProductSize\"."); column: None; hint: None }); transient: false })
ERROR,0126-7909300625506,,,,,
Invalid `prisma.product.delete()` invocation in
C:\Users\sport\TenisCash\scripts\cleanup-meta-esportes-duplicates.js:158:34

  155   }
  156 }
  157 // 4. Deleta o produto meta (ProductSize cai em cascade conforme schema)
→ 158 await prisma.product.delete(
Error occurred during query execution:
ConnectorError(ConnectorError { user_facing_error: None; kind: QueryError(PostgresError { code: "23001"; message: "update or delete on table \"Product\" violates RESTRICT setting of foreign key constraint \"ProductSize_productId_fkey\" on table \"ProductSize\""; severity: "ERROR"; detail: Some("Key (id)=(e22f19fb-ffc1-4ff4-9fb9-4810d84c3ba9) is referenced from table \"ProductSize\"."); column: None; hint: None }); transient: false })
KEEP_NO_EAN,0126-4067904397861,REF: JI4477 - TENIS ADIZERO BOSTON 12 39/42 1221,,,,
ERROR,0126-7890171545201,,,,,
Invalid `prisma.product.delete()` invocation in
C:\Users\sport\TenisCash\scripts\cleanup-meta-esportes-duplicates.js:158:34

  155   }
  156 }
  157 // 4. Deleta o produto meta (ProductSize cai em cascade conforme schema)
→ 158 await prisma.product.delete(
Error occurred during query execution:
ConnectorError(ConnectorError { user_facing_error: None; kind: QueryError(PostgresError { code: "23001"; message: "update or delete on table \"Product\" violates RESTRICT setting of foreign key constraint \"ProductSize_productId_fkey\" on table \"ProductSize\""; severity: "ERROR"; detail: Some("Key (id)=(1f5c48c0-3324-4e0f-b6e0-502a124b4282) is referenced from table \"ProductSize\"."); column: None; hint: None }); transient: false })
ERROR,0126-7890171541418,,,,,
Invalid `prisma.product.delete()` invocation in
C:\Users\sport\TenisCash\scripts\cleanup-meta-esportes-duplicates.js:158:34

  155   }
  156 }
  157 // 4. Deleta o produto meta (ProductSize cai em cascade conforme schema)
→ 158 await prisma.product.delete(
Error occurred during query execution:
ConnectorError(ConnectorError { user_facing_error: None; kind: QueryError(PostgresError { code: "23001"; message: "update or delete on table \"Product\" violates RESTRICT setting of foreign key constraint \"ProductSize_productId_fkey\" on table \"ProductSize\""; severity: "ERROR"; detail: Some("Key (id)=(b75358bd-e636-42c0-ae71-d6c6fec79e59) is referenced from table \"ProductSize\"."); column: None; hint: None }); transient: false })
ERROR,0126-7890171545133,,,,,
Invalid `prisma.product.delete()` invocation in
C:\Users\sport\TenisCash\scripts\cleanup-meta-esportes-duplicates.js:158:34

  155   }
  156 }
  157 // 4. Deleta o produto meta (ProductSize cai em cascade conforme schema)
→ 158 await prisma.product.delete(
Error occurred during query execution:
ConnectorError(ConnectorError { user_facing_error: None; kind: QueryError(PostgresError { code: "23001"; message: "update or delete on table \"Product\" violates RESTRICT setting of foreign key constraint \"ProductSize_productId_fkey\" on table \"ProductSize\""; severity: "ERROR"; detail: Some("Key (id)=(5f4679fa-3433-424a-acfa-4e1946990b4d) is referenced from table \"ProductSize\"."); column: None; hint: None }); transient: false })
KEEP_NO_EAN,0126-6268,TOP COSTAS NADADOR ESSENTIALS OFF WHITE,,,,
ERROR,0126-7890171545102,,,,,
Invalid `prisma.product.delete()` invocation in
C:\Users\sport\TenisCash\scripts\cleanup-meta-esportes-duplicates.js:158:34

  155   }
  156 }
  157 // 4. Deleta o produto meta (ProductSize cai em cascade conforme schema)
→ 158 await prisma.product.delete(
Error occurred during query execution:
ConnectorError(ConnectorError { user_facing_error: None; kind: QueryError(PostgresError { code: "23001"; message: "update or delete on table \"Product\" violates RESTRICT setting of foreign key constraint \"ProductSize_productId_fkey\" on table \"ProductSize\""; severity: "ERROR"; detail: Some("Key (id)=(0cb21d23-6a92-4f4c-8492-48373fdca87a) is referenced from table \"ProductSize\"."); column: None; hint: None }); transient: false })
ERROR,0126-7890171544884,,,,,
Invalid `prisma.product.delete()` invocation in
C:\Users\sport\TenisCash\scripts\cleanup-meta-esportes-duplicates.js:158:34

  155   }
  156 }
  157 // 4. Deleta o produto meta (ProductSize cai em cascade conforme schema)
→ 158 await prisma.product.delete(
Error occurred during query execution:
ConnectorError(ConnectorError { user_facing_error: None; kind: QueryError(PostgresError { code: "23001"; message: "update or delete on table \"Product\" violates RESTRICT setting of foreign key constraint \"ProductSize_productId_fkey\" on table \"ProductSize\""; severity: "ERROR"; detail: Some("Key (id)=(bfbd2107-4922-462f-9167-56ac96910fed) is referenced from table \"ProductSize\"."); column: None; hint: None }); transient: false })
ERROR,0126-7890171554876,,,,,
Invalid `prisma.product.delete()` invocation in
C:\Users\sport\TenisCash\scripts\cleanup-meta-esportes-duplicates.js:158:34

  155   }
  156 }
  157 // 4. Deleta o produto meta (ProductSize cai em cascade conforme schema)
→ 158 await prisma.product.delete(
Error occurred during query execution:
ConnectorError(ConnectorError { user_facing_error: None; kind: QueryError(PostgresError { code: "23001"; message: "update or delete on table \"Product\" violates RESTRICT setting of foreign key constraint \"ProductSize_productId_fkey\" on table \"ProductSize\""; severity: "ERROR"; detail: Some("Key (id)=(65ec6e82-be99-4b48-bd44-15dd5a74724d) is referenced from table \"ProductSize\"."); column: None; hint: None }); transient: false })
ERROR,0126-7890171554265,,,,,
Invalid `prisma.product.delete()` invocation in
C:\Users\sport\TenisCash\scripts\cleanup-meta-esportes-duplicates.js:158:34

  155   }
  156 }
  157 // 4. Deleta o produto meta (ProductSize cai em cascade conforme schema)
→ 158 await prisma.product.delete(
Error occurred during query execution:
ConnectorError(ConnectorError { user_facing_error: None; kind: QueryError(PostgresError { code: "23001"; message: "update or delete on table \"Product\" violates RESTRICT setting of foreign key constraint \"ProductSize_productId_fkey\" on table \"ProductSize\""; severity: "ERROR"; detail: Some("Key (id)=(78f690bb-32c2-4d51-a530-9560ab3720d0) is referenced from table \"ProductSize\"."); column: None; hint: None }); transient: false })
ERROR,0126-7890171540718,,,,,
Invalid `prisma.product.delete()` invocation in
C:\Users\sport\TenisCash\scripts\cleanup-meta-esportes-duplicates.js:158:34

  155   }
  156 }
  157 // 4. Deleta o produto meta (ProductSize cai em cascade conforme schema)
→ 158 await prisma.product.delete(
Error occurred during query execution:
ConnectorError(ConnectorError { user_facing_error: None; kind: QueryError(PostgresError { code: "23001"; message: "update or delete on table \"Product\" violates RESTRICT setting of foreign key constraint \"ProductSize_productId_fkey\" on table \"ProductSize\""; severity: "ERROR"; detail: Some("Key (id)=(987bd61d-6fde-4fba-bc00-e5526bf506d1) is referenced from table \"ProductSize\"."); column: None; hint: None }); transient: false })
ERROR,0126-7890171543382,,,,,
Invalid `prisma.product.delete()` invocation in
C:\Users\sport\TenisCash\scripts\cleanup-meta-esportes-duplicates.js:158:34

  155   }
  156 }
  157 // 4. Deleta o produto meta (ProductSize cai em cascade conforme schema)
→ 158 await prisma.product.delete(
Error occurred during query execution:
ConnectorError(ConnectorError { user_facing_error: None; kind: QueryError(PostgresError { code: "23001"; message: "update or delete on table \"Product\" violates RESTRICT setting of foreign key constraint \"ProductSize_productId_fkey\" on table \"ProductSize\""; severity: "ERROR"; detail: Some("Key (id)=(2e4ab8aa-1d15-4d8b-91d0-ed8f1553e3a9) is referenced from table \"ProductSize\"."); column: None; hint: None }); transient: false })
ERROR,0126-7890171539521,,,,,
Invalid `prisma.product.delete()` invocation in
C:\Users\sport\TenisCash\scripts\cleanup-meta-esportes-duplicates.js:158:34

  155   }
  156 }
  157 // 4. Deleta o produto meta (ProductSize cai em cascade conforme schema)
→ 158 await prisma.product.delete(
Error occurred during query execution:
ConnectorError(ConnectorError { user_facing_error: None; kind: QueryError(PostgresError { code: "23001"; message: "update or delete on table \"Product\" violates RESTRICT setting of foreign key constraint \"ProductSize_productId_fkey\" on table \"ProductSize\""; severity: "ERROR"; detail: Some("Key (id)=(12f4c512-df46-4ee1-8286-ff04cbfb22d7) is referenced from table \"ProductSize\"."); column: None; hint: None }); transient: false })
ERROR,0126-7890171542439,,,,,
Invalid `prisma.product.delete()` invocation in
C:\Users\sport\TenisCash\scripts\cleanup-meta-esportes-duplicates.js:158:34

  155   }
  156 }
  157 // 4. Deleta o produto meta (ProductSize cai em cascade conforme schema)
→ 158 await prisma.product.delete(
Error occurred during query execution:
ConnectorError(ConnectorError { user_facing_error: None; kind: QueryError(PostgresError { code: "23001"; message: "update or delete on table \"Product\" violates RESTRICT setting of foreign key constraint \"ProductSize_productId_fkey\" on table \"ProductSize\""; severity: "ERROR"; detail: Some("Key (id)=(03b3e228-f0a8-46f9-bc5e-da02731881ae) is referenced from table \"ProductSize\"."); column: None; hint: None }); transient: false })
ERROR,0126-7890171543610,,,,,
Invalid `prisma.product.delete()` invocation in
C:\Users\sport\TenisCash\scripts\cleanup-meta-esportes-duplicates.js:158:34

  155   }
  156 }
  157 // 4. Deleta o produto meta (ProductSize cai em cascade conforme schema)
→ 158 await prisma.product.delete(
Error occurred during query execution:
ConnectorError(ConnectorError { user_facing_error: None; kind: QueryError(PostgresError { code: "23001"; message: "update or delete on table \"Product\" violates RESTRICT setting of foreign key constraint \"ProductSize_productId_fkey\" on table \"ProductSize\""; severity: "ERROR"; detail: Some("Key (id)=(a8a1b499-9cf1-4355-bcae-cee3d2eb3370) is referenced from table \"ProductSize\"."); column: None; hint: None }); transient: false })
ERROR,0126-7890171069028,,,,,
Invalid `prisma.product.delete()` invocation in
C:\Users\sport\TenisCash\scripts\cleanup-meta-esportes-duplicates.js:158:34

  155   }
  156 }
  157 // 4. Deleta o produto meta (ProductSize cai em cascade conforme schema)
→ 158 await prisma.product.delete(
Error occurred during query execution:
ConnectorError(ConnectorError { user_facing_error: None; kind: QueryError(PostgresError { code: "23001"; message: "update or delete on table \"Product\" violates RESTRICT setting of foreign key constraint \"ProductSize_productId_fkey\" on table \"ProductSize\""; severity: "ERROR"; detail: Some("Key (id)=(a2a23c09-9196-45a0-bb69-cd18422c7ec1) is referenced from table \"ProductSize\"."); column: None; hint: None }); transient: false })
ERROR,0126-7890171536636,,,,,
Invalid `prisma.product.delete()` invocation in
C:\Users\sport\TenisCash\scripts\cleanup-meta-esportes-duplicates.js:158:34

  155   }
  156 }
  157 // 4. Deleta o produto meta (ProductSize cai em cascade conforme schema)
→ 158 await prisma.product.delete(
Error occurred during query execution:
ConnectorError(ConnectorError { user_facing_error: None; kind: QueryError(PostgresError { code: "23001"; message: "update or delete on table \"Product\" violates RESTRICT setting of foreign key constraint \"ProductSize_productId_fkey\" on table \"ProductSize\""; severity: "ERROR"; detail: Some("Key (id)=(3585edd2-a254-4d1a-8842-543ee01ec380) is referenced from table \"ProductSize\"."); column: None; hint: None }); transient: false })
ERROR,0126-7890171142684,,,,,
Invalid `prisma.product.delete()` invocation in
C:\Users\sport\TenisCash\scripts\cleanup-meta-esportes-duplicates.js:158:34

  155   }
  156 }
  157 // 4. Deleta o produto meta (ProductSize cai em cascade conforme schema)
→ 158 await prisma.product.delete(
Error occurred during query execution:
ConnectorError(ConnectorError { user_facing_error: None; kind: QueryError(PostgresError { code: "23001"; message: "update or delete on table \"Product\" violates RESTRICT setting of foreign key constraint \"ProductSize_productId_fkey\" on table \"ProductSize\""; severity: "ERROR"; detail: Some("Key (id)=(6f12f8ea-5bb7-4cc2-8f2c-fc98bf635e41) is referenced from table \"ProductSize\"."); column: None; hint: None }); transient: false })
KEEP_NO_EAN,0126-6258,TOP COSTAS NADADOR ESSENTIALS VERMELHO TINTO,,,,
ERROR,0126-7890171554234,,,,,
Invalid `prisma.product.delete()` invocation in
C:\Users\sport\TenisCash\scripts\cleanup-meta-esportes-duplicates.js:158:34

  155   }
  156 }
  157 // 4. Deleta o produto meta (ProductSize cai em cascade conforme schema)
→ 158 await prisma.product.delete(
Error occurred during query execution:
ConnectorError(ConnectorError { user_facing_error: None; kind: QueryError(PostgresError { code: "23001"; message: "update or delete on table \"Product\" violates RESTRICT setting of foreign key constraint \"ProductSize_productId_fkey\" on table \"ProductSize\""; severity: "ERROR"; detail: Some("Key (id)=(666b4ede-939c-438f-ae5a-88e6fa670f34) is referenced from table \"ProductSize\"."); column: None; hint: None }); transient: false })
ERROR,0126-7890171554821,,,,,
Invalid `prisma.product.delete()` invocation in
C:\Users\sport\TenisCash\scripts\cleanup-meta-esportes-duplicates.js:158:34

  155   }
  156 }
  157 // 4. Deleta o produto meta (ProductSize cai em cascade conforme schema)
→ 158 await prisma.product.delete(
Error occurred during query execution:
ConnectorError(ConnectorError { user_facing_error: None; kind: QueryError(PostgresError { code: "23001"; message: "update or delete on table \"Product\" violates RESTRICT setting of foreign key constraint \"ProductSize_productId_fkey\" on table \"ProductSize\""; severity: "ERROR"; detail: Some("Key (id)=(d5b6483e-3d2e-4e85-935d-99c60dbd62a7) is referenced from table \"ProductSize\"."); column: None; hint: None }); transient: false })
ERROR,0126-7890171546789,,,,,
Invalid `prisma.product.delete()` invocation in
C:\Users\sport\TenisCash\scripts\cleanup-meta-esportes-duplicates.js:158:34

  155   }
  156 }
  157 // 4. Deleta o produto meta (ProductSize cai em cascade conforme schema)
→ 158 await prisma.product.delete(
Error occurred during query execution:
ConnectorError(ConnectorError { user_facing_error: None; kind: QueryError(PostgresError { code: "23001"; message: "update or delete on table \"Product\" violates RESTRICT setting of foreign key constraint \"ProductSize_productId_fkey\" on table \"ProductSize\""; severity: "ERROR"; detail: Some("Key (id)=(577da95e-b056-4717-8b8d-14276ec1d727) is referenced from table \"ProductSize\"."); column: None; hint: None }); transient: false })
KEEP_NO_EAN,0126-7890171441329,BOLSA TERMICA ALTO GIRO ESSENTIAL PRETO UN,,,,
ERROR,0126-7890171556030,,,,,
Invalid `prisma.product.delete()` invocation in
C:\Users\sport\TenisCash\scripts\cleanup-meta-esportes-duplicates.js:158:34

  155   }
  156 }
  157 // 4. Deleta o produto meta (ProductSize cai em cascade conforme schema)
→ 158 await prisma.product.delete(
Error occurred during query execution:
ConnectorError(ConnectorError { user_facing_error: None; kind: QueryError(PostgresError { code: "23001"; message: "update or delete on table \"Product\" violates RESTRICT setting of foreign key constraint \"ProductSize_productId_fkey\" on table \"ProductSize\""; severity: "ERROR"; detail: Some("Key (id)=(65511653-5c95-44d5-acff-ebb9c9ecde6a) is referenced from table \"ProductSize\"."); column: None; hint: None }); transient: false })
ERROR,0126-7890171536872,,,,,
Invalid `prisma.product.delete()` invocation in
C:\Users\sport\TenisCash\scripts\cleanup-meta-esportes-duplicates.js:158:34

  155   }
  156 }
  157 // 4. Deleta o produto meta (ProductSize cai em cascade conforme schema)
→ 158 await prisma.product.delete(
Error occurred during query execution:
ConnectorError(ConnectorError { user_facing_error: None; kind: QueryError(PostgresError { code: "23001"; message: "update or delete on table \"Product\" violates RESTRICT setting of foreign key constraint \"ProductSize_productId_fkey\" on table \"ProductSize\""; severity: "ERROR"; detail: Some("Key (id)=(b370c2b2-079b-41ce-a3db-ce21da49add1) is referenced from table \"ProductSize\"."); column: None; hint: None }); transient: false })
ERROR,0126-7890171565902,,,,,
Invalid `prisma.product.delete()` invocation in
C:\Users\sport\TenisCash\scripts\cleanup-meta-esportes-duplicates.js:158:34

  155   }
  156 }
  157 // 4. Deleta o produto meta (ProductSize cai em cascade conforme schema)
→ 158 await prisma.product.delete(
Error occurred during query execution:
ConnectorError(ConnectorError { user_facing_error: None; kind: QueryError(PostgresError { code: "23001"; message: "update or delete on table \"Product\" violates RESTRICT setting of foreign key constraint \"ProductSize_productId_fkey\" on table \"ProductSize\""; severity: "ERROR"; detail: Some("Key (id)=(af618048-cae4-4624-b16f-2473ee2ed26c) is referenced from table \"ProductSize\"."); column: None; hint: None }); transient: false })
ERROR,0126-7890171556375,,,,,
Invalid `prisma.product.delete()` invocation in
C:\Users\sport\TenisCash\scripts\cleanup-meta-esportes-duplicates.js:158:34

  155   }
  156 }
  157 // 4. Deleta o produto meta (ProductSize cai em cascade conforme schema)
→ 158 await prisma.product.delete(
Error occurred during query execution:
ConnectorError(ConnectorError { user_facing_error: None; kind: QueryError(PostgresError { code: "23001"; message: "update or delete on table \"Product\" violates RESTRICT setting of foreign key constraint \"ProductSize_productId_fkey\" on table \"ProductSize\""; severity: "ERROR"; detail: Some("Key (id)=(868d9c15-8d23-411e-9f62-20f1eaaa81fa) is referenced from table \"ProductSize\"."); column: None; hint: None }); transient: false })
ERROR,0126-7890171545768,,,,,
Invalid `prisma.product.delete()` invocation in
C:\Users\sport\TenisCash\scripts\cleanup-meta-esportes-duplicates.js:158:34

  155   }
  156 }
  157 // 4. Deleta o produto meta (ProductSize cai em cascade conforme schema)
→ 158 await prisma.product.delete(
Error occurred during query execution:
ConnectorError(ConnectorError { user_facing_error: None; kind: QueryError(PostgresError { code: "23001"; message: "update or delete on table \"Product\" violates RESTRICT setting of foreign key constraint \"ProductSize_productId_fkey\" on table \"ProductSize\""; severity: "ERROR"; detail: Some("Key (id)=(90185f76-dcbd-4588-b51f-ae5d0c094fe9) is referenced from table \"ProductSize\"."); column: None; hint: None }); transient: false })
ERROR,0126-7890171555101,,,,,
Invalid `prisma.product.delete()` invocation in
C:\Users\sport\TenisCash\scripts\cleanup-meta-esportes-duplicates.js:158:34

  155   }
  156 }
  157 // 4. Deleta o produto meta (ProductSize cai em cascade conforme schema)
→ 158 await prisma.product.delete(
Error occurred during query execution:
ConnectorError(ConnectorError { user_facing_error: None; kind: QueryError(PostgresError { code: "23001"; message: "update or delete on table \"Product\" violates RESTRICT setting of foreign key constraint \"ProductSize_productId_fkey\" on table \"ProductSize\""; severity: "ERROR"; detail: Some("Key (id)=(c808a418-af30-451b-a0be-b0243a7144a2) is referenced from table \"ProductSize\"."); column: None; hint: None }); transient: false })
ERROR,0126-7890171536384,,,,,
Invalid `prisma.product.delete()` invocation in
C:\Users\sport\TenisCash\scripts\cleanup-meta-esportes-duplicates.js:158:34

  155   }
  156 }
  157 // 4. Deleta o produto meta (ProductSize cai em cascade conforme schema)
→ 158 await prisma.product.delete(
Error occurred during query execution:
ConnectorError(ConnectorError { user_facing_error: None; kind: QueryError(PostgresError { code: "23001"; message: "update or delete on table \"Product\" violates RESTRICT setting of foreign key constraint \"ProductSize_productId_fkey\" on table \"ProductSize\""; severity: "ERROR"; detail: Some("Key (id)=(3b257049-6785-42f0-87c7-5f951ce6c249) is referenced from table \"ProductSize\"."); column: None; hint: None }); transient: false })
ERROR,0126-7890171555200,,,,,
Invalid `prisma.product.delete()` invocation in
C:\Users\sport\TenisCash\scripts\cleanup-meta-esportes-duplicates.js:158:34

  155   }
  156 }
  157 // 4. Deleta o produto meta (ProductSize cai em cascade conforme schema)
→ 158 await prisma.product.delete(
Error occurred during query execution:
ConnectorError(ConnectorError { user_facing_error: None; kind: QueryError(PostgresError { code: "23001"; message: "update or delete on table \"Product\" violates RESTRICT setting of foreign key constraint \"ProductSize_productId_fkey\" on table \"ProductSize\""; severity: "ERROR"; detail: Some("Key (id)=(141a915f-74d3-481e-bedd-264f33276343) is referenced from table \"ProductSize\"."); column: None; hint: None }); transient: false })
ERROR,0126-7890171536902,,,,,
Invalid `prisma.product.delete()` invocation in
C:\Users\sport\TenisCash\scripts\cleanup-meta-esportes-duplicates.js:158:34

  155   }
  156 }
  157 // 4. Deleta o produto meta (ProductSize cai em cascade conforme schema)
→ 158 await prisma.product.delete(
Error occurred during query execution:
ConnectorError(ConnectorError { user_facing_error: None; kind: QueryError(PostgresError { code: "23001"; message: "update or delete on table \"Product\" violates RESTRICT setting of foreign key constraint \"ProductSize_productId_fkey\" on table \"ProductSize\""; severity: "ERROR"; detail: Some("Key (id)=(33e6def2-469c-45d9-a0e4-679e90ccd29b) is referenced from table \"ProductSize\"."); column: None; hint: None }); transient: false })
ERROR,0126-7890171539477,,,,,
Invalid `prisma.product.delete()` invocation in
C:\Users\sport\TenisCash\scripts\cleanup-meta-esportes-duplicates.js:158:34

  155   }
  156 }
  157 // 4. Deleta o produto meta (ProductSize cai em cascade conforme schema)
→ 158 await prisma.product.delete(
Error occurred during query execution:
ConnectorError(ConnectorError { user_facing_error: None; kind: QueryError(PostgresError { code: "23001"; message: "update or delete on table \"Product\" violates RESTRICT setting of foreign key constraint \"ProductSize_productId_fkey\" on table \"ProductSize\""; severity: "ERROR"; detail: Some("Key (id)=(023890da-4c32-4924-b2c9-ae609f379669) is referenced from table \"ProductSize\"."); column: None; hint: None }); transient: false })
KEEP_NO_EAN,0126-6264,TOP COSTAS NADADOR ESSENTIALS PRETO,,,,
ERROR,0126-7890171538487,,,,,
Invalid `prisma.product.delete()` invocation in
C:\Users\sport\TenisCash\scripts\cleanup-meta-esportes-duplicates.js:158:34

  155   }
  156 }
  157 // 4. Deleta o produto meta (ProductSize cai em cascade conforme schema)
→ 158 await prisma.product.delete(
Error occurred during query execution:
ConnectorError(ConnectorError { user_facing_error: None; kind: QueryError(PostgresError { code: "23001"; message: "update or delete on table \"Product\" violates RESTRICT setting of foreign key constraint \"ProductSize_productId_fkey\" on table \"ProductSize\""; severity: "ERROR"; detail: Some("Key (id)=(65d235d7-81d2-45ec-8258-08f72719c3b8) is referenced from table \"ProductSize\"."); column: None; hint: None }); transient: false })
ERROR,0126-7890171554975,,,,,
Invalid `prisma.product.delete()` invocation in
C:\Users\sport\TenisCash\scripts\cleanup-meta-esportes-duplicates.js:158:34

  155   }
  156 }
  157 // 4. Deleta o produto meta (ProductSize cai em cascade conforme schema)
→ 158 await prisma.product.delete(
Error occurred during query execution:
ConnectorError(ConnectorError { user_facing_error: None; kind: QueryError(PostgresError { code: "23001"; message: "update or delete on table \"Product\" violates RESTRICT setting of foreign key constraint \"ProductSize_productId_fkey\" on table \"ProductSize\""; severity: "ERROR"; detail: Some("Key (id)=(83b04998-ee43-469e-bd49-fed1bebc1724) is referenced from table \"ProductSize\"."); column: None; hint: None }); transient: false })
ERROR,0126-7890171553671,,,,,
Invalid `prisma.product.delete()` invocation in
C:\Users\sport\TenisCash\scripts\cleanup-meta-esportes-duplicates.js:158:34

  155   }
  156 }
  157 // 4. Deleta o produto meta (ProductSize cai em cascade conforme schema)
→ 158 await prisma.product.delete(
Error occurred during query execution:
ConnectorError(ConnectorError { user_facing_error: None; kind: QueryError(PostgresError { code: "23001"; message: "update or delete on table \"Product\" violates RESTRICT setting of foreign key constraint \"ProductSize_productId_fkey\" on table \"ProductSize\""; severity: "ERROR"; detail: Some("Key (id)=(4e518302-ca85-419e-84d4-9968f8b8cb05) is referenced from table \"ProductSize\"."); column: None; hint: None }); transient: false })
ERROR,0126-7890171556917,,,,,
Invalid `prisma.product.delete()` invocation in
C:\Users\sport\TenisCash\scripts\cleanup-meta-esportes-duplicates.js:158:34

  155   }
  156 }
  157 // 4. Deleta o produto meta (ProductSize cai em cascade conforme schema)
→ 158 await prisma.product.delete(
Error occurred during query execution:
ConnectorError(ConnectorError { user_facing_error: None; kind: QueryError(PostgresError { code: "23001"; message: "update or delete on table \"Product\" violates RESTRICT setting of foreign key constraint \"ProductSize_productId_fkey\" on table \"ProductSize\""; severity: "ERROR"; detail: Some("Key (id)=(1c870dd4-d9d9-4889-95f3-82a0469bc4fb) is referenced from table \"ProductSize\"."); column: None; hint: None }); transient: false })
ERROR,0126-7890171556986,,,,,
Invalid `prisma.product.delete()` invocation in
C:\Users\sport\TenisCash\scripts\cleanup-meta-esportes-duplicates.js:158:34

  155   }
  156 }
  157 // 4. Deleta o produto meta (ProductSize cai em cascade conforme schema)
→ 158 await prisma.product.delete(
Error occurred during query execution:
ConnectorError(ConnectorError { user_facing_error: None; kind: QueryError(PostgresError { code: "23001"; message: "update or delete on table \"Product\" violates RESTRICT setting of foreign key constraint \"ProductSize_productId_fkey\" on table \"ProductSize\""; severity: "ERROR"; detail: Some("Key (id)=(c4b2188f-bf48-42f6-945f-c40f011920e8) is referenced from table \"ProductSize\"."); column: None; hint: None }); transient: false })
ERROR,0126-7890171551714,,,,,
Invalid `prisma.product.delete()` invocation in
C:\Users\sport\TenisCash\scripts\cleanup-meta-esportes-duplicates.js:158:34

  155   }
  156 }
  157 // 4. Deleta o produto meta (ProductSize cai em cascade conforme schema)
→ 158 await prisma.product.delete(
Error occurred during query execution:
ConnectorError(ConnectorError { user_facing_error: None; kind: QueryError(PostgresError { code: "23001"; message: "update or delete on table \"Product\" violates RESTRICT setting of foreign key constraint \"ProductSize_productId_fkey\" on table \"ProductSize\""; severity: "ERROR"; detail: Some("Key (id)=(27fa04d1-a708-4001-95c3-63c3611ed1d7) is referenced from table \"ProductSize\"."); column: None; hint: None }); transient: false })
KEEP_NO_EAN,0126-7890171469064,BOLSA TOTE ALTO GIRO PRETO UN,,,,
ERROR,0126-7890171542002,,,,,
Invalid `prisma.product.delete()` invocation in
C:\Users\sport\TenisCash\scripts\cleanup-meta-esportes-duplicates.js:158:34

  155   }
  156 }
  157 // 4. Deleta o produto meta (ProductSize cai em cascade conforme schema)
→ 158 await prisma.product.delete(
Error occurred during query execution:
ConnectorError(ConnectorError { user_facing_error: None; kind: QueryError(PostgresError { code: "23001"; message: "update or delete on table \"Product\" violates RESTRICT setting of foreign key constraint \"ProductSize_productId_fkey\" on table \"ProductSize\""; severity: "ERROR"; detail: Some("Key (id)=(715d302e-8fab-4f10-910b-6b0cfd6be8a4) is referenced from table \"ProductSize\"."); column: None; hint: None }); transient: false })
ERROR,0126-7890171547816,,,,,
Invalid `prisma.product.delete()` invocation in
C:\Users\sport\TenisCash\scripts\cleanup-meta-esportes-duplicates.js:158:34

  155   }
  156 }
  157 // 4. Deleta o produto meta (ProductSize cai em cascade conforme schema)
→ 158 await prisma.product.delete(
Error occurred during query execution:
ConnectorError(ConnectorError { user_facing_error: None; kind: QueryError(PostgresError { code: "23001"; message: "update or delete on table \"Product\" violates RESTRICT setting of foreign key constraint \"ProductSize_productId_fkey\" on table \"ProductSize\""; severity: "ERROR"; detail: Some("Key (id)=(3b94b403-db75-4c3f-a9cc-a8c70756f5d4) is referenced from table \"ProductSize\"."); column: None; hint: None }); transient: false })
ERROR,0126-7890171543665,,,,,
Invalid `prisma.product.delete()` invocation in
C:\Users\sport\TenisCash\scripts\cleanup-meta-esportes-duplicates.js:158:34

  155   }
  156 }
  157 // 4. Deleta o produto meta (ProductSize cai em cascade conforme schema)
→ 158 await prisma.product.delete(
Error occurred during query execution:
ConnectorError(ConnectorError { user_facing_error: None; kind: QueryError(PostgresError { code: "23001"; message: "update or delete on table \"Product\" violates RESTRICT setting of foreign key constraint \"ProductSize_productId_fkey\" on table \"ProductSize\""; severity: "ERROR"; detail: Some("Key (id)=(6a0618c4-c3dd-466b-85ad-bc2145a68b48) is referenced from table \"ProductSize\"."); column: None; hint: None }); transient: false })
ERROR,0126-7890171478615,,,,,
Invalid `prisma.product.delete()` invocation in
C:\Users\sport\TenisCash\scripts\cleanup-meta-esportes-duplicates.js:158:34

  155   }
  156 }
  157 // 4. Deleta o produto meta (ProductSize cai em cascade conforme schema)
→ 158 await prisma.product.delete(
Error occurred during query execution:
ConnectorError(ConnectorError { user_facing_error: None; kind: QueryError(PostgresError { code: "23001"; message: "update or delete on table \"Product\" violates RESTRICT setting of foreign key constraint \"ProductSize_productId_fkey\" on table \"ProductSize\""; severity: "ERROR"; detail: Some("Key (id)=(f29eca1c-dd00-40df-bdf8-4c50aa0e43ea) is referenced from table \"ProductSize\"."); column: None; hint: None }); transient: false })
ERROR,0126-7890171163320,,,,,
Invalid `prisma.product.delete()` invocation in
C:\Users\sport\TenisCash\scripts\cleanup-meta-esportes-duplicates.js:158:34

  155   }
  156 }
  157 // 4. Deleta o produto meta (ProductSize cai em cascade conforme schema)
→ 158 await prisma.product.delete(
Error occurred during query execution:
ConnectorError(ConnectorError { user_facing_error: None; kind: QueryError(PostgresError { code: "23001"; message: "update or delete on table \"Product\" violates RESTRICT setting of foreign key constraint \"ProductSize_productId_fkey\" on table \"ProductSize\""; severity: "ERROR"; detail: Some("Key (id)=(fb23b613-21e9-43b7-a2d4-e77e35f3f510) is referenced from table \"ProductSize\"."); column: None; hint: None }); transient: false })
ERROR,0126-7890171546826,,,,,
Invalid `prisma.product.delete()` invocation in
C:\Users\sport\TenisCash\scripts\cleanup-meta-esportes-duplicates.js:158:34

  155   }
  156 }
  157 // 4. Deleta o produto meta (ProductSize cai em cascade conforme schema)
→ 158 await prisma.product.delete(
Error occurred during query execution:
ConnectorError(ConnectorError { user_facing_error: None; kind: QueryError(PostgresError { code: "23001"; message: "update or delete on table \"Product\" violates RESTRICT setting of foreign key constraint \"ProductSize_productId_fkey\" on table \"ProductSize\""; severity: "ERROR"; detail: Some("Key (id)=(816c6873-6253-4ac8-9db8-fefb304077d6) is referenced from table \"ProductSize\"."); column: None; hint: None }); transient: false })
ERROR,0126-7890171552094,,,,,
Invalid `prisma.product.delete()` invocation in
C:\Users\sport\TenisCash\scripts\cleanup-meta-esportes-duplicates.js:158:34

  155   }
  156 }
  157 // 4. Deleta o produto meta (ProductSize cai em cascade conforme schema)
→ 158 await prisma.product.delete(
Error occurred during query execution:
ConnectorError(ConnectorError { user_facing_error: None; kind: QueryError(PostgresError { code: "23001"; message: "update or delete on table \"Product\" violates RESTRICT setting of foreign key constraint \"ProductSize_productId_fkey\" on table \"ProductSize\""; severity: "ERROR"; detail: Some("Key (id)=(0c4f652b-e884-4307-8689-02bcca9eda01) is referenced from table \"ProductSize\"."); column: None; hint: None }); transient: false })
KEEP_NO_EAN,0126-7890171569870,GARRAFA TERMICA CAPA EMBORRACHADA 750ML BEGE LIGHT UN,,,,
ERROR,0126-7890171478578,,,,,
Invalid `prisma.product.delete()` invocation in
C:\Users\sport\TenisCash\scripts\cleanup-meta-esportes-duplicates.js:158:34

  155   }
  156 }
  157 // 4. Deleta o produto meta (ProductSize cai em cascade conforme schema)
→ 158 await prisma.product.delete(
Error occurred during query execution:
ConnectorError(ConnectorError { user_facing_error: None; kind: QueryError(PostgresError { code: "23001"; message: "update or delete on table \"Product\" violates RESTRICT setting of foreign key constraint \"ProductSize_productId_fkey\" on table \"ProductSize\""; severity: "ERROR"; detail: Some("Key (id)=(5835f986-6a5c-43a2-8f36-27069d8defb6) is referenced from table \"ProductSize\"."); column: None; hint: None }); transient: false })
ERROR,0126-7890171542446,,,,,
Invalid `prisma.product.delete()` invocation in
C:\Users\sport\TenisCash\scripts\cleanup-meta-esportes-duplicates.js:158:34

  155   }
  156 }
  157 // 4. Deleta o produto meta (ProductSize cai em cascade conforme schema)
→ 158 await prisma.product.delete(
Error occurred during query execution:
ConnectorError(ConnectorError { user_facing_error: None; kind: QueryError(PostgresError { code: "23001"; message: "update or delete on table \"Product\" violates RESTRICT setting of foreign key constraint \"ProductSize_productId_fkey\" on table \"ProductSize\""; severity: "ERROR"; detail: Some("Key (id)=(6c6a2c89-3c5c-484b-ab11-ef5ad0f79f87) is referenced from table \"ProductSize\"."); column: None; hint: None }); transient: false })
ERROR,0126-7890171069882,,,,,
Invalid `prisma.product.delete()` invocation in
C:\Users\sport\TenisCash\scripts\cleanup-meta-esportes-duplicates.js:158:34

  155   }
  156 }
  157 // 4. Deleta o produto meta (ProductSize cai em cascade conforme schema)
→ 158 await prisma.product.delete(
Error occurred during query execution:
ConnectorError(ConnectorError { user_facing_error: None; kind: QueryError(PostgresError { code: "23001"; message: "update or delete on table \"Product\" violates RESTRICT setting of foreign key constraint \"ProductSize_productId_fkey\" on table \"ProductSize\""; severity: "ERROR"; detail: Some("Key (id)=(20235f07-6159-440f-87d8-74206e93eaa0) is referenced from table \"ProductSize\"."); column: None; hint: None }); transient: false })
ERROR,0126-7890171551455,,,,,
Invalid `prisma.product.delete()` invocation in
C:\Users\sport\TenisCash\scripts\cleanup-meta-esportes-duplicates.js:158:34

  155   }
  156 }
  157 // 4. Deleta o produto meta (ProductSize cai em cascade conforme schema)
→ 158 await prisma.product.delete(
Error occurred during query execution:
ConnectorError(ConnectorError { user_facing_error: None; kind: QueryError(PostgresError { code: "23001"; message: "update or delete on table \"Product\" violates RESTRICT setting of foreign key constraint \"ProductSize_productId_fkey\" on table \"ProductSize\""; severity: "ERROR"; detail: Some("Key (id)=(244e2fad-03ff-4acb-8b09-6713d23527c0) is referenced from table \"ProductSize\"."); column: None; hint: None }); transient: false })
ERROR,0126-7890171202388,,,,,
Invalid `prisma.product.delete()` invocation in
C:\Users\sport\TenisCash\scripts\cleanup-meta-esportes-duplicates.js:158:34

  155   }
  156 }
  157 // 4. Deleta o produto meta (ProductSize cai em cascade conforme schema)
→ 158 await prisma.product.delete(
Error occurred during query execution:
ConnectorError(ConnectorError { user_facing_error: None; kind: QueryError(PostgresError { code: "23001"; message: "update or delete on table \"Product\" violates RESTRICT setting of foreign key constraint \"ProductSize_productId_fkey\" on table \"ProductSize\""; severity: "ERROR"; detail: Some("Key (id)=(e1858f2e-ce91-4ce8-8724-96f97c5448b1) is referenced from table \"ProductSize\"."); column: None; hint: None }); transient: false })
ERROR,0126-7890171542095,,,,,
Invalid `prisma.product.delete()` invocation in
C:\Users\sport\TenisCash\scripts\cleanup-meta-esportes-duplicates.js:158:34

  155   }
  156 }
  157 // 4. Deleta o produto meta (ProductSize cai em cascade conforme schema)
→ 158 await prisma.product.delete(
Error occurred during query execution:
ConnectorError(ConnectorError { user_facing_error: None; kind: QueryError(PostgresError { code: "23001"; message: "update or delete on table \"Product\" violates RESTRICT setting of foreign key constraint \"ProductSize_productId_fkey\" on table \"ProductSize\""; severity: "ERROR"; detail: Some("Key (id)=(32258b49-02b6-43a1-8b6f-195a9490f19f) is referenced from table \"ProductSize\"."); column: None; hint: None }); transient: false })
ERROR,0126-7890171551134,,,,,
Invalid `prisma.product.delete()` invocation in
C:\Users\sport\TenisCash\scripts\cleanup-meta-esportes-duplicates.js:158:34

  155   }
  156 }
  157 // 4. Deleta o produto meta (ProductSize cai em cascade conforme schema)
→ 158 await prisma.product.delete(
Error occurred during query execution:
ConnectorError(ConnectorError { user_facing_error: None; kind: QueryError(PostgresError { code: "23001"; message: "update or delete on table \"Product\" violates RESTRICT setting of foreign key constraint \"ProductSize_productId_fkey\" on table \"ProductSize\""; severity: "ERROR"; detail: Some("Key (id)=(a286ec92-585f-4166-a4c0-17f7751e707b) is referenced from table \"ProductSize\"."); column: None; hint: None }); transient: false })
ERROR,0126-7890171546000,,,,,
Invalid `prisma.product.delete()` invocation in
C:\Users\sport\TenisCash\scripts\cleanup-meta-esportes-duplicates.js:158:34

  155   }
  156 }
  157 // 4. Deleta o produto meta (ProductSize cai em cascade conforme schema)
→ 158 await prisma.product.delete(
Error occurred during query execution:
ConnectorError(ConnectorError { user_facing_error: None; kind: QueryError(PostgresError { code: "23001"; message: "update or delete on table \"Product\" violates RESTRICT setting of foreign key constraint \"ProductSize_productId_fkey\" on table \"ProductSize\""; severity: "ERROR"; detail: Some("Key (id)=(bb62fca7-a89b-4a79-a032-de2dd86721f7) is referenced from table \"ProductSize\"."); column: None; hint: None }); transient: false })
ERROR,0126-7890171560075,,,,,
Invalid `prisma.product.delete()` invocation in
C:\Users\sport\TenisCash\scripts\cleanup-meta-esportes-duplicates.js:158:34

  155   }
  156 }
  157 // 4. Deleta o produto meta (ProductSize cai em cascade conforme schema)
→ 158 await prisma.product.delete(
Error occurred during query execution:
ConnectorError(ConnectorError { user_facing_error: None; kind: QueryError(PostgresError { code: "23001"; message: "update or delete on table \"Product\" violates RESTRICT setting of foreign key constraint \"ProductSize_productId_fkey\" on table \"ProductSize\""; severity: "ERROR"; detail: Some("Key (id)=(3815ef8b-81fa-4a14-8ba1-111d57b9668f) is referenced from table \"ProductSize\"."); column: None; hint: None }); transient: false })
ERROR,0126-7890171534519,,,,,
Invalid `prisma.product.delete()` invocation in
C:\Users\sport\TenisCash\scripts\cleanup-meta-esportes-duplicates.js:158:34

  155   }
  156 }
  157 // 4. Deleta o produto meta (ProductSize cai em cascade conforme schema)
→ 158 await prisma.product.delete(
Error occurred during query execution:
ConnectorError(ConnectorError { user_facing_error: None; kind: QueryError(PostgresError { code: "23001"; message: "update or delete on table \"Product\" violates RESTRICT setting of foreign key constraint \"ProductSize_productId_fkey\" on table \"ProductSize\""; severity: "ERROR"; detail: Some("Key (id)=(1ef3cce2-d0f2-4bb0-b7b4-68a63b5d048d) is referenced from table \"ProductSize\"."); column: None; hint: None }); transient: false })
KEEP_NO_EAN,0126-7890171566374,BOLSA TOTE BOLSO FRENTE VERMELHO TINTO UN,,,,
ERROR,0126-7890171533475,,,,,
Invalid `prisma.product.delete()` invocation in
C:\Users\sport\TenisCash\scripts\cleanup-meta-esportes-duplicates.js:158:34

  155   }
  156 }
  157 // 4. Deleta o produto meta (ProductSize cai em cascade conforme schema)
→ 158 await prisma.product.delete(
Error occurred during query execution:
ConnectorError(ConnectorError { user_facing_error: None; kind: QueryError(PostgresError { code: "23001"; message: "update or delete on table \"Product\" violates RESTRICT setting of foreign key constraint \"ProductSize_productId_fkey\" on table \"ProductSize\""; severity: "ERROR"; detail: Some("Key (id)=(0ea2ae70-d7d8-465f-bd06-2e9e1ab9065c) is referenced from table \"ProductSize\"."); column: None; hint: None }); transient: false })
KEEP_NO_EAN,0126-6263,TOP COSTAS NADADOR ESSENTIALS ROXO VELVET,,,,
ERROR,0126-7890171551318,,,,,
Invalid `prisma.product.delete()` invocation in
C:\Users\sport\TenisCash\scripts\cleanup-meta-esportes-duplicates.js:158:34

  155   }
  156 }
  157 // 4. Deleta o produto meta (ProductSize cai em cascade conforme schema)
→ 158 await prisma.product.delete(
Error occurred during query execution:
ConnectorError(ConnectorError { user_facing_error: None; kind: QueryError(PostgresError { code: "23001"; message: "update or delete on table \"Product\" violates RESTRICT setting of foreign key constraint \"ProductSize_productId_fkey\" on table \"ProductSize\""; severity: "ERROR"; detail: Some("Key (id)=(fb81448f-2f15-4d8c-b798-154dda11bfeb) is referenced from table \"ProductSize\"."); column: None; hint: None }); transient: false })
ERROR,0126-7890171557341,,,,,
Invalid `prisma.product.delete()` invocation in
C:\Users\sport\TenisCash\scripts\cleanup-meta-esportes-duplicates.js:158:34

  155   }
  156 }
  157 // 4. Deleta o produto meta (ProductSize cai em cascade conforme schema)
→ 158 await prisma.product.delete(
Error occurred during query execution:
ConnectorError(ConnectorError { user_facing_error: None; kind: QueryError(PostgresError { code: "23001"; message: "update or delete on table \"Product\" violates RESTRICT setting of foreign key constraint \"ProductSize_productId_fkey\" on table \"ProductSize\""; severity: "ERROR"; detail: Some("Key (id)=(d38ccb5c-4dfb-485a-8eeb-ecf184d93fbe) is referenced from table \"ProductSize\"."); column: None; hint: None }); transient: false })
ERROR,0126-7890171533567,,,,,
Invalid `prisma.product.delete()` invocation in
C:\Users\sport\TenisCash\scripts\cleanup-meta-esportes-duplicates.js:158:34

  155   }
  156 }
  157 // 4. Deleta o produto meta (ProductSize cai em cascade conforme schema)
→ 158 await prisma.product.delete(
Error occurred during query execution:
ConnectorError(ConnectorError { user_facing_error: None; kind: QueryError(PostgresError { code: "23001"; message: "update or delete on table \"Product\" violates RESTRICT setting of foreign key constraint \"ProductSize_productId_fkey\" on table \"ProductSize\""; severity: "ERROR"; detail: Some("Key (id)=(97681693-8cdb-4272-8b77-bd51604a57ab) is referenced from table \"ProductSize\"."); column: None; hint: None }); transient: false })
KEEP_NO_EAN,0126-7890171566404,BOLSA TERMICA RETANGULAR ALTO GIRO PRETO UN,,,,
ERROR,0126-7890171545324,,,,,
Invalid `prisma.product.delete()` invocation in
C:\Users\sport\TenisCash\scripts\cleanup-meta-esportes-duplicates.js:158:34

  155   }
  156 }
  157 // 4. Deleta o produto meta (ProductSize cai em cascade conforme schema)
→ 158 await prisma.product.delete(
Error occurred during query execution:
ConnectorError(ConnectorError { user_facing_error: None; kind: QueryError(PostgresError { code: "23001"; message: "update or delete on table \"Product\" violates RESTRICT setting of foreign key constraint \"ProductSize_productId_fkey\" on table \"ProductSize\""; severity: "ERROR"; detail: Some("Key (id)=(3503887f-e517-4e69-9435-333253a4e3a4) is referenced from table \"ProductSize\"."); column: None; hint: None }); transient: false })
KEEP_NO_EAN,0126-7890171569887,GARRAFA TERMICA COM IMA 700ML PRETO UN,,,,
ERROR,0126-7890171558027,,,,,
Invalid `prisma.product.delete()` invocation in
C:\Users\sport\TenisCash\scripts\cleanup-meta-esportes-duplicates.js:158:34

  155   }
  156 }
  157 // 4. Deleta o produto meta (ProductSize cai em cascade conforme schema)
→ 158 await prisma.product.delete(
Error occurred during query execution:
ConnectorError(ConnectorError { user_facing_error: None; kind: QueryError(PostgresError { code: "23001"; message: "update or delete on table \"Product\" violates RESTRICT setting of foreign key constraint \"ProductSize_productId_fkey\" on table \"ProductSize\""; severity: "ERROR"; detail: Some("Key (id)=(f3dbb172-1f5d-4547-b609-624debb4d817) is referenced from table \"ProductSize\"."); column: None; hint: None }); transient: false })
ERROR,0126-7890171382356,,,,,
Invalid `prisma.product.delete()` invocation in
C:\Users\sport\TenisCash\scripts\cleanup-meta-esportes-duplicates.js:158:34

  155   }
  156 }
  157 // 4. Deleta o produto meta (ProductSize cai em cascade conforme schema)
→ 158 await prisma.product.delete(
Error occurred during query execution:
ConnectorError(ConnectorError { user_facing_error: None; kind: QueryError(PostgresError { code: "23001"; message: "update or delete on table \"Product\" violates RESTRICT setting of foreign key constraint \"ProductSize_productId_fkey\" on table \"ProductSize\""; severity: "ERROR"; detail: Some("Key (id)=(2ead53ad-7b4a-4fc2-918e-aae62aeb9ff0) is referenced from table \"ProductSize\"."); column: None; hint: None }); transient: false })
KEEP_NO_EAN,0126-7890171551806,HEADBAND 6;5CM ALTO GIRO BRANCO UN,,,,
KEEP_NO_EAN,0126-7890171543160,HEADBAND 6;5CM ALTO GIRO PRETO UN,,,,
KEEP_NO_EAN,0126-7908440893073,CL0069NWSC99P-MEIA CL 3K CM 1/2 TOALHA 35 A 38 BLACK/WH,,,,
KEEP_NO_EAN,0126-7908440893066,CL0069NWSCVRP-MEIA CL 3K CM 1/2 TOALHA 35 A 38 ASSORTMENT,,,,
KEEP_NO_EAN,0126-7908440893141,RN0108NMSC06M-MEIA PERFORMANCE INV 39 A 42 WHITE/STEELY,,,,
KEEP_NO_EAN,0126-7908440893080,CL0070NMSC00M MEIA CL 3K INV 1/2 TOALHA 39 A 42 WHITE/GR,,,,
KEEP_NO_EAN,0126-7908440893042,CL0069NMSC99M-MEIA CL 3K CM 1/2 TOALHA 39 A 42  BLACK/WH,,,,
KEEP_NO_EAN,0126-7908440893103,CL0070NMSC99M-MEIA CL 3K INV 1/2 TOALHA 39 A 42 BLACK/GR,,,,
KEEP_NO_EAN,0126-7908440893028,CL0069NMSC00M-MEIA CL 3K CM 1/2 TOALHA 39 A  42 WHITE/BK,,,,
KEEP_NO_EAN,0126-7908425142783,TENIS MARESIA FOREST CINZA/BRANCO,,,,
KEEP_NO_EAN,0126-7908425138175,TENIS MARESIA CHILLI SLIM PRETO/BRANCO,,,,
KEEP_NO_EAN,0126-7908425143612,TENIS MARESIA HALF CAF�/PALHA,,,,
KEEP_NO_EAN,0126-7908425138755,TENIS MARESIA FLAT SLIM PRETO/CARAMELO,,,,
KEEP_NO_EAN,0126-6671,CHUTEIRA SALAO,,,,
KEEP_NO_EAN,0126-6673,CHUTEIRA GRAMADO,,,,
KEEP_NO_EAN,0126-6672,CHUTEIRA SOCIETY,,,,
KEEP_NO_EAN,0126-6762,TENIS NK VOMERO 18 MASCULINO SU25,,,,
ERROR,0126-7909403816115,,,,,
Invalid `prisma.product.delete()` invocation in
C:\Users\sport\TenisCash\scripts\cleanup-meta-esportes-duplicates.js:158:34

  155   }
  156 }
  157 // 4. Deleta o produto meta (ProductSize cai em cascade conforme schema)
→ 158 await prisma.product.delete(
Error occurred during query execution:
ConnectorError(ConnectorError { user_facing_error: None; kind: QueryError(PostgresError { code: "23001"; message: "update or delete on table \"Product\" violates RESTRICT setting of foreign key constraint \"ProductSize_productId_fkey\" on table \"ProductSize\""; severity: "ERROR"; detail: Some("Key (id)=(b8148040-fcb3-4f75-b2d0-ba3be13dd7b0) is referenced from table \"ProductSize\"."); column: None; hint: None }); transient: false })
ERROR,0126-7909403481535,,,,,
Invalid `prisma.product.delete()` invocation in
C:\Users\sport\TenisCash\scripts\cleanup-meta-esportes-duplicates.js:158:34

  155   }
  156 }
  157 // 4. Deleta o produto meta (ProductSize cai em cascade conforme schema)
→ 158 await prisma.product.delete(
Error occurred during query execution:
ConnectorError(ConnectorError { user_facing_error: None; kind: QueryError(PostgresError { code: "23001"; message: "update or delete on table \"Product\" violates RESTRICT setting of foreign key constraint \"ProductSize_productId_fkey\" on table \"ProductSize\""; severity: "ERROR"; detail: Some("Key (id)=(b4ad1122-5779-4a52-86bb-a0a27b200b4a) is referenced from table \"ProductSize\"."); column: None; hint: None }); transient: false })
ERROR,0126-7909403626493,,,,,
Invalid `prisma.product.delete()` invocation in
C:\Users\sport\TenisCash\scripts\cleanup-meta-esportes-duplicates.js:158:34

  155   }
  156 }
  157 // 4. Deleta o produto meta (ProductSize cai em cascade conforme schema)
→ 158 await prisma.product.delete(
Error occurred during query execution:
ConnectorError(ConnectorError { user_facing_error: None; kind: QueryError(PostgresError { code: "23001"; message: "update or delete on table \"Product\" violates RESTRICT setting of foreign key constraint \"ProductSize_productId_fkey\" on table \"ProductSize\""; severity: "ERROR"; detail: Some("Key (id)=(c2bf70f0-0da4-4241-b94f-ce16abe1c489) is referenced from table \"ProductSize\"."); column: None; hint: None }); transient: false })
ERROR,0126-7909403481610,,,,,
Invalid `prisma.product.delete()` invocation in
C:\Users\sport\TenisCash\scripts\cleanup-meta-esportes-duplicates.js:158:34

  155   }
  156 }
  157 // 4. Deleta o produto meta (ProductSize cai em cascade conforme schema)
→ 158 await prisma.product.delete(
Error occurred during query execution:
ConnectorError(ConnectorError { user_facing_error: None; kind: QueryError(PostgresError { code: "23001"; message: "update or delete on table \"Product\" violates RESTRICT setting of foreign key constraint \"ProductSize_productId_fkey\" on table \"ProductSize\""; severity: "ERROR"; detail: Some("Key (id)=(4c950e79-a608-4b84-9fc8-dfb60a3263a2) is referenced from table \"ProductSize\"."); column: None; hint: None }); transient: false })
ERROR,0126-7909403503589,,,,,
Invalid `prisma.product.delete()` invocation in
C:\Users\sport\TenisCash\scripts\cleanup-meta-esportes-duplicates.js:158:34

  155   }
  156 }
  157 // 4. Deleta o produto meta (ProductSize cai em cascade conforme schema)
→ 158 await prisma.product.delete(
Error occurred during query execution:
ConnectorError(ConnectorError { user_facing_error: None; kind: QueryError(PostgresError { code: "23001"; message: "update or delete on table \"Product\" violates RESTRICT setting of foreign key constraint \"ProductSize_productId_fkey\" on table \"ProductSize\""; severity: "ERROR"; detail: Some("Key (id)=(ce237ae9-8229-4df4-8060-5a94a4dbf5dd) is referenced from table \"ProductSize\"."); column: None; hint: None }); transient: false })
ERROR,0126-7909131475028,,,,,
Invalid `prisma.product.delete()` invocation in
C:\Users\sport\TenisCash\scripts\cleanup-meta-esportes-duplicates.js:158:34

  155   }
  156 }
  157 // 4. Deleta o produto meta (ProductSize cai em cascade conforme schema)
→ 158 await prisma.product.delete(
Error occurred during query execution:
ConnectorError(ConnectorError { user_facing_error: None; kind: QueryError(PostgresError { code: "23001"; message: "update or delete on table \"Product\" violates RESTRICT setting of foreign key constraint \"ProductSize_productId_fkey\" on table \"ProductSize\""; severity: "ERROR"; detail: Some("Key (id)=(ac2c7c41-2762-42bb-897b-5cc835514a40) is referenced from table \"ProductSize\"."); column: None; hint: None }); transient: false })
ERROR,0126-7909131320663,,,,,
Invalid `prisma.product.delete()` invocation in
C:\Users\sport\TenisCash\scripts\cleanup-meta-esportes-duplicates.js:158:34

  155   }
  156 }
  157 // 4. Deleta o produto meta (ProductSize cai em cascade conforme schema)
→ 158 await prisma.product.delete(
Error occurred during query execution:
ConnectorError(ConnectorError { user_facing_error: None; kind: QueryError(PostgresError { code: "23001"; message: "update or delete on table \"Product\" violates RESTRICT setting of foreign key constraint \"ProductSize_productId_fkey\" on table \"ProductSize\""; severity: "ERROR"; detail: Some("Key (id)=(49bde4bf-375f-42c2-8297-0de0f95624a8) is referenced from table \"ProductSize\"."); column: None; hint: None }); transient: false })
ERROR,0126-7909131382364,,,,,
Invalid `prisma.product.delete()` invocation in
C:\Users\sport\TenisCash\scripts\cleanup-meta-esportes-duplicates.js:158:34

  155   }
  156 }
  157 // 4. Deleta o produto meta (ProductSize cai em cascade conforme schema)
→ 158 await prisma.product.delete(
Error occurred during query execution:
ConnectorError(ConnectorError { user_facing_error: None; kind: QueryError(PostgresError { code: "23001"; message: "update or delete on table \"Product\" violates RESTRICT setting of foreign key constraint \"ProductSize_productId_fkey\" on table \"ProductSize\""; severity: "ERROR"; detail: Some("Key (id)=(fb489a04-5b2a-42e7-91e1-14acfdca116f) is referenced from table \"ProductSize\"."); column: None; hint: None }); transient: false })
ERROR,0126-7909131438856,,,,,
Invalid `prisma.product.delete()` invocation in
C:\Users\sport\TenisCash\scripts\cleanup-meta-esportes-duplicates.js:158:34

  155   }
  156 }
  157 // 4. Deleta o produto meta (ProductSize cai em cascade conforme schema)
→ 158 await prisma.product.delete(
Error occurred during query execution:
ConnectorError(ConnectorError { user_facing_error: None; kind: QueryError(PostgresError { code: "23001"; message: "update or delete on table \"Product\" violates RESTRICT setting of foreign key constraint \"ProductSize_productId_fkey\" on table \"ProductSize\""; severity: "ERROR"; detail: Some("Key (id)=(7218b6d0-0944-45a9-ab59-ea99dc0f597b) is referenced from table \"ProductSize\"."); column: None; hint: None }); transient: false })
ERROR,0126-7909131392097,,,,,
Invalid `prisma.product.delete()` invocation in
C:\Users\sport\TenisCash\scripts\cleanup-meta-esportes-duplicates.js:158:34

  155   }
  156 }
  157 // 4. Deleta o produto meta (ProductSize cai em cascade conforme schema)
→ 158 await prisma.product.delete(
Error occurred during query execution:
ConnectorError(ConnectorError { user_facing_error: None; kind: QueryError(PostgresError { code: "23001"; message: "update or delete on table \"Product\" violates RESTRICT setting of foreign key constraint \"ProductSize_productId_fkey\" on table \"ProductSize\""; severity: "ERROR"; detail: Some("Key (id)=(ba5fb57f-a788-4aef-b4a9-43ec1994f4da) is referenced from table \"ProductSize\"."); column: None; hint: None }); transient: false })
ERROR,0126-7909131438528,,,,,
Invalid `prisma.product.delete()` invocation in
C:\Users\sport\TenisCash\scripts\cleanup-meta-esportes-duplicates.js:158:34

  155   }
  156 }
  157 // 4. Deleta o produto meta (ProductSize cai em cascade conforme schema)
→ 158 await prisma.product.delete(
Error occurred during query execution:
ConnectorError(ConnectorError { user_facing_error: None; kind: QueryError(PostgresError { code: "23001"; message: "update or delete on table \"Product\" violates RESTRICT setting of foreign key constraint \"ProductSize_productId_fkey\" on table \"ProductSize\""; severity: "ERROR"; detail: Some("Key (id)=(bbb5f4cd-8b71-43b5-a1d9-76a7749fcaa2) is referenced from table \"ProductSize\"."); column: None; hint: None }); transient: false })
ERROR,0126-7909131438634,,,,,
Invalid `prisma.product.delete()` invocation in
C:\Users\sport\TenisCash\scripts\cleanup-meta-esportes-duplicates.js:158:34

  155   }
  156 }
  157 // 4. Deleta o produto meta (ProductSize cai em cascade conforme schema)
→ 158 await prisma.product.delete(
Error occurred during query execution:
ConnectorError(ConnectorError { user_facing_error: None; kind: QueryError(PostgresError { code: "23001"; message: "update or delete on table \"Product\" violates RESTRICT setting of foreign key constraint \"ProductSize_productId_fkey\" on table \"ProductSize\""; severity: "ERROR"; detail: Some("Key (id)=(0d2a53bb-23fc-4106-801e-965038b3734d) is referenced from table \"ProductSize\"."); column: None; hint: None }); transient: false })
ERROR,0126-7909131392028,,,,,
Invalid `prisma.product.delete()` invocation in
C:\Users\sport\TenisCash\scripts\cleanup-meta-esportes-duplicates.js:158:34

  155   }
  156 }
  157 // 4. Deleta o produto meta (ProductSize cai em cascade conforme schema)
→ 158 await prisma.product.delete(
Error occurred during query execution:
ConnectorError(ConnectorError { user_facing_error: None; kind: QueryError(PostgresError { code: "23001"; message: "update or delete on table \"Product\" violates RESTRICT setting of foreign key constraint \"ProductSize_productId_fkey\" on table \"ProductSize\""; severity: "ERROR"; detail: Some("Key (id)=(ffe92ad7-2787-4323-9709-fcbdc2e91e02) is referenced from table \"ProductSize\"."); column: None; hint: None }); transient: false })
ERROR,0126-7909131438719,,,,,
Invalid `prisma.product.delete()` invocation in
C:\Users\sport\TenisCash\scripts\cleanup-meta-esportes-duplicates.js:158:34

  155   }
  156 }
  157 // 4. Deleta o produto meta (ProductSize cai em cascade conforme schema)
→ 158 await prisma.product.delete(
Error occurred during query execution:
ConnectorError(ConnectorError { user_facing_error: None; kind: QueryError(PostgresError { code: "23001"; message: "update or delete on table \"Product\" violates RESTRICT setting of foreign key constraint \"ProductSize_productId_fkey\" on table \"ProductSize\""; severity: "ERROR"; detail: Some("Key (id)=(3a4c78f6-f66e-4a33-ae45-69d0c5be59d5) is referenced from table \"ProductSize\"."); column: None; hint: None }); transient: false })
ERROR,0126-7909131437576,,,,,
Invalid `prisma.product.delete()` invocation in
C:\Users\sport\TenisCash\scripts\cleanup-meta-esportes-duplicates.js:158:34

  155   }
  156 }
  157 // 4. Deleta o produto meta (ProductSize cai em cascade conforme schema)
→ 158 await prisma.product.delete(
Error occurred during query execution:
ConnectorError(ConnectorError { user_facing_error: None; kind: QueryError(PostgresError { code: "23001"; message: "update or delete on table \"Product\" violates RESTRICT setting of foreign key constraint \"ProductSize_productId_fkey\" on table \"ProductSize\""; severity: "ERROR"; detail: Some("Key (id)=(56d1e4fc-0064-4ffd-ad02-fcc904ea56e1) is referenced from table \"ProductSize\"."); column: None; hint: None }); transient: false })
ERROR,0126-7909131382807,,,,,
Invalid `prisma.product.delete()` invocation in
C:\Users\sport\TenisCash\scripts\cleanup-meta-esportes-duplicates.js:158:34

  155   }
  156 }
  157 // 4. Deleta o produto meta (ProductSize cai em cascade conforme schema)
→ 158 await prisma.product.delete(
Error occurred during query execution:
ConnectorError(ConnectorError { user_facing_error: None; kind: QueryError(PostgresError { code: "23001"; message: "update or delete on table \"Product\" violates RESTRICT setting of foreign key constraint \"ProductSize_productId_fkey\" on table \"ProductSize\""; severity: "ERROR"; detail: Some("Key (id)=(efafcc6f-5dcd-4dfd-b884-0285d4bc882e) is referenced from table \"ProductSize\"."); column: None; hint: None }); transient: false })
ERROR,0126-7909131392837,,,,,
Invalid `prisma.product.delete()` invocation in
C:\Users\sport\TenisCash\scripts\cleanup-meta-esportes-duplicates.js:158:34

  155   }
  156 }
  157 // 4. Deleta o produto meta (ProductSize cai em cascade conforme schema)
→ 158 await prisma.product.delete(
Error occurred during query execution:
ConnectorError(ConnectorError { user_facing_error: None; kind: QueryError(PostgresError { code: "23001"; message: "update or delete on table \"Product\" violates RESTRICT setting of foreign key constraint \"ProductSize_productId_fkey\" on table \"ProductSize\""; severity: "ERROR"; detail: Some("Key (id)=(fc64c71a-ead8-49fb-9eb4-291ed4f6a2c5) is referenced from table \"ProductSize\"."); column: None; hint: None }); transient: false })
ERROR,0126-7909131350004,,,,,
Invalid `prisma.product.delete()` invocation in
C:\Users\sport\TenisCash\scripts\cleanup-meta-esportes-duplicates.js:158:34

  155   }
  156 }
  157 // 4. Deleta o produto meta (ProductSize cai em cascade conforme schema)
→ 158 await prisma.product.delete(
Error occurred during query execution:
ConnectorError(ConnectorError { user_facing_error: None; kind: QueryError(PostgresError { code: "23001"; message: "update or delete on table \"Product\" violates RESTRICT setting of foreign key constraint \"ProductSize_productId_fkey\" on table \"ProductSize\""; severity: "ERROR"; detail: Some("Key (id)=(b229c740-7125-4fa1-8728-f5442e664fa5) is referenced from table \"ProductSize\"."); column: None; hint: None }); transient: false })
ERROR,0126-7909131453507,,,,,
Invalid `prisma.product.delete()` invocation in
C:\Users\sport\TenisCash\scripts\cleanup-meta-esportes-duplicates.js:158:34

  155   }
  156 }
  157 // 4. Deleta o produto meta (ProductSize cai em cascade conforme schema)
→ 158 await prisma.product.delete(
Error occurred during query execution:
ConnectorError(ConnectorError { user_facing_error: None; kind: QueryError(PostgresError { code: "23001"; message: "update or delete on table \"Product\" violates RESTRICT setting of foreign key constraint \"ProductSize_productId_fkey\" on table \"ProductSize\""; severity: "ERROR"; detail: Some("Key (id)=(fbdb22e9-4ad0-4239-b6c5-86d938fced48) is referenced from table \"ProductSize\"."); column: None; hint: None }); transient: false })
ERROR,0126-7909131393193,,,,,
Invalid `prisma.product.delete()` invocation in
C:\Users\sport\TenisCash\scripts\cleanup-meta-esportes-duplicates.js:158:34

  155   }
  156 }
  157 // 4. Deleta o produto meta (ProductSize cai em cascade conforme schema)
→ 158 await prisma.product.delete(
Error occurred during query execution:
ConnectorError(ConnectorError { user_facing_error: None; kind: QueryError(PostgresError { code: "23001"; message: "update or delete on table \"Product\" violates RESTRICT setting of foreign key constraint \"ProductSize_productId_fkey\" on table \"ProductSize\""; severity: "ERROR"; detail: Some("Key (id)=(a5b841aa-403c-45d0-af1b-a5c99618840e) is referenced from table \"ProductSize\"."); column: None; hint: None }); transient: false })
ERROR,0126-7909131393322,,,,,
Invalid `prisma.product.delete()` invocation in
C:\Users\sport\TenisCash\scripts\cleanup-meta-esportes-duplicates.js:158:34

  155   }
  156 }
  157 // 4. Deleta o produto meta (ProductSize cai em cascade conforme schema)
→ 158 await prisma.product.delete(
Error occurred during query execution:
ConnectorError(ConnectorError { user_facing_error: None; kind: QueryError(PostgresError { code: "23001"; message: "update or delete on table \"Product\" violates RESTRICT setting of foreign key constraint \"ProductSize_productId_fkey\" on table \"ProductSize\""; severity: "ERROR"; detail: Some("Key (id)=(b68618d8-1e48-4a8a-a11a-8981c28eeb0b) is referenced from table \"ProductSize\"."); column: None; hint: None }); transient: false })
ERROR,0126-7909131350073,,,,,
Invalid `prisma.product.delete()` invocation in
C:\Users\sport\TenisCash\scripts\cleanup-meta-esportes-duplicates.js:158:34

  155   }
  156 }
  157 // 4. Deleta o produto meta (ProductSize cai em cascade conforme schema)
→ 158 await prisma.product.delete(
Error occurred during query execution:
ConnectorError(ConnectorError { user_facing_error: None; kind: QueryError(PostgresError { code: "23001"; message: "update or delete on table \"Product\" violates RESTRICT setting of foreign key constraint \"ProductSize_productId_fkey\" on table \"ProductSize\""; severity: "ERROR"; detail: Some("Key (id)=(0145af55-5edd-4e34-9e8f-77e648de9bcc) is referenced from table \"ProductSize\"."); column: None; hint: None }); transient: false })
ERROR,0126-7909131394671,,,,,
Invalid `prisma.product.delete()` invocation in
C:\Users\sport\TenisCash\scripts\cleanup-meta-esportes-duplicates.js:158:34

  155   }
  156 }
  157 // 4. Deleta o produto meta (ProductSize cai em cascade conforme schema)
→ 158 await prisma.product.delete(
Error occurred during query execution:
ConnectorError(ConnectorError { user_facing_error: None; kind: QueryError(PostgresError { code: "23001"; message: "update or delete on table \"Product\" violates RESTRICT setting of foreign key constraint \"ProductSize_productId_fkey\" on table \"ProductSize\""; severity: "ERROR"; detail: Some("Key (id)=(42e77c17-3bda-4c66-a9bf-afd6a79f662d) is referenced from table \"ProductSize\"."); column: None; hint: None }); transient: false })
ERROR,0126-7909131350257,,,,,
Invalid `prisma.product.delete()` invocation in
C:\Users\sport\TenisCash\scripts\cleanup-meta-esportes-duplicates.js:158:34

  155   }
  156 }
  157 // 4. Deleta o produto meta (ProductSize cai em cascade conforme schema)
→ 158 await prisma.product.delete(
Error occurred during query execution:
ConnectorError(ConnectorError { user_facing_error: None; kind: QueryError(PostgresError { code: "23001"; message: "update or delete on table \"Product\" violates RESTRICT setting of foreign key constraint \"ProductSize_productId_fkey\" on table \"ProductSize\""; severity: "ERROR"; detail: Some("Key (id)=(9eb2139c-b241-443c-bffb-eaf4d58a145a) is referenced from table \"ProductSize\"."); column: None; hint: None }); transient: false })
ERROR,0126-7909131394770,,,,,
Invalid `prisma.product.delete()` invocation in
C:\Users\sport\TenisCash\scripts\cleanup-meta-esportes-duplicates.js:158:34

  155   }
  156 }
  157 // 4. Deleta o produto meta (ProductSize cai em cascade conforme schema)
→ 158 await prisma.product.delete(
Error occurred during query execution:
ConnectorError(ConnectorError { user_facing_error: None; kind: QueryError(PostgresError { code: "23001"; message: "update or delete on table \"Product\" violates RESTRICT setting of foreign key constraint \"ProductSize_productId_fkey\" on table \"ProductSize\""; severity: "ERROR"; detail: Some("Key (id)=(4403c9f4-15db-45b4-b13a-e43042472447) is referenced from table \"ProductSize\"."); column: None; hint: None }); transient: false })
ERROR,0126-7909131453668,,,,,
Invalid `prisma.product.delete()` invocation in
C:\Users\sport\TenisCash\scripts\cleanup-meta-esportes-duplicates.js:158:34

  155   }
  156 }
  157 // 4. Deleta o produto meta (ProductSize cai em cascade conforme schema)
→ 158 await prisma.product.delete(
Error occurred during query execution:
ConnectorError(ConnectorError { user_facing_error: None; kind: QueryError(PostgresError { code: "23001"; message: "update or delete on table \"Product\" violates RESTRICT setting of foreign key constraint \"ProductSize_productId_fkey\" on table \"ProductSize\""; severity: "ERROR"; detail: Some("Key (id)=(e466d8eb-550b-4ca1-b79a-7cd6f8c5b6df) is referenced from table \"ProductSize\"."); column: None; hint: None }); transient: false })
ERROR,0126-7895491354236,,,,,
Invalid `prisma.product.delete()` invocation in
C:\Users\sport\TenisCash\scripts\cleanup-meta-esportes-duplicates.js:158:34

  155   }
  156 }
  157 // 4. Deleta o produto meta (ProductSize cai em cascade conforme schema)
→ 158 await prisma.product.delete(
Error occurred during query execution:
ConnectorError(ConnectorError { user_facing_error: None; kind: QueryError(PostgresError { code: "23001"; message: "update or delete on table \"Product\" violates RESTRICT setting of foreign key constraint \"ProductSize_productId_fkey\" on table \"ProductSize\""; severity: "ERROR"; detail: Some("Key (id)=(081ec6cb-ea77-40b7-9df8-f6d2475f8a46) is referenced from table \"ProductSize\"."); column: None; hint: None }); transient: false })
ERROR,0126-7895491340581,,,,,
Invalid `prisma.product.delete()` invocation in
C:\Users\sport\TenisCash\scripts\cleanup-meta-esportes-duplicates.js:158:34

  155   }
  156 }
  157 // 4. Deleta o produto meta (ProductSize cai em cascade conforme schema)
→ 158 await prisma.product.delete(
Error occurred during query execution:
ConnectorError(ConnectorError { user_facing_error: None; kind: QueryError(PostgresError { code: "23001"; message: "update or delete on table \"Product\" violates RESTRICT setting of foreign key constraint \"ProductSize_productId_fkey\" on table \"ProductSize\""; severity: "ERROR"; detail: Some("Key (id)=(7d3b74c1-a56c-4bc7-8721-e0ca9ccbc03f) is referenced from table \"ProductSize\"."); column: None; hint: None }); transient: false })
ERROR,0126-7895491370946,,,,,
Invalid `prisma.product.delete()` invocation in
C:\Users\sport\TenisCash\scripts\cleanup-meta-esportes-duplicates.js:158:34

  155   }
  156 }
  157 // 4. Deleta o produto meta (ProductSize cai em cascade conforme schema)
→ 158 await prisma.product.delete(
Error occurred during query execution:
ConnectorError(ConnectorError { user_facing_error: None; kind: QueryError(PostgresError { code: "23001"; message: "update or delete on table \"Product\" violates RESTRICT setting of foreign key constraint \"ProductSize_productId_fkey\" on table \"ProductSize\""; severity: "ERROR"; detail: Some("Key (id)=(c3467558-7cec-4a6f-910d-5a904f2a0f27) is referenced from table \"ProductSize\"."); column: None; hint: None }); transient: false })
ERROR,0126-7895491257261,,,,,
Invalid `prisma.product.delete()` invocation in
C:\Users\sport\TenisCash\scripts\cleanup-meta-esportes-duplicates.js:158:34

  155   }
  156 }
  157 // 4. Deleta o produto meta (ProductSize cai em cascade conforme schema)
→ 158 await prisma.product.delete(
Error occurred during query execution:
ConnectorError(ConnectorError { user_facing_error: None; kind: QueryError(PostgresError { code: "23001"; message: "update or delete on table \"Product\" violates RESTRICT setting of foreign key constraint \"ProductSize_productId_fkey\" on table \"ProductSize\""; severity: "ERROR"; detail: Some("Key (id)=(829768c8-e160-4d63-ac25-91985d43c832) is referenced from table \"ProductSize\"."); column: None; hint: None }); transient: false })
ERROR,0126-7895491384714,,,,,
Invalid `prisma.product.delete()` invocation in
C:\Users\sport\TenisCash\scripts\cleanup-meta-esportes-duplicates.js:158:34

  155   }
  156 }
  157 // 4. Deleta o produto meta (ProductSize cai em cascade conforme schema)
→ 158 await prisma.product.delete(
Error occurred during query execution:
ConnectorError(ConnectorError { user_facing_error: None; kind: QueryError(PostgresError { code: "23001"; message: "update or delete on table \"Product\" violates RESTRICT setting of foreign key constraint \"ProductSize_productId_fkey\" on table \"ProductSize\""; severity: "ERROR"; detail: Some("Key (id)=(e4f92dba-77dc-4a35-ad73-069082528014) is referenced from table \"ProductSize\"."); column: None; hint: None }); transient: false })
ERROR,0126-7895491354090,,,,,
Invalid `prisma.product.delete()` invocation in
C:\Users\sport\TenisCash\scripts\cleanup-meta-esportes-duplicates.js:158:34

  155   }
  156 }
  157 // 4. Deleta o produto meta (ProductSize cai em cascade conforme schema)
→ 158 await prisma.product.delete(
Error occurred during query execution:
ConnectorError(ConnectorError { user_facing_error: None; kind: QueryError(PostgresError { code: "23001"; message: "update or delete on table \"Product\" violates RESTRICT setting of foreign key constraint \"ProductSize_productId_fkey\" on table \"ProductSize\""; severity: "ERROR"; detail: Some("Key (id)=(828a455e-1324-4010-a6f5-f298be2b7b3d) is referenced from table \"ProductSize\"."); column: None; hint: None }); transient: false })
ERROR,0126-7895491369230,,,,,
Invalid `prisma.product.delete()` invocation in
C:\Users\sport\TenisCash\scripts\cleanup-meta-esportes-duplicates.js:158:34

  155   }
  156 }
  157 // 4. Deleta o produto meta (ProductSize cai em cascade conforme schema)
→ 158 await prisma.product.delete(
Error occurred during query execution:
ConnectorError(ConnectorError { user_facing_error: None; kind: QueryError(PostgresError { code: "23001"; message: "update or delete on table \"Product\" violates RESTRICT setting of foreign key constraint \"ProductSize_productId_fkey\" on table \"ProductSize\""; severity: "ERROR"; detail: Some("Key (id)=(6053befb-36d5-4df3-b9d6-d4650b016f58) is referenced from table \"ProductSize\"."); column: None; hint: None }); transient: false })
ERROR,0126-7895491257414,,,,,
Invalid `prisma.product.delete()` invocation in
C:\Users\sport\TenisCash\scripts\cleanup-meta-esportes-duplicates.js:158:34

  155   }
  156 }
  157 // 4. Deleta o produto meta (ProductSize cai em cascade conforme schema)
→ 158 await prisma.product.delete(
Error occurred during query execution:
ConnectorError(ConnectorError { user_facing_error: None; kind: QueryError(PostgresError { code: "23001"; message: "update or delete on table \"Product\" violates RESTRICT setting of foreign key constraint \"ProductSize_productId_fkey\" on table \"ProductSize\""; severity: "ERROR"; detail: Some("Key (id)=(f3d27d4a-5ba9-47d4-a8eb-d164993f7a45) is referenced from table \"ProductSize\"."); column: None; hint: None }); transient: false })
ERROR,0126-7895491332180,,,,,
Invalid `prisma.product.delete()` invocation in
C:\Users\sport\TenisCash\scripts\cleanup-meta-esportes-duplicates.js:158:34

  155   }
  156 }
  157 // 4. Deleta o produto meta (ProductSize cai em cascade conforme schema)
→ 158 await prisma.product.delete(
Error occurred during query execution:
ConnectorError(ConnectorError { user_facing_error: None; kind: QueryError(PostgresError { code: "23001"; message: "update or delete on table \"Product\" violates RESTRICT setting of foreign key constraint \"ProductSize_productId_fkey\" on table \"ProductSize\""; severity: "ERROR"; detail: Some("Key (id)=(3e29cd2c-b9cc-4c04-8b26-676a44e8ca76) is referenced from table \"ProductSize\"."); column: None; hint: None }); transient: false })
ERROR,0126-7895491410130,,,,,
Invalid `prisma.product.delete()` invocation in
C:\Users\sport\TenisCash\scripts\cleanup-meta-esportes-duplicates.js:158:34

  155   }
  156 }
  157 // 4. Deleta o produto meta (ProductSize cai em cascade conforme schema)
→ 158 await prisma.product.delete(
Error occurred during query execution:
ConnectorError(ConnectorError { user_facing_error: None; kind: QueryError(PostgresError { code: "23001"; message: "update or delete on table \"Product\" violates RESTRICT setting of foreign key constraint \"ProductSize_productId_fkey\" on table \"ProductSize\""; severity: "ERROR"; detail: Some("Key (id)=(c26d8bc4-9430-4c15-9ead-3a7366f8ad1c) is referenced from table \"ProductSize\"."); column: None; hint: None }); transient: false })
ERROR,0126-7909175445537,,,,,
Invalid `prisma.product.delete()` invocation in
C:\Users\sport\TenisCash\scripts\cleanup-meta-esportes-duplicates.js:158:34

  155   }
  156 }
  157 // 4. Deleta o produto meta (ProductSize cai em cascade conforme schema)
→ 158 await prisma.product.delete(
Error occurred during query execution:
ConnectorError(ConnectorError { user_facing_error: None; kind: QueryError(PostgresError { code: "23001"; message: "update or delete on table \"Product\" violates RESTRICT setting of foreign key constraint \"ProductSize_productId_fkey\" on table \"ProductSize\""; severity: "ERROR"; detail: Some("Key (id)=(e0ea5c78-4f16-4ecc-a2c5-0297dbd949fe) is referenced from table \"ProductSize\"."); column: None; hint: None }); transient: false })
ERROR,0126-7909175442420,,,,,
Invalid `prisma.product.delete()` invocation in
C:\Users\sport\TenisCash\scripts\cleanup-meta-esportes-duplicates.js:158:34

  155   }
  156 }
  157 // 4. Deleta o produto meta (ProductSize cai em cascade conforme schema)
→ 158 await prisma.product.delete(
Error occurred during query execution:
ConnectorError(ConnectorError { user_facing_error: None; kind: QueryError(PostgresError { code: "23001"; message: "update or delete on table \"Product\" violates RESTRICT setting of foreign key constraint \"ProductSize_productId_fkey\" on table \"ProductSize\""; severity: "ERROR"; detail: Some("Key (id)=(8785e84b-a0c9-44cb-8807-6f6649242075) is referenced from table \"ProductSize\"."); column: None; hint: None }); transient: false })
ERROR,0126-7895491354830,,,,,
Invalid `prisma.product.delete()` invocation in
C:\Users\sport\TenisCash\scripts\cleanup-meta-esportes-duplicates.js:158:34

  155   }
  156 }
  157 // 4. Deleta o produto meta (ProductSize cai em cascade conforme schema)
→ 158 await prisma.product.delete(
Error occurred during query execution:
ConnectorError(ConnectorError { user_facing_error: None; kind: QueryError(PostgresError { code: "23001"; message: "update or delete on table \"Product\" violates RESTRICT setting of foreign key constraint \"ProductSize_productId_fkey\" on table \"ProductSize\""; severity: "ERROR"; detail: Some("Key (id)=(ec4bd729-f6eb-4c48-9802-b173f4d48f41) is referenced from table \"ProductSize\"."); column: None; hint: None }); transient: false })
ERROR,0126-7895491316630,,,,,
Invalid `prisma.product.delete()` invocation in
C:\Users\sport\TenisCash\scripts\cleanup-meta-esportes-duplicates.js:158:34

  155   }
  156 }
  157 // 4. Deleta o produto meta (ProductSize cai em cascade conforme schema)
→ 158 await prisma.product.delete(
Error occurred during query execution:
ConnectorError(ConnectorError { user_facing_error: None; kind: QueryError(PostgresError { code: "23001"; message: "update or delete on table \"Product\" violates RESTRICT setting of foreign key constraint \"ProductSize_productId_fkey\" on table \"ProductSize\""; severity: "ERROR"; detail: Some("Key (id)=(70c38d9f-da7d-4f1c-bbc1-49e9f14161b1) is referenced from table \"ProductSize\"."); column: None; hint: None }); transient: false })
ERROR,0126-7895491262265,,,,,
Invalid `prisma.product.delete()` invocation in
C:\Users\sport\TenisCash\scripts\cleanup-meta-esportes-duplicates.js:158:34

  155   }
  156 }
  157 // 4. Deleta o produto meta (ProductSize cai em cascade conforme schema)
→ 158 await prisma.product.delete(
Error occurred during query execution:
ConnectorError(ConnectorError { user_facing_error: None; kind: QueryError(PostgresError { code: "23001"; message: "update or delete on table \"Product\" violates RESTRICT setting of foreign key constraint \"ProductSize_productId_fkey\" on table \"ProductSize\""; severity: "ERROR"; detail: Some("Key (id)=(fc50e8e8-247c-4fbb-9028-32587f9becd1) is referenced from table \"ProductSize\"."); column: None; hint: None }); transient: false })
ERROR,0126-7895491349867,,,,,
Invalid `prisma.product.delete()` invocation in
C:\Users\sport\TenisCash\scripts\cleanup-meta-esportes-duplicates.js:158:34

  155   }
  156 }
  157 // 4. Deleta o produto meta (ProductSize cai em cascade conforme schema)
→ 158 await prisma.product.delete(
Error occurred during query execution:
ConnectorError(ConnectorError { user_facing_error: None; kind: QueryError(PostgresError { code: "23001"; message: "update or delete on table \"Product\" violates RESTRICT setting of foreign key constraint \"ProductSize_productId_fkey\" on table \"ProductSize\""; severity: "ERROR"; detail: Some("Key (id)=(05e2f984-eb8b-4f21-8fdc-c26095929f72) is referenced from table \"ProductSize\"."); column: None; hint: None }); transient: false })
ERROR,0126-7908341494010,,,,,
Invalid `prisma.product.delete()` invocation in
C:\Users\sport\TenisCash\scripts\cleanup-meta-esportes-duplicates.js:158:34

  155   }
  156 }
  157 // 4. Deleta o produto meta (ProductSize cai em cascade conforme schema)
→ 158 await prisma.product.delete(
Error occurred during query execution:
ConnectorError(ConnectorError { user_facing_error: None; kind: QueryError(PostgresError { code: "23001"; message: "update or delete on table \"Product\" violates RESTRICT setting of foreign key constraint \"ProductSize_productId_fkey\" on table \"ProductSize\""; severity: "ERROR"; detail: Some("Key (id)=(c73c3e64-4437-495f-aa33-2723509666d4) is referenced from table \"ProductSize\"."); column: None; hint: None }); transient: false })
ERROR,0126-7895491316487,,,,,
Invalid `prisma.product.delete()` invocation in
C:\Users\sport\TenisCash\scripts\cleanup-meta-esportes-duplicates.js:158:34

  155   }
  156 }
  157 // 4. Deleta o produto meta (ProductSize cai em cascade conforme schema)
→ 158 await prisma.product.delete(
Error occurred during query execution:
ConnectorError(ConnectorError { user_facing_error: None; kind: QueryError(PostgresError { code: "23001"; message: "update or delete on table \"Product\" violates RESTRICT setting of foreign key constraint \"ProductSize_productId_fkey\" on table \"ProductSize\""; severity: "ERROR"; detail: Some("Key (id)=(385a99c7-dc3d-4df9-bee1-ce18eae1cdf7) is referenced from table \"ProductSize\"."); column: None; hint: None }); transient: false })
ERROR,0126-7895491354021,,,,,
Invalid `prisma.product.delete()` invocation in
C:\Users\sport\TenisCash\scripts\cleanup-meta-esportes-duplicates.js:158:34

  155   }
  156 }
  157 // 4. Deleta o produto meta (ProductSize cai em cascade conforme schema)
→ 158 await prisma.product.delete(
Error occurred during query execution:
ConnectorError(ConnectorError { user_facing_error: None; kind: QueryError(PostgresError { code: "23001"; message: "update or delete on table \"Product\" violates RESTRICT setting of foreign key constraint \"ProductSize_productId_fkey\" on table \"ProductSize\""; severity: "ERROR"; detail: Some("Key (id)=(e63265b7-f9ba-415c-bf63-1ce9e2106770) is referenced from table \"ProductSize\"."); column: None; hint: None }); transient: false })
ERROR,0126-7895491349805,,,,,
Invalid `prisma.product.delete()` invocation in
C:\Users\sport\TenisCash\scripts\cleanup-meta-esportes-duplicates.js:158:34

  155   }
  156 }
  157 // 4. Deleta o produto meta (ProductSize cai em cascade conforme schema)
→ 158 await prisma.product.delete(
Error occurred during query execution:
ConnectorError(ConnectorError { user_facing_error: None; kind: QueryError(PostgresError { code: "23001"; message: "update or delete on table \"Product\" violates RESTRICT setting of foreign key constraint \"ProductSize_productId_fkey\" on table \"ProductSize\""; severity: "ERROR"; detail: Some("Key (id)=(6dc2555f-449e-46e8-9bf9-383f81f1dcba) is referenced from table \"ProductSize\"."); column: None; hint: None }); transient: false })
ERROR,0126-7895491410208,,,,,
Invalid `prisma.product.delete()` invocation in
C:\Users\sport\TenisCash\scripts\cleanup-meta-esportes-duplicates.js:158:34

  155   }
  156 }
  157 // 4. Deleta o produto meta (ProductSize cai em cascade conforme schema)
→ 158 await prisma.product.delete(
Error occurred during query execution:
ConnectorError(ConnectorError { user_facing_error: None; kind: QueryError(PostgresError { code: "23001"; message: "update or delete on table \"Product\" violates RESTRICT setting of foreign key constraint \"ProductSize_productId_fkey\" on table \"ProductSize\""; severity: "ERROR"; detail: Some("Key (id)=(27cb009c-f0e4-4384-ad8b-66e4a8c062ed) is referenced from table \"ProductSize\"."); column: None; hint: None }); transient: false })
ERROR,0126-7909175445506,,,,,
Invalid `prisma.product.delete()` invocation in
C:\Users\sport\TenisCash\scripts\cleanup-meta-esportes-duplicates.js:158:34

  155   }
  156 }
  157 // 4. Deleta o produto meta (ProductSize cai em cascade conforme schema)
→ 158 await prisma.product.delete(
Error occurred during query execution:
ConnectorError(ConnectorError { user_facing_error: None; kind: QueryError(PostgresError { code: "23001"; message: "update or delete on table \"Product\" violates RESTRICT setting of foreign key constraint \"ProductSize_productId_fkey\" on table \"ProductSize\""; severity: "ERROR"; detail: Some("Key (id)=(8ae1f35a-8d60-4ee6-8f85-d424651cea74) is referenced from table \"ProductSize\"."); column: None; hint: None }); transient: false })
ERROR,0126-7908341493891,,,,,
Invalid `prisma.product.delete()` invocation in
C:\Users\sport\TenisCash\scripts\cleanup-meta-esportes-duplicates.js:158:34

  155   }
  156 }
  157 // 4. Deleta o produto meta (ProductSize cai em cascade conforme schema)
→ 158 await prisma.product.delete(
Error occurred during query execution:
ConnectorError(ConnectorError { user_facing_error: None; kind: QueryError(PostgresError { code: "23001"; message: "update or delete on table \"Product\" violates RESTRICT setting of foreign key constraint \"ProductSize_productId_fkey\" on table \"ProductSize\""; severity: "ERROR"; detail: Some("Key (id)=(05351de8-8a5e-4d81-b690-b88c10b86ba5) is referenced from table \"ProductSize\"."); column: None; hint: None }); transient: false })
ERROR,0126-7895491348068,,,,,
Invalid `prisma.product.delete()` invocation in
C:\Users\sport\TenisCash\scripts\cleanup-meta-esportes-duplicates.js:158:34

  155   }
  156 }
  157 // 4. Deleta o produto meta (ProductSize cai em cascade conforme schema)
→ 158 await prisma.product.delete(
Error occurred during query execution:
ConnectorError(ConnectorError { user_facing_error: None; kind: QueryError(PostgresError { code: "23001"; message: "update or delete on table \"Product\" violates RESTRICT setting of foreign key constraint \"ProductSize_productId_fkey\" on table \"ProductSize\""; severity: "ERROR"; detail: Some("Key (id)=(d436f21a-f5c6-4ce4-ab61-47483a441416) is referenced from table \"ProductSize\"."); column: None; hint: None }); transient: false })
ERROR,0126-7909175446725,,,,,
Invalid `prisma.product.delete()` invocation in
C:\Users\sport\TenisCash\scripts\cleanup-meta-esportes-duplicates.js:158:34

  155   }
  156 }
  157 // 4. Deleta o produto meta (ProductSize cai em cascade conforme schema)
→ 158 await prisma.product.delete(
Error occurred during query execution:
ConnectorError(ConnectorError { user_facing_error: None; kind: QueryError(PostgresError { code: "23001"; message: "update or delete on table \"Product\" violates RESTRICT setting of foreign key constraint \"ProductSize_productId_fkey\" on table \"ProductSize\""; severity: "ERROR"; detail: Some("Key (id)=(72dd698c-7623-45cb-938f-7dfccb190fde) is referenced from table \"ProductSize\"."); column: None; hint: None }); transient: false })
ERROR,0126-7895491410444,,,,,
Invalid `prisma.product.delete()` invocation in
C:\Users\sport\TenisCash\scripts\cleanup-meta-esportes-duplicates.js:158:34

  155   }
  156 }
  157 // 4. Deleta o produto meta (ProductSize cai em cascade conforme schema)
→ 158 await prisma.product.delete(
Error occurred during query execution:
ConnectorError(ConnectorError { user_facing_error: None; kind: QueryError(PostgresError { code: "23001"; message: "update or delete on table \"Product\" violates RESTRICT setting of foreign key constraint \"ProductSize_productId_fkey\" on table \"ProductSize\""; severity: "ERROR"; detail: Some("Key (id)=(509b427e-d4af-4538-b57a-71e505792dda) is referenced from table \"ProductSize\"."); column: None; hint: None }); transient: false })
ERROR,0126-7895491354946,,,,,
Invalid `prisma.product.delete()` invocation in
C:\Users\sport\TenisCash\scripts\cleanup-meta-esportes-duplicates.js:158:34

  155   }
  156 }
  157 // 4. Deleta o produto meta (ProductSize cai em cascade conforme schema)
→ 158 await prisma.product.delete(
Error occurred during query execution:
ConnectorError(ConnectorError { user_facing_error: None; kind: QueryError(PostgresError { code: "23001"; message: "update or delete on table \"Product\" violates RESTRICT setting of foreign key constraint \"ProductSize_productId_fkey\" on table \"ProductSize\""; severity: "ERROR"; detail: Some("Key (id)=(7a38867a-2e44-4c9c-82ae-4e82d449fc3c) is referenced from table \"ProductSize\"."); column: None; hint: None }); transient: false })
ERROR,0126-7895491262203,,,,,
Invalid `prisma.product.delete()` invocation in
C:\Users\sport\TenisCash\scripts\cleanup-meta-esportes-duplicates.js:158:34

  155   }
  156 }
  157 // 4. Deleta o produto meta (ProductSize cai em cascade conforme schema)
→ 158 await prisma.product.delete(
Error occurred during query execution:
ConnectorError(ConnectorError { user_facing_error: None; kind: QueryError(PostgresError { code: "23001"; message: "update or delete on table \"Product\" violates RESTRICT setting of foreign key constraint \"ProductSize_productId_fkey\" on table \"ProductSize\""; severity: "ERROR"; detail: Some("Key (id)=(4c828fe9-79ab-40d2-9fde-f33248404815) is referenced from table \"ProductSize\"."); column: None; hint: None }); transient: false })
ERROR,0126-7895491348419,,,,,
Invalid `prisma.product.delete()` invocation in
C:\Users\sport\TenisCash\scripts\cleanup-meta-esportes-duplicates.js:158:34

  155   }
  156 }
  157 // 4. Deleta o produto meta (ProductSize cai em cascade conforme schema)
→ 158 await prisma.product.delete(
Error occurred during query execution:
ConnectorError(ConnectorError { user_facing_error: None; kind: QueryError(PostgresError { code: "23001"; message: "update or delete on table \"Product\" violates RESTRICT setting of foreign key constraint \"ProductSize_productId_fkey\" on table \"ProductSize\""; severity: "ERROR"; detail: Some("Key (id)=(332f0879-177c-4893-99f9-946ab209fe2f) is referenced from table \"ProductSize\"."); column: None; hint: None }); transient: false })
ERROR,0126-7895491262388,,,,,
Invalid `prisma.product.delete()` invocation in
C:\Users\sport\TenisCash\scripts\cleanup-meta-esportes-duplicates.js:158:34

  155   }
  156 }
  157 // 4. Deleta o produto meta (ProductSize cai em cascade conforme schema)
→ 158 await prisma.product.delete(
Error occurred during query execution:
ConnectorError(ConnectorError { user_facing_error: None; kind: QueryError(PostgresError { code: "23001"; message: "update or delete on table \"Product\" violates RESTRICT setting of foreign key constraint \"ProductSize_productId_fkey\" on table \"ProductSize\""; severity: "ERROR"; detail: Some("Key (id)=(3c1de0ef-9a82-46d5-98a2-22393bdd5b39) is referenced from table \"ProductSize\"."); column: None; hint: None }); transient: false })
ERROR,0126-7895491384615,,,,,
Invalid `prisma.product.delete()` invocation in
C:\Users\sport\TenisCash\scripts\cleanup-meta-esportes-duplicates.js:158:34

  155   }
  156 }
  157 // 4. Deleta o produto meta (ProductSize cai em cascade conforme schema)
→ 158 await prisma.product.delete(
Error occurred during query execution:
ConnectorError(ConnectorError { user_facing_error: None; kind: QueryError(PostgresError { code: "23001"; message: "update or delete on table \"Product\" violates RESTRICT setting of foreign key constraint \"ProductSize_productId_fkey\" on table \"ProductSize\""; severity: "ERROR"; detail: Some("Key (id)=(40997b9f-231c-4d95-a665-1f51520abd00) is referenced from table \"ProductSize\"."); column: None; hint: None }); transient: false })
ERROR,0126-7895491348617,,,,,
Invalid `prisma.product.delete()` invocation in
C:\Users\sport\TenisCash\scripts\cleanup-meta-esportes-duplicates.js:158:34

  155   }
  156 }
  157 // 4. Deleta o produto meta (ProductSize cai em cascade conforme schema)
→ 158 await prisma.product.delete(
Error occurred during query execution:
ConnectorError(ConnectorError { user_facing_error: None; kind: QueryError(PostgresError { code: "23001"; message: "update or delete on table \"Product\" violates RESTRICT setting of foreign key constraint \"ProductSize_productId_fkey\" on table \"ProductSize\""; severity: "ERROR"; detail: Some("Key (id)=(864dc2a0-d880-48bb-b4df-94267b7f0fae) is referenced from table \"ProductSize\"."); column: None; hint: None }); transient: false })
ERROR,0126-7895491388453,,,,,
Invalid `prisma.product.delete()` invocation in
C:\Users\sport\TenisCash\scripts\cleanup-meta-esportes-duplicates.js:158:34

  155   }
  156 }
  157 // 4. Deleta o produto meta (ProductSize cai em cascade conforme schema)
→ 158 await prisma.product.delete(
Error occurred during query execution:
ConnectorError(ConnectorError { user_facing_error: None; kind: QueryError(PostgresError { code: "23001"; message: "update or delete on table \"Product\" violates RESTRICT setting of foreign key constraint \"ProductSize_productId_fkey\" on table \"ProductSize\""; severity: "ERROR"; detail: Some("Key (id)=(0341b38e-90fb-47f0-9f8e-a25f135371a2) is referenced from table \"ProductSize\"."); column: None; hint: None }); transient: false })
ERROR,0126-7895491340598,,,,,
Invalid `prisma.product.delete()` invocation in
C:\Users\sport\TenisCash\scripts\cleanup-meta-esportes-duplicates.js:158:34

  155   }
  156 }
  157 // 4. Deleta o produto meta (ProductSize cai em cascade conforme schema)
→ 158 await prisma.product.delete(
Error occurred during query execution:
ConnectorError(ConnectorError { user_facing_error: None; kind: QueryError(PostgresError { code: "23001"; message: "update or delete on table \"Product\" violates RESTRICT setting of foreign key constraint \"ProductSize_productId_fkey\" on table \"ProductSize\""; severity: "ERROR"; detail: Some("Key (id)=(0e197661-6542-4bea-aa1a-668b78b4bb34) is referenced from table \"ProductSize\"."); column: None; hint: None }); transient: false })
ERROR,0126-7895491369117,,,,,
Invalid `prisma.product.delete()` invocation in
C:\Users\sport\TenisCash\scripts\cleanup-meta-esportes-duplicates.js:158:34

  155   }
  156 }
  157 // 4. Deleta o produto meta (ProductSize cai em cascade conforme schema)
→ 158 await prisma.product.delete(
Error occurred during query execution:
ConnectorError(ConnectorError { user_facing_error: None; kind: QueryError(PostgresError { code: "23001"; message: "update or delete on table \"Product\" violates RESTRICT setting of foreign key constraint \"ProductSize_productId_fkey\" on table \"ProductSize\""; severity: "ERROR"; detail: Some("Key (id)=(5294b6fa-9bde-434b-a725-080f3642dfb0) is referenced from table \"ProductSize\"."); column: None; hint: None }); transient: false })
ERROR,0126-7895491354724,,,,,
Invalid `prisma.product.delete()` invocation in
C:\Users\sport\TenisCash\scripts\cleanup-meta-esportes-duplicates.js:158:34

  155   }
  156 }
  157 // 4. Deleta o produto meta (ProductSize cai em cascade conforme schema)
→ 158 await prisma.product.delete(
Error occurred during query execution:
ConnectorError(ConnectorError { user_facing_error: None; kind: QueryError(PostgresError { code: "23001"; message: "update or delete on table \"Product\" violates RESTRICT setting of foreign key constraint \"ProductSize_productId_fkey\" on table \"ProductSize\""; severity: "ERROR"; detail: Some("Key (id)=(c2508b40-415d-4a27-888c-633d69035bfb) is referenced from table \"ProductSize\"."); column: None; hint: None }); transient: false })
ERROR,0126-7895491348303,,,,,
Invalid `prisma.product.delete()` invocation in
C:\Users\sport\TenisCash\scripts\cleanup-meta-esportes-duplicates.js:158:34

  155   }
  156 }
  157 // 4. Deleta o produto meta (ProductSize cai em cascade conforme schema)
→ 158 await prisma.product.delete(
Error occurred during query execution:
ConnectorError(ConnectorError { user_facing_error: None; kind: QueryError(PostgresError { code: "23001"; message: "update or delete on table \"Product\" violates RESTRICT setting of foreign key constraint \"ProductSize_productId_fkey\" on table \"ProductSize\""; severity: "ERROR"; detail: Some("Key (id)=(b2b8fda0-59a6-4221-b554-161a49771327) is referenced from table \"ProductSize\"."); column: None; hint: None }); transient: false })
ERROR,0126-7895491409066,,,,,
Invalid `prisma.product.delete()` invocation in
C:\Users\sport\TenisCash\scripts\cleanup-meta-esportes-duplicates.js:158:34

  155   }
  156 }
  157 // 4. Deleta o produto meta (ProductSize cai em cascade conforme schema)
→ 158 await prisma.product.delete(
Error occurred during query execution:
ConnectorError(ConnectorError { user_facing_error: None; kind: QueryError(PostgresError { code: "23001"; message: "update or delete on table \"Product\" violates RESTRICT setting of foreign key constraint \"ProductSize_productId_fkey\" on table \"ProductSize\""; severity: "ERROR"; detail: Some("Key (id)=(ae1c048c-67d5-40ce-b7e2-857891cf7c21) is referenced from table \"ProductSize\"."); column: None; hint: None }); transient: false })
ERROR,0126-7909175463654,,,,,
Invalid `prisma.product.delete()` invocation in
C:\Users\sport\TenisCash\scripts\cleanup-meta-esportes-duplicates.js:158:34

  155   }
  156 }
  157 // 4. Deleta o produto meta (ProductSize cai em cascade conforme schema)
→ 158 await prisma.product.delete(
Error occurred during query execution:
ConnectorError(ConnectorError { user_facing_error: None; kind: QueryError(PostgresError { code: "23001"; message: "update or delete on table \"Product\" violates RESTRICT setting of foreign key constraint \"ProductSize_productId_fkey\" on table \"ProductSize\""; severity: "ERROR"; detail: Some("Key (id)=(5a59aaf9-9801-448c-a6cc-ddac09e2b5db) is referenced from table \"ProductSize\"."); column: None; hint: None }); transient: false })
ERROR,0126-0195394606393,,,,,
Invalid `prisma.product.delete()` invocation in
C:\Users\sport\TenisCash\scripts\cleanup-meta-esportes-duplicates.js:158:34

  155   }
  156 }
  157 // 4. Deleta o produto meta (ProductSize cai em cascade conforme schema)
→ 158 await prisma.product.delete(
Error occurred during query execution:
ConnectorError(ConnectorError { user_facing_error: None; kind: QueryError(PostgresError { code: "23001"; message: "update or delete on table \"Product\" violates RESTRICT setting of foreign key constraint \"ProductSize_productId_fkey\" on table \"ProductSize\""; severity: "ERROR"; detail: Some("Key (id)=(fc258d35-9602-4d21-8d2b-0ebb4da28f27) is referenced from table \"ProductSize\"."); column: None; hint: None }); transient: false })
ERROR,0126-0195394579536,,,,,
Invalid `prisma.product.delete()` invocation in
C:\Users\sport\TenisCash\scripts\cleanup-meta-esportes-duplicates.js:158:34

  155   }
  156 }
  157 // 4. Deleta o produto meta (ProductSize cai em cascade conforme schema)
→ 158 await prisma.product.delete(
Error occurred during query execution:
ConnectorError(ConnectorError { user_facing_error: None; kind: QueryError(PostgresError { code: "23001"; message: "update or delete on table \"Product\" violates RESTRICT setting of foreign key constraint \"ProductSize_productId_fkey\" on table \"ProductSize\""; severity: "ERROR"; detail: Some("Key (id)=(9c483ad3-6c21-46b1-9f7f-fe12acc9ae13) is referenced from table \"ProductSize\"."); column: None; hint: None }); transient: false })
ERROR,0126-0195394614534,,,,,
Invalid `prisma.product.delete()` invocation in
C:\Users\sport\TenisCash\scripts\cleanup-meta-esportes-duplicates.js:158:34

  155   }
  156 }
  157 // 4. Deleta o produto meta (ProductSize cai em cascade conforme schema)
→ 158 await prisma.product.delete(
Error occurred during query execution:
ConnectorError(ConnectorError { user_facing_error: None; kind: QueryError(PostgresError { code: "23001"; message: "update or delete on table \"Product\" violates RESTRICT setting of foreign key constraint \"ProductSize_productId_fkey\" on table \"ProductSize\""; severity: "ERROR"; detail: Some("Key (id)=(7e1cf377-469c-4cd8-ab26-acced411f928) is referenced from table \"ProductSize\"."); column: None; hint: None }); transient: false })
KEEP_NO_EAN,0126-0195394579543,TENIS BROOKS GLYCERIN MAX MASCULINO GREY/BLACK/NIGHTLIFE 41;5,,,,
ERROR,0126-0195394530926,,,,,
Invalid `prisma.product.delete()` invocation in
C:\Users\sport\TenisCash\scripts\cleanup-meta-esportes-duplicates.js:158:34

  155   }
  156 }
  157 // 4. Deleta o produto meta (ProductSize cai em cascade conforme schema)
→ 158 await prisma.product.delete(
Error occurred during query execution:
ConnectorError(ConnectorError { user_facing_error: None; kind: QueryError(PostgresError { code: "23001"; message: "update or delete on table \"Product\" violates RESTRICT setting of foreign key constraint \"ProductSize_productId_fkey\" on table \"ProductSize\""; severity: "ERROR"; detail: Some("Key (id)=(6357a865-e694-4044-a155-52700c4ad665) is referenced from table \"ProductSize\"."); column: None; hint: None }); transient: false })
KEEP_NO_EAN,0126-0195394440874,TENIS BROOKS HYPERION ELITE 4 UNISSEX ILLUSION BLUE/CORAL/ORANGE 40;5,,,,
ERROR,0126-0195394586657,,,,,
Invalid `prisma.product.delete()` invocation in
C:\Users\sport\TenisCash\scripts\cleanup-meta-esportes-duplicates.js:158:34

  155   }
  156 }
  157 // 4. Deleta o produto meta (ProductSize cai em cascade conforme schema)
→ 158 await prisma.product.delete(
Error occurred during query execution:
ConnectorError(ConnectorError { user_facing_error: None; kind: QueryError(PostgresError { code: "23001"; message: "update or delete on table \"Product\" violates RESTRICT setting of foreign key constraint \"ProductSize_productId_fkey\" on table \"ProductSize\""; severity: "ERROR"; detail: Some("Key (id)=(72ecffb6-fec8-42e9-b14e-68d0b8acc1a7) is referenced from table \"ProductSize\"."); column: None; hint: None }); transient: false })
ERROR,0126-0195394515985,,,,,
Invalid `prisma.product.delete()` invocation in
C:\Users\sport\TenisCash\scripts\cleanup-meta-esportes-duplicates.js:158:34

  155   }
  156 }
  157 // 4. Deleta o produto meta (ProductSize cai em cascade conforme schema)
→ 158 await prisma.product.delete(
Error occurred during query execution:
ConnectorError(ConnectorError { user_facing_error: None; kind: QueryError(PostgresError { code: "23001"; message: "update or delete on table \"Product\" violates RESTRICT setting of foreign key constraint \"ProductSize_productId_fkey\" on table \"ProductSize\""; severity: "ERROR"; detail: Some("Key (id)=(22d1cc14-8f1e-4918-b21d-e34f5535381b) is referenced from table \"ProductSize\"."); column: None; hint: None }); transient: false })
ERROR,0126-0195394510737,,,,,
Invalid `prisma.product.delete()` invocation in
C:\Users\sport\TenisCash\scripts\cleanup-meta-esportes-duplicates.js:158:34

  155   }
  156 }
  157 // 4. Deleta o produto meta (ProductSize cai em cascade conforme schema)
→ 158 await prisma.product.delete(
Error occurred during query execution:
ConnectorError(ConnectorError { user_facing_error: None; kind: QueryError(PostgresError { code: "23001"; message: "update or delete on table \"Product\" violates RESTRICT setting of foreign key constraint \"ProductSize_productId_fkey\" on table \"ProductSize\""; severity: "ERROR"; detail: Some("Key (id)=(bcdd9f84-9dc6-41ef-a3d9-5e40799cc38a) is referenced from table \"ProductSize\"."); column: None; hint: None }); transient: false })
ERROR,0126-0195394532180,,,,,
Invalid `prisma.product.delete()` invocation in
C:\Users\sport\TenisCash\scripts\cleanup-meta-esportes-duplicates.js:158:34

  155   }
  156 }
  157 // 4. Deleta o produto meta (ProductSize cai em cascade conforme schema)
→ 158 await prisma.product.delete(
Error occurred during query execution:
ConnectorError(ConnectorError { user_facing_error: None; kind: QueryError(PostgresError { code: "23001"; message: "update or delete on table \"Product\" violates RESTRICT setting of foreign key constraint \"ProductSize_productId_fkey\" on table \"ProductSize\""; severity: "ERROR"; detail: Some("Key (id)=(83eb8736-bd4d-49d0-ab68-cd1bdca40f14) is referenced from table \"ProductSize\"."); column: None; hint: None }); transient: false })
ERROR,0126-0195394579659,,,,,
Invalid `prisma.product.delete()` invocation in
C:\Users\sport\TenisCash\scripts\cleanup-meta-esportes-duplicates.js:158:34

  155   }
  156 }
  157 // 4. Deleta o produto meta (ProductSize cai em cascade conforme schema)
→ 158 await prisma.product.delete(
Error occurred during query execution:
ConnectorError(ConnectorError { user_facing_error: None; kind: QueryError(PostgresError { code: "23001"; message: "update or delete on table \"Product\" violates RESTRICT setting of foreign key constraint \"ProductSize_productId_fkey\" on table \"ProductSize\""; severity: "ERROR"; detail: Some("Key (id)=(cd016eec-ca08-4142-b34e-e809967630e0) is referenced from table \"ProductSize\"."); column: None; hint: None }); transient: false })
KEEP_NO_EAN,0126-0195394440850,TENIS BROOKS HYPERION ELITE 4 UNISSEX ILLUSION BLUE/CORAL/ORANGE 39;5,,,,
KEEP_NO_EAN,0126-0195394614497,TENIS BROOKS GLYCERIN 22 FEMININO WHITE/LIMPET SHELL/AMPARO BLUE 37;5,,,,
ERROR,0126-0195394517019,,,,,
Invalid `prisma.product.delete()` invocation in
C:\Users\sport\TenisCash\scripts\cleanup-meta-esportes-duplicates.js:158:34

  155   }
  156 }
  157 // 4. Deleta o produto meta (ProductSize cai em cascade conforme schema)
→ 158 await prisma.product.delete(
Error occurred during query execution:
ConnectorError(ConnectorError { user_facing_error: None; kind: QueryError(PostgresError { code: "23001"; message: "update or delete on table \"Product\" violates RESTRICT setting of foreign key constraint \"ProductSize_productId_fkey\" on table \"ProductSize\""; severity: "ERROR"; detail: Some("Key (id)=(8cca0c72-bf7b-4bdd-922e-e64aaefc1c50) is referenced from table \"ProductSize\"."); column: None; hint: None }); transient: false })
KEEP_NO_EAN,0126-0195394584011,TENIS BROOKS GLYCERIN MAX MASCULINO BLACK/EBONY/WINTER SKY 41;5,,,,
KEEP_NO_EAN,0126-0195394548136,TENIS BROOKS GHOST MAX 2 MASCULINO WHITE/PELICAN/OYSTER 41;5,,,,
KEEP_NO_EAN,0126-0195394600872,TENIS BROOKS GLYCERIN 22 MASCULINO BLACK/COBALT/NEO YELLOW 42;5,,,,
KEEP_NO_EAN,0126-0195394593808,TENIS BROOKS GHOST MAX 2 MASCULINO BLACK/WHITE/FIERY RED 42;5,,,,
KEEP_NO_EAN,0126-0195394583991,TENIS BROOKS GLYCERIN MAX MASCULINO BLACK/EBONY/WINTER SKY 40;5,,,,
ERROR,0126-0195394593754,,,,,
Invalid `prisma.product.delete()` invocation in
C:\Users\sport\TenisCash\scripts\cleanup-meta-esportes-duplicates.js:158:34

  155   }
  156 }
  157 // 4. Deleta o produto meta (ProductSize cai em cascade conforme schema)
→ 158 await prisma.product.delete(
Error occurred during query execution:
ConnectorError(ConnectorError { user_facing_error: None; kind: QueryError(PostgresError { code: "23001"; message: "update or delete on table \"Product\" violates RESTRICT setting of foreign key constraint \"ProductSize_productId_fkey\" on table \"ProductSize\""; severity: "ERROR"; detail: Some("Key (id)=(0ab2be70-75f3-4ccc-a518-040225a33078) is referenced from table \"ProductSize\"."); column: None; hint: None }); transient: false })
KEEP_NO_EAN,0126-0195394600834,TENIS BROOKS GLYCERIN 22 MASCULINO BLACK/COBALT/NEO YELLOW 41;5,,,,
KEEP_NO_EAN,0126-0195394579727,TENIS BROOKS GLYCERIN MAX FEMININO WHITE/BLACK/DIVA PINK 39;5,,,,
KEEP_NO_EAN,0126-0195394440911,TENIS BROOKS HYPERION ELITE 4 UNISSEX ILLUSION BLUE/CORAL/ORANGE 42;5,,,,
ERROR,0126-0195394548143,,,,,
Invalid `prisma.product.delete()` invocation in
C:\Users\sport\TenisCash\scripts\cleanup-meta-esportes-duplicates.js:158:34

  155   }
  156 }
  157 // 4. Deleta o produto meta (ProductSize cai em cascade conforme schema)
→ 158 await prisma.product.delete(
Error occurred during query execution:
ConnectorError(ConnectorError { user_facing_error: None; kind: QueryError(PostgresError { code: "23001"; message: "update or delete on table \"Product\" violates RESTRICT setting of foreign key constraint \"ProductSize_productId_fkey\" on table \"ProductSize\""; severity: "ERROR"; detail: Some("Key (id)=(21b43959-064a-4e30-8669-c18b4daab208) is referenced from table \"ProductSize\"."); column: None; hint: None }); transient: false })
KEEP_NO_EAN,0126-0195394548112,TENIS BROOKS GHOST MAX 2 MASCULINO WHITE/PELICAN/OYSTER 40;5,,,,
KEEP_NO_EAN,0126-0195394440898,TENIS BROOKS HYPERION ELITE 4 UNISSEX ILLUSION BLUE/CORAL/ORANGE 41;5,,,,
ERROR,0126-0195394440836,,,,,
Invalid `prisma.product.delete()` invocation in
C:\Users\sport\TenisCash\scripts\cleanup-meta-esportes-duplicates.js:158:34

  155   }
  156 }
  157 // 4. Deleta o produto meta (ProductSize cai em cascade conforme schema)
→ 158 await prisma.product.delete(
Error occurred during query execution:
ConnectorError(ConnectorError { user_facing_error: None; kind: QueryError(PostgresError { code: "23001"; message: "update or delete on table \"Product\" violates RESTRICT setting of foreign key constraint \"ProductSize_productId_fkey\" on table \"ProductSize\""; severity: "ERROR"; detail: Some("Key (id)=(e5fb6023-6467-4958-8f8c-cd20eea57e90) is referenced from table \"ProductSize\"."); column: None; hint: None }); transient: false })
KEEP_NO_EAN,0126-2943560073221,TENIS NIKE COURT LEGACY SU24 CW6539-005,,,,
KEEP_UNIQUE_EAN,0126-2992000743590,TENIS NIKE COURT LEGACY CANVAS HO23 DD0161,2992000743590,,,
KEEP_UNIQUE_EAN,0126-2977618279105,TENIS NIKE WAFFLE DEBUT SE FA23 DQ7684,2977618279105,,,
KEEP_UNIQUE_EAN,0126-2973139007616,TENIS NIKE COURT ROYALE 2 SP24 DH3160,2973139007616,,,
KEEP_UNIQUE_EAN,0126-2916260259165,TENIS NIKE COURT VISION ALTA FA23 DM0113,2916260259165,,,
KEEP_NO_EAN,0126-2150,TENIS NIKE COURT LEGACY SHOES HO23 DH3162,,,,
KEEP_NO_EAN,0126-2943462767068,TENIS NIKE SB CHRON 2 SU24 DM3493 002 PTO,,,,
KEEP_NO_EAN,0126-2996183229735,TENIS M NIKE DEFYALLDAY SP24 DJ1196100,,,,
KEEP_NO_EAN,0126-2147,TENIS NIKE COURT ROYALE 2 HO24 DH3159,,,,
KEEP_NO_EAN,0126-2944976394245,TENIS NIKE SB CHRON 2 CNVS SU24 DM3494-302 VRD,,,,
KEEP_NO_EAN,0126-2953708379283,TENIS NIKE SB CHRON 2 CNVS SU24,,,,
KEEP_NO_EAN,0126-2965531903801,TENIS WMNS NIKE COURT ROYALE 2 NN HO24,,,,
KEEP_NO_EAN,0126-2201,TENIS HOKA M SKYFLOWTENIS 1155111 BCO/VRD TAM,,,,
KEEP_NO_EAN,0126-2212,TENIS HOKA W RINCON 4 1155131 TAM,,,,
KEEP_NO_EAN,0126-2213,TENIS HOKA W RINCON 4 1155131 TAM 36.5,,,,
KEEP_NO_EAN,0126-2193,TENIS HOKA M MACH X 2 115519 CZA TAM,,,,
KEEP_NO_EAN,0126-2200,TENIS HOKA M CLIFTON 9 1127895 CZA/VRD TAM,,,,
KEEP_NO_EAN,0126-2186,TENIS HOKA M BONDI 8 1123202 AZUL TAM,,,,
KEEP_UNIQUE_EAN,0126-7908440899334,CHINELO REEBOK SLIDE VELCRO TAM,7908440899334,,,
KEEP_NO_EAN,0126-7872,TENIS SPEEDCROSS 6 M VM/PT/LR,,,,
KEEP_NO_EAN,0126-7881,TENIS SENSE RIDE 5 F VD/PT/VM,,,,
KEEP_NO_EAN,0126-7852,CINTO DE HIDRATACAO PULSE BELT PT,,,,
KEEP_NO_EAN,0126-7839,TENIS GENESIS F WHITE/LUNAR ROCK/TRANSC,,,,
KEEP_NO_EAN,0126-7862,TENIS X BRAZE M PT/CZ,,,,
KEEP_NO_EAN,0126-7851,CINTO DE HIDRATACAO ACTIVE BELT PT,,,,
KEEP_NO_EAN,0126-7823,TENIS ULTRA FLOW 2 W ALMOND MILK/TENDER PEACH/FUSION CORAL,,,,
KEEP_NO_EAN,0126-7821,BOTA X ULTRA 5 MID GTX M BLACK/ASPHAL/CLR,,,,
KEEP_NO_EAN,0126-7848,TENIS AERO GLIDE 3 F COSMIC/VANILA/9 IRO,,,,
KEEP_NO_EAN,0126-7830,TENIS ULTRA FLOW 2 M ALLOY/WHITE/FRENCH BLUE,,,,
KEEP_NO_EAN,0126-7886,TENIS SENSE RIDE 5 M VD/PT/LR,,,,
KEEP_NO_EAN,0126-7836,TENIS SENSE RIDE 5 M FRNCHB/BLACK/DARK B,,,,
KEEP_NO_EAN,0126-7870,TENIS X ULTRA 360 M PT/CZ,,,,
KEEP_NO_EAN,0126-7846,TENIS GENESIS M BLACK/FRENCH BLUE/CHERT,,,,
KEEP_NO_EAN,0126-7814,BOTA X ULTRA 360 MID GTX M PT/CZ,,,,
KEEP_NO_EAN,0126-7834,TENIS SENSE RIDE 5 F TENDER/FUCO/BLACK,,,,
KEEP_NO_EAN,0126-7887,TENIS XA PRO 3D V9 M VERDE/BEGE/MRR,,,,
KEEP_NO_EAN,0126-7858,MOCHILA TRAILBLAZER 30 PT/CZ,,,,
KEEP_NO_EAN,0126-7898,BONE SALOMON CROSS LR,,,,
KEEP_NO_EAN,0126-7857,MOCHILA TRAILBLAZER 30 AZ,,,,
KEEP_NO_EAN,0126-7901,BONE SALOMON CROSS BR,,,,
KEEP_NO_EAN,0126-7892,BOTA QUEST ELEMENT GTX M MRR/PT,,,,
KEEP_NO_EAN,0126-7897,TENIS ULTRA GLIDE 3 M FRNCHB/LUNROC/CHERT,,,,
KEEP_NO_EAN,0126-7875,TENIS SPEEDCROSS 6 M AZ/BR,,,,
KEEP_NO_EAN,0126-7855,MOCHILA DE HIDRATACAO CROSS 12 BR/PT/VM,,,,
KEEP_NO_EAN,0126-7856,MOCHILA CROSS 12 PT,,,,
KEEP_NO_EAN,0126-7854,MOCHILA DE HIDRATACAO AGILE 12 SET COPEN BLUE,,,,
KEEP_NO_EAN,0126-7860,MOCHILA AEROTREK 30 ANTHRACITE/IRON/ALLOY,,,,
KEEP_NO_EAN,0126-7899,BONE SALOMON CROSS AZ,,,,
KEEP_NO_EAN,0126-7859,MOCHILA TRAILBLAZER 30 SEDONA SAGE/SEAGRASS/CRES,,,,
KEEP_NO_EAN,0126-7853,MOCHILA DE HIDRATACAO AGILE 12 SET BLACK,,,,
KEEP_NO_EAN,0126-7900,BONE SALOMON CROSS PT,,,,
KEEP_NO_EAN,0126-7909946125057,F02R00154-TENIS FILA RACER SPEEDZONE FEMININO-VERM/LARJ/PTO-6754-TAM:38,,,,
KEEP_NO_EAN,0126-7909946125033,F02R00154-TENIS FILA RACER SPEEDZONE FEMININO-VERM/LARJ/PTO-6754-TAM:37,,,,
KEEP_NO_EAN,0126-7909946124999,F02R00154-TENIS FILA RACER SPEEDZONE FEMININO-VERM/LARJ/PTO-6754-TAM:34,,,,
KEEP_NO_EAN,0126-7909946125026,F02R00154-TENIS FILA RACER SPEEDZONE FEMININO-VERM/LARJ/PTO-6754-TAM:36,,,,
KEEP_NO_EAN,0126-7909946125064,F02R00154-TENIS FILA RACER SPEEDZONE FEMININO-VERM/LARJ/PTO-6754-TAM:39,,,,
KEEP_NO_EAN,0126-7909946125002,F02R00154-TENIS FILA RACER SPEEDZONE FEMININO-VERM/LARJ/PTO-6754-TAM:35,,,,
ERROR,0126-7909701975583,,,,,
Invalid `prisma.product.delete()` invocation in
C:\Users\sport\TenisCash\scripts\cleanup-meta-esportes-duplicates.js:158:34

  155   }
  156 }
  157 // 4. Deleta o produto meta (ProductSize cai em cascade conforme schema)
→ 158 await prisma.product.delete(
Error occurred during query execution:
ConnectorError(ConnectorError { user_facing_error: None; kind: QueryError(PostgresError { code: "23001"; message: "update or delete on table \"Product\" violates RESTRICT setting of foreign key constraint \"ProductSize_productId_fkey\" on table \"ProductSize\""; severity: "ERROR"; detail: Some("Key (id)=(7d5e5662-9595-4e7d-b2f1-d5b7c262ff5c) is referenced from table \"ProductSize\"."); column: None; hint: None }); transient: false })
ERROR,0126-7909701977655,,,,,
Invalid `prisma.product.delete()` invocation in
C:\Users\sport\TenisCash\scripts\cleanup-meta-esportes-duplicates.js:158:34

  155   }
  156 }
  157 // 4. Deleta o produto meta (ProductSize cai em cascade conforme schema)
→ 158 await prisma.product.delete(
Error occurred during query execution:
ConnectorError(ConnectorError { user_facing_error: None; kind: QueryError(PostgresError { code: "23001"; message: "update or delete on table \"Product\" violates RESTRICT setting of foreign key constraint \"ProductSize_productId_fkey\" on table \"ProductSize\""; severity: "ERROR"; detail: Some("Key (id)=(5dfc8b75-e041-4cca-9180-407cea42acaf) is referenced from table \"ProductSize\"."); column: None; hint: None }); transient: false })
ERROR,0126-7909701970236,,,,,
Invalid `prisma.product.delete()` invocation in
C:\Users\sport\TenisCash\scripts\cleanup-meta-esportes-duplicates.js:158:34

  155   }
  156 }
  157 // 4. Deleta o produto meta (ProductSize cai em cascade conforme schema)
→ 158 await prisma.product.delete(
Error occurred during query execution:
ConnectorError(ConnectorError { user_facing_error: None; kind: QueryError(PostgresError { code: "23001"; message: "update or delete on table \"Product\" violates RESTRICT setting of foreign key constraint \"ProductSize_productId_fkey\" on table \"ProductSize\""; severity: "ERROR"; detail: Some("Key (id)=(cbbb8ed4-6d37-4498-968a-c87b0ea5ce9a) is referenced from table \"ProductSize\"."); column: None; hint: None }); transient: false })
ERROR,0126-7909167338199,,,,,
Invalid `prisma.product.delete()` invocation in
C:\Users\sport\TenisCash\scripts\cleanup-meta-esportes-duplicates.js:158:34

  155   }
  156 }
  157 // 4. Deleta o produto meta (ProductSize cai em cascade conforme schema)
→ 158 await prisma.product.delete(
Error occurred during query execution:
ConnectorError(ConnectorError { user_facing_error: None; kind: QueryError(PostgresError { code: "23001"; message: "update or delete on table \"Product\" violates RESTRICT setting of foreign key constraint \"ProductSize_productId_fkey\" on table \"ProductSize\""; severity: "ERROR"; detail: Some("Key (id)=(2eb5370d-410e-4978-9b89-2f11607bc7a7) is referenced from table \"ProductSize\"."); column: None; hint: None }); transient: false })
ERROR,0126-7909167782282,,,,,
Invalid `prisma.product.delete()` invocation in
C:\Users\sport\TenisCash\scripts\cleanup-meta-esportes-duplicates.js:158:34

  155   }
  156 }
  157 // 4. Deleta o produto meta (ProductSize cai em cascade conforme schema)
→ 158 await prisma.product.delete(
Error occurred during query execution:
ConnectorError(ConnectorError { user_facing_error: None; kind: QueryError(PostgresError { code: "23001"; message: "update or delete on table \"Product\" violates RESTRICT setting of foreign key constraint \"ProductSize_productId_fkey\" on table \"ProductSize\""; severity: "ERROR"; detail: Some("Key (id)=(875c3bbd-ea76-4a42-afdb-2aefb6484997) is referenced from table \"ProductSize\"."); column: None; hint: None }); transient: false })
ERROR,0126-7909167791208,,,,,
Invalid `prisma.product.delete()` invocation in
C:\Users\sport\TenisCash\scripts\cleanup-meta-esportes-duplicates.js:158:34

  155   }
  156 }
  157 // 4. Deleta o produto meta (ProductSize cai em cascade conforme schema)
→ 158 await prisma.product.delete(
Error occurred during query execution:
ConnectorError(ConnectorError { user_facing_error: None; kind: QueryError(PostgresError { code: "23001"; message: "update or delete on table \"Product\" violates RESTRICT setting of foreign key constraint \"ProductSize_productId_fkey\" on table \"ProductSize\""; severity: "ERROR"; detail: Some("Key (id)=(0a492489-a4de-4ff1-b8c9-318a1138ddaa) is referenced from table \"ProductSize\"."); column: None; hint: None }); transient: false })
ERROR,0126-7909167782206,,,,,
Invalid `prisma.product.delete()` invocation in
C:\Users\sport\TenisCash\scripts\cleanup-meta-esportes-duplicates.js:158:34

  155   }
  156 }
  157 // 4. Deleta o produto meta (ProductSize cai em cascade conforme schema)
→ 158 await prisma.product.delete(
Error occurred during query execution:
ConnectorError(ConnectorError { user_facing_error: None; kind: QueryError(PostgresError { code: "23001"; message: "update or delete on table \"Product\" violates RESTRICT setting of foreign key constraint \"ProductSize_productId_fkey\" on table \"ProductSize\""; severity: "ERROR"; detail: Some("Key (id)=(8858431f-59e3-42de-937b-96ce29682921) is referenced from table \"ProductSize\"."); column: None; hint: None }); transient: false })
ERROR,0126-7909167783814,,,,,
Invalid `prisma.product.delete()` invocation in
C:\Users\sport\TenisCash\scripts\cleanup-meta-esportes-duplicates.js:158:34

  155   }
  156 }
  157 // 4. Deleta o produto meta (ProductSize cai em cascade conforme schema)
→ 158 await prisma.product.delete(
Error occurred during query execution:
ConnectorError(ConnectorError { user_facing_error: None; kind: QueryError(PostgresError { code: "23001"; message: "update or delete on table \"Product\" violates RESTRICT setting of foreign key constraint \"ProductSize_productId_fkey\" on table \"ProductSize\""; severity: "ERROR"; detail: Some("Key (id)=(4b41113b-4124-491b-aa9f-6adbda88054c) is referenced from table \"ProductSize\"."); column: None; hint: None }); transient: false })
ERROR,0126-7909167321054,,,,,
Invalid `prisma.product.delete()` invocation in
C:\Users\sport\TenisCash\scripts\cleanup-meta-esportes-duplicates.js:158:34

  155   }
  156 }
  157 // 4. Deleta o produto meta (ProductSize cai em cascade conforme schema)
→ 158 await prisma.product.delete(
Error occurred during query execution:
ConnectorError(ConnectorError { user_facing_error: None; kind: QueryError(PostgresError { code: "23001"; message: "update or delete on table \"Product\" violates RESTRICT setting of foreign key constraint \"ProductSize_productId_fkey\" on table \"ProductSize\""; severity: "ERROR"; detail: Some("Key (id)=(e755afcc-656b-4830-a926-2da7f5e50809) is referenced from table \"ProductSize\"."); column: None; hint: None }); transient: false })
ERROR,0126-7909167790928,,,,,
Invalid `prisma.product.delete()` invocation in
C:\Users\sport\TenisCash\scripts\cleanup-meta-esportes-duplicates.js:158:34

  155   }
  156 }
  157 // 4. Deleta o produto meta (ProductSize cai em cascade conforme schema)
→ 158 await prisma.product.delete(
Error occurred during query execution:
ConnectorError(ConnectorError { user_facing_error: None; kind: QueryError(PostgresError { code: "23001"; message: "update or delete on table \"Product\" violates RESTRICT setting of foreign key constraint \"ProductSize_productId_fkey\" on table \"ProductSize\""; severity: "ERROR"; detail: Some("Key (id)=(7712c90a-a948-467e-a0cb-47119de09af7) is referenced from table \"ProductSize\"."); column: None; hint: None }); transient: false })
ERROR,0126-7909167747809,,,,,
Invalid `prisma.product.delete()` invocation in
C:\Users\sport\TenisCash\scripts\cleanup-meta-esportes-duplicates.js:158:34

  155   }
  156 }
  157 // 4. Deleta o produto meta (ProductSize cai em cascade conforme schema)
→ 158 await prisma.product.delete(
Error occurred during query execution:
ConnectorError(ConnectorError { user_facing_error: None; kind: QueryError(PostgresError { code: "23001"; message: "update or delete on table \"Product\" violates RESTRICT setting of foreign key constraint \"ProductSize_productId_fkey\" on table \"ProductSize\""; severity: "ERROR"; detail: Some("Key (id)=(0bcff33e-1083-403d-9c40-f2ed1dd226ff) is referenced from table \"ProductSize\"."); column: None; hint: None }); transient: false })
ERROR,0126-7909167173844,,,,,
Invalid `prisma.product.delete()` invocation in
C:\Users\sport\TenisCash\scripts\cleanup-meta-esportes-duplicates.js:158:34

  155   }
  156 }
  157 // 4. Deleta o produto meta (ProductSize cai em cascade conforme schema)
→ 158 await prisma.product.delete(
Error occurred during query execution:
ConnectorError(ConnectorError { user_facing_error: None; kind: QueryError(PostgresError { code: "23001"; message: "update or delete on table \"Product\" violates RESTRICT setting of foreign key constraint \"ProductSize_productId_fkey\" on table \"ProductSize\""; severity: "ERROR"; detail: Some("Key (id)=(a4b5c8c8-89a4-441e-86b7-cbae59136604) is referenced from table \"ProductSize\"."); column: None; hint: None }); transient: false })
ERROR,0126-7909167791260,,,,,
Invalid `prisma.product.delete()` invocation in
C:\Users\sport\TenisCash\scripts\cleanup-meta-esportes-duplicates.js:158:34

  155   }
  156 }
  157 // 4. Deleta o produto meta (ProductSize cai em cascade conforme schema)
→ 158 await prisma.product.delete(
Error occurred during query execution:
ConnectorError(ConnectorError { user_facing_error: None; kind: QueryError(PostgresError { code: "23001"; message: "update or delete on table \"Product\" violates RESTRICT setting of foreign key constraint \"ProductSize_productId_fkey\" on table \"ProductSize\""; severity: "ERROR"; detail: Some("Key (id)=(0a480589-f891-429e-ac7d-1155bd7d1026) is referenced from table \"ProductSize\"."); column: None; hint: None }); transient: false })
ERROR,0126-7909167751684,,,,,
Invalid `prisma.product.delete()` invocation in
C:\Users\sport\TenisCash\scripts\cleanup-meta-esportes-duplicates.js:158:34

  155   }
  156 }
  157 // 4. Deleta o produto meta (ProductSize cai em cascade conforme schema)
→ 158 await prisma.product.delete(
Error occurred during query execution:
ConnectorError(ConnectorError { user_facing_error: None; kind: QueryError(PostgresError { code: "23001"; message: "update or delete on table \"Product\" violates RESTRICT setting of foreign key constraint \"ProductSize_productId_fkey\" on table \"ProductSize\""; severity: "ERROR"; detail: Some("Key (id)=(c2094e2c-af3b-4c34-825f-639a23417d79) is referenced from table \"ProductSize\"."); column: None; hint: None }); transient: false })
ERROR,0126-7909167791147,,,,,
Invalid `prisma.product.delete()` invocation in
C:\Users\sport\TenisCash\scripts\cleanup-meta-esportes-duplicates.js:158:34

  155   }
  156 }
  157 // 4. Deleta o produto meta (ProductSize cai em cascade conforme schema)
→ 158 await prisma.product.delete(
Error occurred during query execution:
ConnectorError(ConnectorError { user_facing_error: None; kind: QueryError(PostgresError { code: "23001"; message: "update or delete on table \"Product\" violates RESTRICT setting of foreign key constraint \"ProductSize_productId_fkey\" on table \"ProductSize\""; severity: "ERROR"; detail: Some("Key (id)=(c1ae4b0d-ae10-400c-a5b4-4ac9b03a37af) is referenced from table \"ProductSize\"."); column: None; hint: None }); transient: false })
ERROR,0126-7909167784316,,,,,
Invalid `prisma.product.delete()` invocation in
C:\Users\sport\TenisCash\scripts\cleanup-meta-esportes-duplicates.js:158:34

  155   }
  156 }
  157 // 4. Deleta o produto meta (ProductSize cai em cascade conforme schema)
→ 158 await prisma.product.delete(
Error occurred during query execution:
ConnectorError(ConnectorError { user_facing_error: None; kind: QueryError(PostgresError { code: "23001"; message: "update or delete on table \"Product\" violates RESTRICT setting of foreign key constraint \"ProductSize_productId_fkey\" on table \"ProductSize\""; severity: "ERROR"; detail: Some("Key (id)=(c1110d90-f47c-4575-ab94-99f3484d893b) is referenced from table \"ProductSize\"."); column: None; hint: None }); transient: false })
ERROR,0126-7909167791543,,,,,
Invalid `prisma.product.delete()` invocation in
C:\Users\sport\TenisCash\scripts\cleanup-meta-esportes-duplicates.js:158:34

  155   }
  156 }
  157 // 4. Deleta o produto meta (ProductSize cai em cascade conforme schema)
→ 158 await prisma.product.delete(
Error occurred during query execution:
ConnectorError(ConnectorError { user_facing_error: None; kind: QueryError(PostgresError { code: "23001"; message: "update or delete on table \"Product\" violates RESTRICT setting of foreign key constraint \"ProductSize_productId_fkey\" on table \"ProductSize\""; severity: "ERROR"; detail: Some("Key (id)=(fb38bd97-a3cc-49a1-8129-70effe8112e8) is referenced from table \"ProductSize\"."); column: None; hint: None }); transient: false })
ERROR,0126-7909167788567,,,,,
Invalid `prisma.product.delete()` invocation in
C:\Users\sport\TenisCash\scripts\cleanup-meta-esportes-duplicates.js:158:34

  155   }
  156 }
  157 // 4. Deleta o produto meta (ProductSize cai em cascade conforme schema)
→ 158 await prisma.product.delete(
Error occurred during query execution:
ConnectorError(ConnectorError { user_facing_error: None; kind: QueryError(PostgresError { code: "23001"; message: "update or delete on table \"Product\" violates RESTRICT setting of foreign key constraint \"ProductSize_productId_fkey\" on table \"ProductSize\""; severity: "ERROR"; detail: Some("Key (id)=(43137a04-83d0-420f-9314-16b178a8a6ca) is referenced from table \"ProductSize\"."); column: None; hint: None }); transient: false })
ERROR,0126-7909167784279,,,,,
Invalid `prisma.product.delete()` invocation in
C:\Users\sport\TenisCash\scripts\cleanup-meta-esportes-duplicates.js:158:34

  155   }
  156 }
  157 // 4. Deleta o produto meta (ProductSize cai em cascade conforme schema)
→ 158 await prisma.product.delete(
Error occurred during query execution:
ConnectorError(ConnectorError { user_facing_error: None; kind: QueryError(PostgresError { code: "23001"; message: "update or delete on table \"Product\" violates RESTRICT setting of foreign key constraint \"ProductSize_productId_fkey\" on table \"ProductSize\""; severity: "ERROR"; detail: Some("Key (id)=(f6d55516-a006-4544-be59-ff111e19ee24) is referenced from table \"ProductSize\"."); column: None; hint: None }); transient: false })
ERROR,0126-7909167788130,,,,,
Invalid `prisma.product.delete()` invocation in
C:\Users\sport\TenisCash\scripts\cleanup-meta-esportes-duplicates.js:158:34

  155   }
  156 }
  157 // 4. Deleta o produto meta (ProductSize cai em cascade conforme schema)
→ 158 await prisma.product.delete(
Error occurred during query execution:
ConnectorError(ConnectorError { user_facing_error: None; kind: QueryError(PostgresError { code: "23001"; message: "update or delete on table \"Product\" violates RESTRICT setting of foreign key constraint \"ProductSize_productId_fkey\" on table \"ProductSize\""; severity: "ERROR"; detail: Some("Key (id)=(db28108e-65bd-416a-9cb5-f01d957d6db4) is referenced from table \"ProductSize\"."); column: None; hint: None }); transient: false })
ERROR,0126-7909167735356,,,,,
Invalid `prisma.product.delete()` invocation in
C:\Users\sport\TenisCash\scripts\cleanup-meta-esportes-duplicates.js:158:34

  155   }
  156 }
  157 // 4. Deleta o produto meta (ProductSize cai em cascade conforme schema)
→ 158 await prisma.product.delete(
Error occurred during query execution:
ConnectorError(ConnectorError { user_facing_error: None; kind: QueryError(PostgresError { code: "23001"; message: "update or delete on table \"Product\" violates RESTRICT setting of foreign key constraint \"ProductSize_productId_fkey\" on table \"ProductSize\""; severity: "ERROR"; detail: Some("Key (id)=(cac468cf-7b78-4866-9717-7c694bf54784) is referenced from table \"ProductSize\"."); column: None; hint: None }); transient: false })
ERROR,0126-7909167227288,,,,,
Invalid `prisma.product.delete()` invocation in
C:\Users\sport\TenisCash\scripts\cleanup-meta-esportes-duplicates.js:158:34

  155   }
  156 }
  157 // 4. Deleta o produto meta (ProductSize cai em cascade conforme schema)
→ 158 await prisma.product.delete(
Error occurred during query execution:
ConnectorError(ConnectorError { user_facing_error: None; kind: QueryError(PostgresError { code: "23001"; message: "update or delete on table \"Product\" violates RESTRICT setting of foreign key constraint \"ProductSize_productId_fkey\" on table \"ProductSize\""; severity: "ERROR"; detail: Some("Key (id)=(fc54aa28-5d11-4751-afbc-e4242565c3ae) is referenced from table \"ProductSize\"."); column: None; hint: None }); transient: false })
ERROR,0126-7909167175930,,,,,
Invalid `prisma.product.delete()` invocation in
C:\Users\sport\TenisCash\scripts\cleanup-meta-esportes-duplicates.js:158:34

  155   }
  156 }
  157 // 4. Deleta o produto meta (ProductSize cai em cascade conforme schema)
→ 158 await prisma.product.delete(
Error occurred during query execution:
ConnectorError(ConnectorError { user_facing_error: None; kind: QueryError(PostgresError { code: "23001"; message: "update or delete on table \"Product\" violates RESTRICT setting of foreign key constraint \"ProductSize_productId_fkey\" on table \"ProductSize\""; severity: "ERROR"; detail: Some("Key (id)=(bbffb48b-c078-4f15-b8f3-5686f38f26a3) is referenced from table \"ProductSize\"."); column: None; hint: None }); transient: false })
ERROR,0126-7909167735318,,,,,
Invalid `prisma.product.delete()` invocation in
C:\Users\sport\TenisCash\scripts\cleanup-meta-esportes-duplicates.js:158:34

  155   }
  156 }
  157 // 4. Deleta o produto meta (ProductSize cai em cascade conforme schema)
→ 158 await prisma.product.delete(
Error occurred during query execution:
ConnectorError(ConnectorError { user_facing_error: None; kind: QueryError(PostgresError { code: "23001"; message: "update or delete on table \"Product\" violates RESTRICT setting of foreign key constraint \"ProductSize_productId_fkey\" on table \"ProductSize\""; severity: "ERROR"; detail: Some("Key (id)=(104420ea-9e0f-4d5d-88d1-e031fa0dfb11) is referenced from table \"ProductSize\"."); column: None; hint: None }); transient: false })
ERROR,0126-7909167784491,,,,,
Invalid `prisma.product.delete()` invocation in
C:\Users\sport\TenisCash\scripts\cleanup-meta-esportes-duplicates.js:158:34

  155   }
  156 }
  157 // 4. Deleta o produto meta (ProductSize cai em cascade conforme schema)
→ 158 await prisma.product.delete(
Error occurred during query execution:
ConnectorError(ConnectorError { user_facing_error: None; kind: QueryError(PostgresError { code: "23001"; message: "update or delete on table \"Product\" violates RESTRICT setting of foreign key constraint \"ProductSize_productId_fkey\" on table \"ProductSize\""; severity: "ERROR"; detail: Some("Key (id)=(1264d519-d9ad-4325-806a-bcdb7e57aeb3) is referenced from table \"ProductSize\"."); column: None; hint: None }); transient: false })
ERROR,0126-7909167175718,,,,,
Invalid `prisma.product.delete()` invocation in
C:\Users\sport\TenisCash\scripts\cleanup-meta-esportes-duplicates.js:158:34

  155   }
  156 }
  157 // 4. Deleta o produto meta (ProductSize cai em cascade conforme schema)
→ 158 await prisma.product.delete(
Error occurred during query execution:
ConnectorError(ConnectorError { user_facing_error: None; kind: QueryError(PostgresError { code: "23001"; message: "update or delete on table \"Product\" violates RESTRICT setting of foreign key constraint \"ProductSize_productId_fkey\" on table \"ProductSize\""; severity: "ERROR"; detail: Some("Key (id)=(25251e97-c8d9-4785-a4ff-01dbeca0e1e3) is referenced from table \"ProductSize\"."); column: None; hint: None }); transient: false })
KEEP_NO_EAN,0126-7909167748967,LEGGING ATLANTA CLASSICA / PRETO / P1,,,,
ERROR,0126-7909167791567,,,,,
Invalid `prisma.product.delete()` invocation in
C:\Users\sport\TenisCash\scripts\cleanup-meta-esportes-duplicates.js:158:34

  155   }
  156 }
  157 // 4. Deleta o produto meta (ProductSize cai em cascade conforme schema)
→ 158 await prisma.product.delete(
Error occurred during query execution:
ConnectorError(ConnectorError { user_facing_error: None; kind: QueryError(PostgresError { code: "23001"; message: "update or delete on table \"Product\" violates RESTRICT setting of foreign key constraint \"ProductSize_productId_fkey\" on table \"ProductSize\""; severity: "ERROR"; detail: Some("Key (id)=(b0b66288-d4bc-4680-a81d-e43c1f7ddf49) is referenced from table \"ProductSize\"."); column: None; hint: None }); transient: false })
ERROR,0126-7909167782558,,,,,
Invalid `prisma.product.delete()` invocation in
C:\Users\sport\TenisCash\scripts\cleanup-meta-esportes-duplicates.js:158:34

  155   }
  156 }
  157 // 4. Deleta o produto meta (ProductSize cai em cascade conforme schema)
→ 158 await prisma.product.delete(
Error occurred during query execution:
ConnectorError(ConnectorError { user_facing_error: None; kind: QueryError(PostgresError { code: "23001"; message: "update or delete on table \"Product\" violates RESTRICT setting of foreign key constraint \"ProductSize_productId_fkey\" on table \"ProductSize\""; severity: "ERROR"; detail: Some("Key (id)=(6ba7d93d-6755-4d5d-8dab-c2ac084b7a7c) is referenced from table \"ProductSize\"."); column: None; hint: None }); transient: false })
ERROR,0126-7909167791529,,,,,
Invalid `prisma.product.delete()` invocation in
C:\Users\sport\TenisCash\scripts\cleanup-meta-esportes-duplicates.js:158:34

  155   }
  156 }
  157 // 4. Deleta o produto meta (ProductSize cai em cascade conforme schema)
→ 158 await prisma.product.delete(
Error occurred during query execution:
ConnectorError(ConnectorError { user_facing_error: None; kind: QueryError(PostgresError { code: "23001"; message: "update or delete on table \"Product\" violates RESTRICT setting of foreign key constraint \"ProductSize_productId_fkey\" on table \"ProductSize\""; severity: "ERROR"; detail: Some("Key (id)=(6c33d370-fe07-46b0-959e-fbcb2cac6d29) is referenced from table \"ProductSize\"."); column: None; hint: None }); transient: false })
ERROR,0126-7909167750298,,,,,
Invalid `prisma.product.delete()` invocation in
C:\Users\sport\TenisCash\scripts\cleanup-meta-esportes-duplicates.js:158:34

  155   }
  156 }
  157 // 4. Deleta o produto meta (ProductSize cai em cascade conforme schema)
→ 158 await prisma.product.delete(
Error occurred during query execution:
ConnectorError(ConnectorError { user_facing_error: None; kind: QueryError(PostgresError { code: "23001"; message: "update or delete on table \"Product\" violates RESTRICT setting of foreign key constraint \"ProductSize_productId_fkey\" on table \"ProductSize\""; severity: "ERROR"; detail: Some("Key (id)=(6701424c-1989-4d44-a24c-e977833bcf6c) is referenced from table \"ProductSize\"."); column: None; hint: None }); transient: false })
ERROR,0126-7909167178474,,,,,
Invalid `prisma.product.delete()` invocation in
C:\Users\sport\TenisCash\scripts\cleanup-meta-esportes-duplicates.js:158:34

  155   }
  156 }
  157 // 4. Deleta o produto meta (ProductSize cai em cascade conforme schema)
→ 158 await prisma.product.delete(
Error occurred during query execution:
ConnectorError(ConnectorError { user_facing_error: None; kind: QueryError(PostgresError { code: "23001"; message: "update or delete on table \"Product\" violates RESTRICT setting of foreign key constraint \"ProductSize_productId_fkey\" on table \"ProductSize\""; severity: "ERROR"; detail: Some("Key (id)=(0d324978-797d-48cc-9b06-045c56de37f5) is referenced from table \"ProductSize\"."); column: None; hint: None }); transient: false })
ERROR,0126-7909167748677,,,,,
Invalid `prisma.product.delete()` invocation in
C:\Users\sport\TenisCash\scripts\cleanup-meta-esportes-duplicates.js:158:34

  155   }
  156 }
  157 // 4. Deleta o produto meta (ProductSize cai em cascade conforme schema)
→ 158 await prisma.product.delete(
Error occurred during query execution:
ConnectorError(ConnectorError { user_facing_error: None; kind: QueryError(PostgresError { code: "23001"; message: "update or delete on table \"Product\" violates RESTRICT setting of foreign key constraint \"ProductSize_productId_fkey\" on table \"ProductSize\""; severity: "ERROR"; detail: Some("Key (id)=(b0a39e83-8e61-4cef-a7d9-5736aa22126f) is referenced from table \"ProductSize\"."); column: None; hint: None }); transient: false })
ERROR,0126-7909167790874,,,,,
Invalid `prisma.product.delete()` invocation in
C:\Users\sport\TenisCash\scripts\cleanup-meta-esportes-duplicates.js:158:34

  155   }
  156 }
  157 // 4. Deleta o produto meta (ProductSize cai em cascade conforme schema)
→ 158 await prisma.product.delete(
Error occurred during query execution:
ConnectorError(ConnectorError { user_facing_error: None; kind: QueryError(PostgresError { code: "23001"; message: "update or delete on table \"Product\" violates RESTRICT setting of foreign key constraint \"ProductSize_productId_fkey\" on table \"ProductSize\""; severity: "ERROR"; detail: Some("Key (id)=(812045c3-8ff9-4b62-bc75-db9123570177) is referenced from table \"ProductSize\"."); column: None; hint: None }); transient: false })
ERROR,0126-7909167784231,,,,,
Invalid `prisma.product.delete()` invocation in
C:\Users\sport\TenisCash\scripts\cleanup-meta-esportes-duplicates.js:158:34

  155   }
  156 }
  157 // 4. Deleta o produto meta (ProductSize cai em cascade conforme schema)
→ 158 await prisma.product.delete(
Error occurred during query execution:
ConnectorError(ConnectorError { user_facing_error: None; kind: QueryError(PostgresError { code: "23001"; message: "update or delete on table \"Product\" violates RESTRICT setting of foreign key constraint \"ProductSize_productId_fkey\" on table \"ProductSize\""; severity: "ERROR"; detail: Some("Key (id)=(4f2c9920-9733-45fe-bc26-06416e83de7f) is referenced from table \"ProductSize\"."); column: None; hint: None }); transient: false })
ERROR,0126-7909167791949,,,,,
Invalid `prisma.product.delete()` invocation in
C:\Users\sport\TenisCash\scripts\cleanup-meta-esportes-duplicates.js:158:34

  155   }
  156 }
  157 // 4. Deleta o produto meta (ProductSize cai em cascade conforme schema)
→ 158 await prisma.product.delete(
Error occurred during query execution:
ConnectorError(ConnectorError { user_facing_error: None; kind: QueryError(PostgresError { code: "23001"; message: "update or delete on table \"Product\" violates RESTRICT setting of foreign key constraint \"ProductSize_productId_fkey\" on table \"ProductSize\""; severity: "ERROR"; detail: Some("Key (id)=(19def5df-07b7-4d61-9079-e430a9eba2ad) is referenced from table \"ProductSize\"."); column: None; hint: None }); transient: false })
ERROR,0126-7909167748783,,,,,
Invalid `prisma.product.delete()` invocation in
C:\Users\sport\TenisCash\scripts\cleanup-meta-esportes-duplicates.js:158:34

  155   }
  156 }
  157 // 4. Deleta o produto meta (ProductSize cai em cascade conforme schema)
→ 158 await prisma.product.delete(
Error occurred during query execution:
ConnectorError(ConnectorError { user_facing_error: None; kind: QueryError(PostgresError { code: "23001"; message: "update or delete on table \"Product\" violates RESTRICT setting of foreign key constraint \"ProductSize_productId_fkey\" on table \"ProductSize\""; severity: "ERROR"; detail: Some("Key (id)=(5c895215-731d-4266-a204-8cb2544293f2) is referenced from table \"ProductSize\"."); column: None; hint: None }); transient: false })
ERROR,0126-7909167733796,,,,,
Invalid `prisma.product.delete()` invocation in
C:\Users\sport\TenisCash\scripts\cleanup-meta-esportes-duplicates.js:158:34

  155   }
  156 }
  157 // 4. Deleta o produto meta (ProductSize cai em cascade conforme schema)
→ 158 await prisma.product.delete(
Error occurred during query execution:
ConnectorError(ConnectorError { user_facing_error: None; kind: QueryError(PostgresError { code: "23001"; message: "update or delete on table \"Product\" violates RESTRICT setting of foreign key constraint \"ProductSize_productId_fkey\" on table \"ProductSize\""; severity: "ERROR"; detail: Some("Key (id)=(6ee2d289-6481-4e90-8e42-6fb6a7cc6bb3) is referenced from table \"ProductSize\"."); column: None; hint: None }); transient: false })
ERROR,0126-7909167788086,,,,,
Invalid `prisma.product.delete()` invocation in
C:\Users\sport\TenisCash\scripts\cleanup-meta-esportes-duplicates.js:158:34

  155   }
  156 }
  157 // 4. Deleta o produto meta (ProductSize cai em cascade conforme schema)
→ 158 await prisma.product.delete(
Error occurred during query execution:
ConnectorError(ConnectorError { user_facing_error: None; kind: QueryError(PostgresError { code: "23001"; message: "update or delete on table \"Product\" violates RESTRICT setting of foreign key constraint \"ProductSize_productId_fkey\" on table \"ProductSize\""; severity: "ERROR"; detail: Some("Key (id)=(82a9149e-f719-4bed-894e-07993d0f481c) is referenced from table \"ProductSize\"."); column: None; hint: None }); transient: false })
ERROR,0126-7909167750649,,,,,
Invalid `prisma.product.delete()` invocation in
C:\Users\sport\TenisCash\scripts\cleanup-meta-esportes-duplicates.js:158:34

  155   }
  156 }
  157 // 4. Deleta o produto meta (ProductSize cai em cascade conforme schema)
→ 158 await prisma.product.delete(
Error occurred during query execution:
ConnectorError(ConnectorError { user_facing_error: None; kind: QueryError(PostgresError { code: "23001"; message: "update or delete on table \"Product\" violates RESTRICT setting of foreign key constraint \"ProductSize_productId_fkey\" on table \"ProductSize\""; severity: "ERROR"; detail: Some("Key (id)=(1328516b-0c0a-4182-8b6d-f1512fa5690f) is referenced from table \"ProductSize\"."); column: None; hint: None }); transient: false })
ERROR,0126-7909167791482,,,,,
Invalid `prisma.product.delete()` invocation in
C:\Users\sport\TenisCash\scripts\cleanup-meta-esportes-duplicates.js:158:34

  155   }
  156 }
  157 // 4. Deleta o produto meta (ProductSize cai em cascade conforme schema)
→ 158 await prisma.product.delete(
Error occurred during query execution:
ConnectorError(ConnectorError { user_facing_error: None; kind: QueryError(PostgresError { code: "23001"; message: "update or delete on table \"Product\" violates RESTRICT setting of foreign key constraint \"ProductSize_productId_fkey\" on table \"ProductSize\""; severity: "ERROR"; detail: Some("Key (id)=(dde2c499-77ab-4470-9483-3bcd78d619b3) is referenced from table \"ProductSize\"."); column: None; hint: None }); transient: false })
ERROR,0126-7909167782060,,,,,
Invalid `prisma.product.delete()` invocation in
C:\Users\sport\TenisCash\scripts\cleanup-meta-esportes-duplicates.js:158:34

  155   }
  156 }
  157 // 4. Deleta o produto meta (ProductSize cai em cascade conforme schema)
→ 158 await prisma.product.delete(
Error occurred during query execution:
ConnectorError(ConnectorError { user_facing_error: None; kind: QueryError(PostgresError { code: "23001"; message: "update or delete on table \"Product\" violates RESTRICT setting of foreign key constraint \"ProductSize_productId_fkey\" on table \"ProductSize\""; severity: "ERROR"; detail: Some("Key (id)=(254ed297-03f4-4e35-bb5b-356402183001) is referenced from table \"ProductSize\"."); column: None; hint: None }); transient: false })
ERROR,0126-7909167791918,,,,,
Invalid `prisma.product.delete()` invocation in
C:\Users\sport\TenisCash\scripts\cleanup-meta-esportes-duplicates.js:158:34

  155   }
  156 }
  157 // 4. Deleta o produto meta (ProductSize cai em cascade conforme schema)
→ 158 await prisma.product.delete(
Error occurred during query execution:
ConnectorError(ConnectorError { user_facing_error: None; kind: QueryError(PostgresError { code: "23001"; message: "update or delete on table \"Product\" violates RESTRICT setting of foreign key constraint \"ProductSize_productId_fkey\" on table \"ProductSize\""; severity: "ERROR"; detail: Some("Key (id)=(1af35722-3299-403a-a522-a9e7a9410f04) is referenced from table \"ProductSize\"."); column: None; hint: None }); transient: false })
ERROR,0126-7909167179372,,,,,
Invalid `prisma.nuvemshopProductMapping.delete()` invocation in
C:\Users\sport\TenisCash\scripts\cleanup-meta-esportes-duplicates.js:131:54

  128 if (myMapping) {
  129   const origMapping = await prisma.nuvemshopProductMapping.findUnique({ where: { localProductId: original.id } });
  130   if (origMapping) {
→ 131     await prisma.nuvemshopProductMapping.delete(
An operation failed because it depends on one or more records that were required but not found. Record to delete does not exist.
ERROR,0126-7909167791833,,,,,
Invalid `prisma.nuvemshopProductMapping.delete()` invocation in
C:\Users\sport\TenisCash\scripts\cleanup-meta-esportes-duplicates.js:131:54

  128 if (myMapping) {
  129   const origMapping = await prisma.nuvemshopProductMapping.findUnique({ where: { localProductId: original.id } });
  130   if (origMapping) {
→ 131     await prisma.nuvemshopProductMapping.delete(
An operation failed because it depends on one or more records that were required but not found. Record to delete does not exist.
ERROR,0126-7909167783463,,,,,
Invalid `prisma.product.delete()` invocation in
C:\Users\sport\TenisCash\scripts\cleanup-meta-esportes-duplicates.js:158:34

  155   }
  156 }
  157 // 4. Deleta o produto meta (ProductSize cai em cascade conforme schema)
→ 158 await prisma.product.delete(
Error occurred during query execution:
ConnectorError(ConnectorError { user_facing_error: None; kind: QueryError(PostgresError { code: "23001"; message: "update or delete on table \"Product\" violates RESTRICT setting of foreign key constraint \"ProductSize_productId_fkey\" on table \"ProductSize\""; severity: "ERROR"; detail: Some("Key (id)=(22980cb1-ddfd-467d-8426-7fa524f14b3c) is referenced from table \"ProductSize\"."); column: None; hint: None }); transient: false })
ERROR,0126-7909167784569,,,,,
Invalid `prisma.product.delete()` invocation in
C:\Users\sport\TenisCash\scripts\cleanup-meta-esportes-duplicates.js:158:34

  155   }
  156 }
  157 // 4. Deleta o produto meta (ProductSize cai em cascade conforme schema)
→ 158 await prisma.product.delete(
Error occurred during query execution:
ConnectorError(ConnectorError { user_facing_error: None; kind: QueryError(PostgresError { code: "23001"; message: "update or delete on table \"Product\" violates RESTRICT setting of foreign key constraint \"ProductSize_productId_fkey\" on table \"ProductSize\""; severity: "ERROR"; detail: Some("Key (id)=(1d692a14-a60e-4291-aee4-a9be5e0792f3) is referenced from table \"ProductSize\"."); column: None; hint: None }); transient: false })
ERROR,0126-7909167791239,,,,,
Invalid `prisma.nuvemshopProductMapping.delete()` invocation in
C:\Users\sport\TenisCash\scripts\cleanup-meta-esportes-duplicates.js:131:54

  128 if (myMapping) {
  129   const origMapping = await prisma.nuvemshopProductMapping.findUnique({ where: { localProductId: original.id } });
  130   if (origMapping) {
→ 131     await prisma.nuvemshopProductMapping.delete(
An operation failed because it depends on one or more records that were required but not found. Record to delete does not exist.
ERROR,0126-7909167749308,,,,,
Invalid `prisma.nuvemshopProductMapping.update()` invocation in
C:\Users\sport\TenisCash\scripts\cleanup-meta-esportes-duplicates.js:133:48

  130 if (origMapping) {
  131   await prisma.nuvemshopProductMapping.delete({ where: { id: myMapping.id } });
  132 } else {
→ 133   await prisma.nuvemshopProductMapping.update(
An operation failed because it depends on one or more records that were required but not found. Record to update not found.
ERROR,0126-7909167784095,,,,,
Invalid `prisma.product.delete()` invocation in
C:\Users\sport\TenisCash\scripts\cleanup-meta-esportes-duplicates.js:158:34

  155   }
  156 }
  157 // 4. Deleta o produto meta (ProductSize cai em cascade conforme schema)
→ 158 await prisma.product.delete(
Error occurred during query execution:
ConnectorError(ConnectorError { user_facing_error: None; kind: QueryError(PostgresError { code: "23001"; message: "update or delete on table \"Product\" violates RESTRICT setting of foreign key constraint \"ProductSize_productId_fkey\" on table \"ProductSize\""; severity: "ERROR"; detail: Some("Key (id)=(62333e73-41f1-4e49-87ba-7ee5a4ceda4c) is referenced from table \"ProductSize\"."); column: None; hint: None }); transient: false })
ERROR,0126-7909167791017,,,,,
Invalid `prisma.product.delete()` invocation in
C:\Users\sport\TenisCash\scripts\cleanup-meta-esportes-duplicates.js:158:34

  155   }
  156 }
  157 // 4. Deleta o produto meta (ProductSize cai em cascade conforme schema)
→ 158 await prisma.product.delete(
Error occurred during query execution:
ConnectorError(ConnectorError { user_facing_error: None; kind: QueryError(PostgresError { code: "23001"; message: "update or delete on table \"Product\" violates RESTRICT setting of foreign key constraint \"ProductSize_productId_fkey\" on table \"ProductSize\""; severity: "ERROR"; detail: Some("Key (id)=(318337a1-459e-4cd2-a91c-0d9e1fb0e8d8) is referenced from table \"ProductSize\"."); column: None; hint: None }); transient: false })
ERROR,0126-7909167661464,,,,,
Invalid `prisma.product.delete()` invocation in
C:\Users\sport\TenisCash\scripts\cleanup-meta-esportes-duplicates.js:158:34

  155   }
  156 }
  157 // 4. Deleta o produto meta (ProductSize cai em cascade conforme schema)
→ 158 await prisma.product.delete(
Error occurred during query execution:
ConnectorError(ConnectorError { user_facing_error: None; kind: QueryError(PostgresError { code: "23001"; message: "update or delete on table \"Product\" violates RESTRICT setting of foreign key constraint \"ProductSize_productId_fkey\" on table \"ProductSize\""; severity: "ERROR"; detail: Some("Key (id)=(7fbf0db8-121b-49d7-b82b-1cb78bc7176d) is referenced from table \"ProductSize\"."); column: None; hint: None }); transient: false })
ERROR,0126-7909167791130,,,,,
Invalid `prisma.product.delete()` invocation in
C:\Users\sport\TenisCash\scripts\cleanup-meta-esportes-duplicates.js:158:34

  155   }
  156 }
  157 // 4. Deleta o produto meta (ProductSize cai em cascade conforme schema)
→ 158 await prisma.product.delete(
Error occurred during query execution:
ConnectorError(ConnectorError { user_facing_error: None; kind: QueryError(PostgresError { code: "23001"; message: "update or delete on table \"Product\" violates RESTRICT setting of foreign key constraint \"ProductSize_productId_fkey\" on table \"ProductSize\""; severity: "ERROR"; detail: Some("Key (id)=(f8fecd13-2bba-4e83-822a-9ca75bde398c) is referenced from table \"ProductSize\"."); column: None; hint: None }); transient: false })
ERROR,0126-7909167782565,,,,,
Invalid `prisma.product.delete()` invocation in
C:\Users\sport\TenisCash\scripts\cleanup-meta-esportes-duplicates.js:158:34

  155   }
  156 }
  157 // 4. Deleta o produto meta (ProductSize cai em cascade conforme schema)
→ 158 await prisma.product.delete(
Error occurred during query execution:
ConnectorError(ConnectorError { user_facing_error: None; kind: QueryError(PostgresError { code: "23001"; message: "update or delete on table \"Product\" violates RESTRICT setting of foreign key constraint \"ProductSize_productId_fkey\" on table \"ProductSize\""; severity: "ERROR"; detail: Some("Key (id)=(26aed2fb-eaf3-4bc3-87ea-ee5fdf21d3da) is referenced from table \"ProductSize\"."); column: None; hint: None }); transient: false })
KEEP_NO_EAN,0126-7909167784545,TOP ATLANTA CLASSICO / AZUL MARINHO / P1,,,,
ERROR,0126-7909167278501,,,,,
Invalid `prisma.product.delete()` invocation in
C:\Users\sport\TenisCash\scripts\cleanup-meta-esportes-duplicates.js:158:34

  155   }
  156 }
  157 // 4. Deleta o produto meta (ProductSize cai em cascade conforme schema)
→ 158 await prisma.product.delete(
Error occurred during query execution:
ConnectorError(ConnectorError { user_facing_error: None; kind: QueryError(PostgresError { code: "23001"; message: "update or delete on table \"Product\" violates RESTRICT setting of foreign key constraint \"ProductSize_productId_fkey\" on table \"ProductSize\""; severity: "ERROR"; detail: Some("Key (id)=(7db22a87-be15-4a2e-9fe2-7e1dea9beba0) is referenced from table \"ProductSize\"."); column: None; hint: None }); transient: false })
ERROR,0126-7909167688805,,,,,
Invalid `prisma.product.delete()` invocation in
C:\Users\sport\TenisCash\scripts\cleanup-meta-esportes-duplicates.js:158:34

  155   }
  156 }
  157 // 4. Deleta o produto meta (ProductSize cai em cascade conforme schema)
→ 158 await prisma.product.delete(
Error occurred during query execution:
ConnectorError(ConnectorError { user_facing_error: None; kind: QueryError(PostgresError { code: "23001"; message: "update or delete on table \"Product\" violates RESTRICT setting of foreign key constraint \"ProductSize_productId_fkey\" on table \"ProductSize\""; severity: "ERROR"; detail: Some("Key (id)=(ac57e393-c2f2-4df4-9227-bc2982028d68) is referenced from table \"ProductSize\"."); column: None; hint: None }); transient: false })
KEEP_NO_EAN,0126-7909167749001,TOP ATLANTA CLASSICO / PRETO / P1,,,,
ERROR,0126-7909167751011,,,,,
Invalid `prisma.product.delete()` invocation in
C:\Users\sport\TenisCash\scripts\cleanup-meta-esportes-duplicates.js:158:34

  155   }
  156 }
  157 // 4. Deleta o produto meta (ProductSize cai em cascade conforme schema)
→ 158 await prisma.product.delete(
Error occurred during query execution:
ConnectorError(ConnectorError { user_facing_error: None; kind: QueryError(PostgresError { code: "23001"; message: "update or delete on table \"Product\" violates RESTRICT setting of foreign key constraint \"ProductSize_productId_fkey\" on table \"ProductSize\""; severity: "ERROR"; detail: Some("Key (id)=(fd8daf30-b965-4c56-b0ab-2c359957690c) is referenced from table \"ProductSize\"."); column: None; hint: None }); transient: false })
ERROR,0126-7909167174988,,,,,
Invalid `prisma.product.delete()` invocation in
C:\Users\sport\TenisCash\scripts\cleanup-meta-esportes-duplicates.js:158:34

  155   }
  156 }
  157 // 4. Deleta o produto meta (ProductSize cai em cascade conforme schema)
→ 158 await prisma.product.delete(
Error occurred during query execution:
ConnectorError(ConnectorError { user_facing_error: None; kind: QueryError(PostgresError { code: "23001"; message: "update or delete on table \"Product\" violates RESTRICT setting of foreign key constraint \"ProductSize_productId_fkey\" on table \"ProductSize\""; severity: "ERROR"; detail: Some("Key (id)=(3c29376b-2bab-456c-a819-0ed082c928b3) is referenced from table \"ProductSize\"."); column: None; hint: None }); transient: false })
KEEP_NO_EAN,0126-7909167784293,LEGGING ATLANTA CLASSICA / AZUL MARINHO / P1,,,,
ERROR,0126-7909167791680,,,,,
Invalid `prisma.product.delete()` invocation in
C:\Users\sport\TenisCash\scripts\cleanup-meta-esportes-duplicates.js:158:34

  155   }
  156 }
  157 // 4. Deleta o produto meta (ProductSize cai em cascade conforme schema)
→ 158 await prisma.product.delete(
Error occurred during query execution:
ConnectorError(ConnectorError { user_facing_error: None; kind: QueryError(PostgresError { code: "23001"; message: "update or delete on table \"Product\" violates RESTRICT setting of foreign key constraint \"ProductSize_productId_fkey\" on table \"ProductSize\""; severity: "ERROR"; detail: Some("Key (id)=(50632257-8120-4125-a2af-721ea3c8e004) is referenced from table \"ProductSize\"."); column: None; hint: None }); transient: false })
KEEP_NO_EAN,0126-4099685812561,CAMISETA M/C MENS GRAPHIC EMBLEM TEE BLACK/Q2 GRAPHI PEQ,,,,
KEEP_NO_EAN,0126-4069156029637,TOP 4KEEPS BRA M PU WHI/PU BLK BI CAT PEQ,,,,
KEEP_NO_EAN,0126-4067983506963,BONE ESS NO1 LOGO BB CAP  BLUE CRYSTAL UNI,,,,
KEEP_NO_EAN,0126-4067983628795,REGATA ESS SLIM TANK WHITE GRD,,,,
KEEP_NO_EAN,0126-4069156431256,CAMISETA M/C ESS PUMA LOGO POLY TEE M PUMA WHITE PEQ,,,,
ERROR,0126-4067983297472,,,,,
Invalid `prisma.product.delete()` invocation in
C:\Users\sport\TenisCash\scripts\cleanup-meta-esportes-duplicates.js:158:34

  155   }
  156 }
  157 // 4. Deleta o produto meta (ProductSize cai em cascade conforme schema)
→ 158 await prisma.product.delete(
Error occurred during query execution:
ConnectorError(ConnectorError { user_facing_error: None; kind: QueryError(PostgresError { code: "23001"; message: "update or delete on table \"Product\" violates RESTRICT setting of foreign key constraint \"ProductSize_productId_fkey\" on table \"ProductSize\""; severity: "ERROR"; detail: Some("Key (id)=(555a29fc-6faa-4dca-85a9-e21662edec1e) is referenced from table \"ProductSize\"."); column: None; hint: None }); transient: false })
ERROR,0126-4065449857246,,,,,
Invalid `prisma.product.delete()` invocation in
C:\Users\sport\TenisCash\scripts\cleanup-meta-esportes-duplicates.js:158:34

  155   }
  156 }
  157 // 4. Deleta o produto meta (ProductSize cai em cascade conforme schema)
→ 158 await prisma.product.delete(
Error occurred during query execution:
ConnectorError(ConnectorError { user_facing_error: None; kind: QueryError(PostgresError { code: "23001"; message: "update or delete on table \"Product\" violates RESTRICT setting of foreign key constraint \"ProductSize_productId_fkey\" on table \"ProductSize\""; severity: "ERROR"; detail: Some("Key (id)=(662e24ed-d249-47d7-b0c9-be27bb13f3bb) is referenced from table \"ProductSize\"."); column: None; hint: None }); transient: false })
ERROR,0126-4067984267665,,,,,
Invalid `prisma.product.delete()` invocation in
C:\Users\sport\TenisCash\scripts\cleanup-meta-esportes-duplicates.js:158:34

  155   }
  156 }
  157 // 4. Deleta o produto meta (ProductSize cai em cascade conforme schema)
→ 158 await prisma.product.delete(
Error occurred during query execution:
ConnectorError(ConnectorError { user_facing_error: None; kind: QueryError(PostgresError { code: "23001"; message: "update or delete on table \"Product\" violates RESTRICT setting of foreign key constraint \"ProductSize_productId_fkey\" on table \"ProductSize\""; severity: "ERROR"; detail: Some("Key (id)=(bf2c85f4-0e53-43b8-85c7-01f4b04c0132) is referenced from table \"ProductSize\"."); column: None; hint: None }); transient: false })
KEEP_NO_EAN,0126-4099685856367,CAMISETA M/C GRAPHICS YEAR OF SPORTS TEE WHITE MED,,,,
ERROR,0126-4067983322204,,,,,
Invalid `prisma.product.delete()` invocation in
C:\Users\sport\TenisCash\scripts\cleanup-meta-esportes-duplicates.js:158:34

  155   }
  156 }
  157 // 4. Deleta o produto meta (ProductSize cai em cascade conforme schema)
→ 158 await prisma.product.delete(
Error occurred during query execution:
ConnectorError(ConnectorError { user_facing_error: None; kind: QueryError(PostgresError { code: "23001"; message: "update or delete on table \"Product\" violates RESTRICT setting of foreign key constraint \"ProductSize_productId_fkey\" on table \"ProductSize\""; severity: "ERROR"; detail: Some("Key (id)=(0311effc-538a-4043-b1d0-41f6263bd95b) is referenced from table \"ProductSize\"."); column: None; hint: None }); transient: false })
ERROR,0126-4069156027275,,,,,
Invalid `prisma.product.delete()` invocation in
C:\Users\sport\TenisCash\scripts\cleanup-meta-esportes-duplicates.js:158:34

  155   }
  156 }
  157 // 4. Deleta o produto meta (ProductSize cai em cascade conforme schema)
→ 158 await prisma.product.delete(
Error occurred during query execution:
ConnectorError(ConnectorError { user_facing_error: None; kind: QueryError(PostgresError { code: "23001"; message: "update or delete on table \"Product\" violates RESTRICT setting of foreign key constraint \"ProductSize_productId_fkey\" on table \"ProductSize\""; severity: "ERROR"; detail: Some("Key (id)=(0ab7ac78-cd0c-4580-a8ac-328400148348) is referenced from table \"ProductSize\"."); column: None; hint: None }); transient: false })
ERROR,0126-4099686959180,,,,,
Invalid `prisma.product.delete()` invocation in
C:\Users\sport\TenisCash\scripts\cleanup-meta-esportes-duplicates.js:158:34

  155   }
  156 }
  157 // 4. Deleta o produto meta (ProductSize cai em cascade conforme schema)
→ 158 await prisma.product.delete(
Error occurred during query execution:
ConnectorError(ConnectorError { user_facing_error: None; kind: QueryError(PostgresError { code: "23001"; message: "update or delete on table \"Product\" violates RESTRICT setting of foreign key constraint \"ProductSize_productId_fkey\" on table \"ProductSize\""; severity: "ERROR"; detail: Some("Key (id)=(211819da-d3d2-42ab-895d-e5acfbaf3c58) is referenced from table \"ProductSize\"."); column: None; hint: None }); transient: false })
KEEP_NO_EAN,0126-4067983346460,CAMISETA M/C GRAPHICS MOUNTAIN TEE NEW NAVY PEQ,,,,
KEEP_NO_EAN,0126-4069156013049,CAMISETA M/C ESS SMALL PUMA LOGO POLY TE FOR ALL TIME RED GR,,,,
ERROR,0126-4069156027657,,,,,
Invalid `prisma.product.delete()` invocation in
C:\Users\sport\TenisCash\scripts\cleanup-meta-esportes-duplicates.js:158:34

  155   }
  156 }
  157 // 4. Deleta o produto meta (ProductSize cai em cascade conforme schema)
→ 158 await prisma.product.delete(
Error occurred during query execution:
ConnectorError(ConnectorError { user_facing_error: None; kind: QueryError(PostgresError { code: "23001"; message: "update or delete on table \"Product\" violates RESTRICT setting of foreign key constraint \"ProductSize_productId_fkey\" on table \"ProductSize\""; severity: "ERROR"; detail: Some("Key (id)=(bd1f2f56-9106-4ab2-b048-f27d875b0e3f) is referenced from table \"ProductSize\"."); column: None; hint: None }); transient: false })
KEEP_NO_EAN,0126-4069156029682,TOP 4KEEPS BRA M PU WHI/PU BLK BI CAT MED,,,,
KEEP_NO_EAN,0126-4067983235436,BERMUDA PUMA SPORT GRAPHIC SHORTS 9 TR BLACK PEQ,,,,
ERROR,0126-4067981977987,,,,,
Invalid `prisma.product.delete()` invocation in
C:\Users\sport\TenisCash\scripts\cleanup-meta-esportes-duplicates.js:158:34

  155   }
  156 }
  157 // 4. Deleta o produto meta (ProductSize cai em cascade conforme schema)
→ 158 await prisma.product.delete(
Error occurred during query execution:
ConnectorError(ConnectorError { user_facing_error: None; kind: QueryError(PostgresError { code: "23001"; message: "update or delete on table \"Product\" violates RESTRICT setting of foreign key constraint \"ProductSize_productId_fkey\" on table \"ProductSize\""; severity: "ERROR"; detail: Some("Key (id)=(61472697-a4b5-4a63-931b-2cb3d21d7338) is referenced from table \"ProductSize\"."); column: None; hint: None }); transient: false })
KEEP_NO_EAN,0126-4069156013001,CAMISETA M/C ESS SMALL PUMA LOGO POLY TE FOR ALL TIME RED EG,,,,
KEEP_NO_EAN,0126-4067983235467,BERMUDA PUMA SPORT GRAPHIC SHORTS 9 TR BLACK GRD,,,,
KEEP_NO_EAN,0126-4069156029675,TOP 4KEEPS BRA M PU WHI/PU BLK BI CAT GRD,,,,
ERROR,0126-4067983327070,,,,,
Invalid `prisma.product.delete()` invocation in
C:\Users\sport\TenisCash\scripts\cleanup-meta-esportes-duplicates.js:158:34

  155   }
  156 }
  157 // 4. Deleta o produto meta (ProductSize cai em cascade conforme schema)
→ 158 await prisma.product.delete(
Error occurred during query execution:
ConnectorError(ConnectorError { user_facing_error: None; kind: QueryError(PostgresError { code: "23001"; message: "update or delete on table \"Product\" violates RESTRICT setting of foreign key constraint \"ProductSize_productId_fkey\" on table \"ProductSize\""; severity: "ERROR"; detail: Some("Key (id)=(90fd547e-d3b3-4395-b8e0-e838940a4ee4) is referenced from table \"ProductSize\"."); column: None; hint: None }); transient: false })
ERROR,0126-4063699210248,,,,,
Invalid `prisma.product.delete()` invocation in
C:\Users\sport\TenisCash\scripts\cleanup-meta-esportes-duplicates.js:158:34

  155   }
  156 }
  157 // 4. Deleta o produto meta (ProductSize cai em cascade conforme schema)
→ 158 await prisma.product.delete(
Error occurred during query execution:
ConnectorError(ConnectorError { user_facing_error: None; kind: QueryError(PostgresError { code: "23001"; message: "update or delete on table \"Product\" violates RESTRICT setting of foreign key constraint \"ProductSize_productId_fkey\" on table \"ProductSize\""; severity: "ERROR"; detail: Some("Key (id)=(57613828-6641-440d-a821-515bcf9416a5) is referenced from table \"ProductSize\"."); column: None; hint: None }); transient: false })
KEEP_NO_EAN,0126-4069156029088,BERMUDA TAD BIG LOGO SHORT BLACK GRD,,,,
KEEP_NO_EAN,0126-4067983240430,BERMUDA PUMA CLASS SHORTS 8 TR BLACK GRD,,,,
KEEP_NO_EAN,0126-4067983687815,CAMISETA M/C ESS LOGO LAB TEE BLACK PEQ,,,,
KEEP_NO_EAN,0126-4067983628221,BLUSAO ESS 2 COLOR NO 1 LOGO HOODIE FL BLUE CRYSTAL MED,,,,
KEEP_NO_EAN,0126-4069156012752,CAMISETA M/C ESS SMALL PUMA LOGO POLY TE WHITE PEQ,,,,
ERROR,0126-4067983246623,,,,,
Invalid `prisma.product.delete()` invocation in
C:\Users\sport\TenisCash\scripts\cleanup-meta-esportes-duplicates.js:158:34

  155   }
  156 }
  157 // 4. Deleta o produto meta (ProductSize cai em cascade conforme schema)
→ 158 await prisma.product.delete(
Error occurred during query execution:
ConnectorError(ConnectorError { user_facing_error: None; kind: QueryError(PostgresError { code: "23001"; message: "update or delete on table \"Product\" violates RESTRICT setting of foreign key constraint \"ProductSize_productId_fkey\" on table \"ProductSize\""; severity: "ERROR"; detail: Some("Key (id)=(83c777a5-dd9f-4355-bc26-f98f99193550) is referenced from table \"ProductSize\"."); column: None; hint: None }); transient: false })
ERROR,0126-4067983321245,,,,,
Invalid `prisma.product.delete()` invocation in
C:\Users\sport\TenisCash\scripts\cleanup-meta-esportes-duplicates.js:158:34

  155   }
  156 }
  157 // 4. Deleta o produto meta (ProductSize cai em cascade conforme schema)
→ 158 await prisma.product.delete(
Error occurred during query execution:
ConnectorError(ConnectorError { user_facing_error: None; kind: QueryError(PostgresError { code: "23001"; message: "update or delete on table \"Product\" violates RESTRICT setting of foreign key constraint \"ProductSize_productId_fkey\" on table \"ProductSize\""; severity: "ERROR"; detail: Some("Key (id)=(093cfe75-d829-472d-8ebc-548953fb250f) is referenced from table \"ProductSize\"."); column: None; hint: None }); transient: false })
ERROR,0126-4067981946167,,,,,
Invalid `prisma.product.delete()` invocation in
C:\Users\sport\TenisCash\scripts\cleanup-meta-esportes-duplicates.js:158:34

  155   }
  156 }
  157 // 4. Deleta o produto meta (ProductSize cai em cascade conforme schema)
→ 158 await prisma.product.delete(
Error occurred during query execution:
ConnectorError(ConnectorError { user_facing_error: None; kind: QueryError(PostgresError { code: "23001"; message: "update or delete on table \"Product\" violates RESTRICT setting of foreign key constraint \"ProductSize_productId_fkey\" on table \"ProductSize\""; severity: "ERROR"; detail: Some("Key (id)=(3151ac81-f678-4020-9608-a5c2b0f9aeab) is referenced from table \"ProductSize\"."); column: None; hint: None }); transient: false })
KEEP_NO_EAN,0126-4067983687853,CAMISETA M/C ESS LOGO LAB TEE BLACK MED,,,,
ERROR,0126-4067981500024,,,,,
Invalid `prisma.product.delete()` invocation in
C:\Users\sport\TenisCash\scripts\cleanup-meta-esportes-duplicates.js:158:34

  155   }
  156 }
  157 // 4. Deleta o produto meta (ProductSize cai em cascade conforme schema)
→ 158 await prisma.product.delete(
Error occurred during query execution:
ConnectorError(ConnectorError { user_facing_error: None; kind: QueryError(PostgresError { code: "23001"; message: "update or delete on table \"Product\" violates RESTRICT setting of foreign key constraint \"ProductSize_productId_fkey\" on table \"ProductSize\""; severity: "ERROR"; detail: Some("Key (id)=(78f0ce8e-d769-4672-b27d-c06a0ab03a88) is referenced from table \"ProductSize\"."); column: None; hint: None }); transient: false })
KEEP_NO_EAN,0126-4067984306227,CAMISETA M/C M RUN VELOCITY TEE (POLY) BLUE CRYSTAL GRD,,,,
KEEP_NO_EAN,0126-4067983235474,BERMUDA PUMA SPORT GRAPHIC SHORTS 9 TR BLACK MED,,,,
KEEP_NO_EAN,0126-4067983640759,JAQUETA ESS NO 1 LOGO TRACK JACKET TR MEDIUM GRAY HEATHER ME,,,,
KEEP_NO_EAN,0126-4099685697885,BONE FERRARI RACE BB CAP  ROSSO CORSA UNI,,,,
KEEP_NO_EAN,0126-4069156026261,REGATA TAD BIG LOGO TANK WHITE EGR,,,,
KEEP_NO_EAN,0126-4067983583216,BERMUDA ESS NO 1 LOGO SHORTS 10 (S) GREEN MOON EGR,,,,
KEEP_NO_EAN,0126-4067983628764,REGATA ESS SLIM TANK WHITE EGR,,,,
KEEP_NO_EAN,0126-4099685812585,CAMISETA M/C MENS GRAPHIC EMBLEM TEE BLACK/Q2 GRAPHI GRD,,,,
KEEP_NO_EAN,0126-4069156431263,CAMISETA M/C ESS PUMA LOGO POLY TEE M PUMA WHITE EGR,,,,
KEEP_NO_EAN,0126-4069156029033,BERMUDA TAD BIG LOGO SHORT BLACK PEQ,,,,
KEEP_NO_EAN,0126-4069156026308,REGATA TAD BIG LOGO TANK WHITE GRD,,,,
KEEP_NO_EAN,0126-4067983240409,BERMUDA PUMA CLASS SHORTS 8 TR BLACK PEQ,,,,
KEEP_NO_EAN,0126-4069156012806,CAMISETA M/C ESS SMALL PUMA LOGO POLY TE WHITE GRD,,,,
KEEP_NO_EAN,0126-4067983240416,BERMUDA PUMA CLASS SHORTS 8 TR BLACK EGR,,,,
KEEP_NO_EAN,0126-4069156431317,CAMISETA M/C ESS PUMA LOGO POLY TEE M PUMA WHITE MED,,,,
KEEP_NO_EAN,0126-4067983583209,BERMUDA ESS NO 1 LOGO SHORTS 10 (S) GREEN MOON PEQ,,,,
KEEP_NO_EAN,0126-4069156012769,CAMISETA M/C ESS SMALL PUMA LOGO POLY TE WHITE EGR,,,,
KEEP_NO_EAN,0126-4067983628184,BLUSAO ESS 2 COLOR NO 1 LOGO HOODIE FL BLUE CRYSTAL PEQ,,,,
KEEP_NO_EAN,0126-4099685694457,POCHETE PUMA PHASE WAIST BAG  PRAIRIE TAN UNI,,,,
KEEP_NO_EAN,0126-4069156029095,BERMUDA TAD BIG LOGO SHORT BLACK MED,,,,
KEEP_NO_EAN,0126-4067984306180,CAMISETA M/C M RUN VELOCITY TEE (POLY) BLUE CRYSTAL EGR,,,,
KEEP_NO_EAN,0126-4067983640704,JAQUETA ESS NO 1 LOGO TRACK JACKET TR MEDIUM GRAY HEATHER EG,,,,
KEEP_NO_EAN,0126-4067983640698,JAQUETA ESS NO 1 LOGO TRACK JACKET TR MEDIUM GRAY HEATHER PE,,,,
KEEP_NO_EAN,0126-4067983240447,BERMUDA PUMA CLASS SHORTS 8 TR BLACK MED,,,,
KEEP_NO_EAN,0126-4099685856381,CAMISETA M/C GRAPHICS YEAR OF SPORTS TEE WHITE EGR,,,,
KEEP_NO_EAN,0126-4069156029040,BERMUDA TAD BIG LOGO SHORT BLACK EGR,,,,
KEEP_NO_EAN,0126-4067983628757,REGATA ESS SLIM TANK WHITE PEQ,,,,
KEEP_NO_EAN,0126-4067983640742,JAQUETA ESS NO 1 LOGO TRACK JACKET TR MEDIUM GRAY HEATHER GR,,,,
KEEP_NO_EAN,0126-4067984306234,CAMISETA M/C M RUN VELOCITY TEE (POLY) BLUE CRYSTAL MED,,,,
ERROR,0126-4063697486966,,,,,
Invalid `prisma.product.delete()` invocation in
C:\Users\sport\TenisCash\scripts\cleanup-meta-esportes-duplicates.js:158:34

  155   }
  156 }
  157 // 4. Deleta o produto meta (ProductSize cai em cascade conforme schema)
→ 158 await prisma.product.delete(
Error occurred during query execution:
ConnectorError(ConnectorError { user_facing_error: None; kind: QueryError(PostgresError { code: "23001"; message: "update or delete on table \"Product\" violates RESTRICT setting of foreign key constraint \"ProductSize_productId_fkey\" on table \"ProductSize\""; severity: "ERROR"; detail: Some("Key (id)=(e6663c39-fbed-427c-b6a1-3eb1c3588f8e) is referenced from table \"ProductSize\"."); column: None; hint: None }); transient: false })
KEEP_NO_EAN,0126-4067983628214,BLUSAO ESS 2 COLOR NO 1 LOGO HOODIE FL BLUE CRYSTAL GRD,,,,
KEEP_NO_EAN,0126-4065453822162,MEIAO TEAM LIGA SOCKS CORE  DELPHINIUM BLUE-PUMA 39/43,,,,
KEEP_NO_EAN,0126-4067983631276,BERMUDA ESS BLOCK SHORTS 10 TR TEAM LIGHT BLUE EGR,,,,
KEEP_NO_EAN,0126-4069156431300,CAMISETA M/C ESS PUMA LOGO POLY TEE M PUMA WHITE GRD,,,,
KEEP_NO_EAN,0126-4067983346477,CAMISETA M/C GRAPHICS MOUNTAIN TEE NEW NAVY EGR,,,,
KEEP_NO_EAN,0126-4067983628191,BLUSAO ESS 2 COLOR NO 1 LOGO HOODIE FL BLUE CRYSTAL EGR,,,,
KEEP_NO_EAN,0126-4069156013056,CAMISETA M/C ESS SMALL PUMA LOGO POLY TE FOR ALL TIME RED ME,,,,
KEEP_NO_EAN,0126-4069156012813,CAMISETA M/C ESS SMALL PUMA LOGO POLY TE WHITE MED,,,,
KEEP_NO_EAN,0126-4067983583254,BERMUDA ESS NO 1 LOGO SHORTS 10 (S) GREEN MOON GRD,,,,
KEEP_NO_EAN,0126-4069156012998,CAMISETA M/C ESS SMALL PUMA LOGO POLY TE FOR ALL TIME RED PE,,,,
KEEP_NO_EAN,0126-4099685812578,CAMISETA M/C MENS GRAPHIC EMBLEM TEE BLACK/Q2 GRAPHI MED,,,,
KEEP_NO_EAN,0126-4067983631290,BERMUDA ESS BLOCK SHORTS 10 TR TEAM LIGHT BLUE GRD,,,,
KEEP_NO_EAN,0126-4067983510083,BOLSA BASE X-BODY BAG BLACK UNI,,,,
KEEP_NO_EAN,0126-4067984306173,CAMISETA M/C M RUN VELOCITY TEE (POLY) BLUE CRYSTAL PEQ,,,,
KEEP_NO_EAN,0126-4067983631306,BERMUDA ESS BLOCK SHORTS 10 TR TEAM LIGHT BLUE MED,,,,
KEEP_NO_EAN,0126-4067984173591,BOLSA PUMA PHASE PORTABLE  BLACK UNI,,,,
KEEP_NO_EAN,0126-4067983628801,REGATA ESS SLIM TANK WHITE MED,,,,
KEEP_NO_EAN,0126-4099683451342,BOLSA CORE BASE LARGE SHOPPER  PUMA BLACK UNI,,,,
KEEP_NO_EAN,0126-4099685856374,CAMISETA M/C GRAPHICS YEAR OF SPORTS TEE WHITE GRD,,,,
KEEP_NO_EAN,0126-4067983687822,CAMISETA M/C ESS LOGO LAB TEE BLACK EGR,,,,
KEEP_NO_EAN,0126-4099685856350,CAMISETA M/C GRAPHICS YEAR OF SPORTS TEE WHITE PEQ,,,,
KEEP_NO_EAN,0126-4067984162564,MALA PUMA CHALLENGER EXTRA SMALL FUNDAME  CAST IRON UNI,,,,
KEEP_NO_EAN,0126-4067984174970,MOCHILA PUMA PHASE BACKPACK  NAVY UNI,,,,
KEEP_NO_EAN,0126-4067983346491,CAMISETA M/C GRAPHICS MOUNTAIN TEE NEW NAVY GRD,,,,
KEEP_NO_EAN,0126-4067983235443,BERMUDA PUMA SPORT GRAPHIC SHORTS 9 TR BLACK EGR,,,,
KEEP_NO_EAN,0126-4067983687846,CAMISETA M/C ESS LOGO LAB TEE BLACK GRD,,,,
KEEP_NO_EAN,0126-4069156026254,REGATA TAD BIG LOGO TANK WHITE PEQ,,,,
KEEP_NO_EAN,0126-4067983507786,BONE ESS NO1 LOGO PATCH BB CAP WHITE UNI,,,,
KEEP_NO_EAN,0126-4067983631269,BERMUDA ESS BLOCK SHORTS 10 TR TEAM LIGHT BLUE PEQ,,,,
KEEP_NO_EAN,0126-4069156026315,REGATA TAD BIG LOGO TANK WHITE MED,,,,
KEEP_NO_EAN,0126-4067983583261,BERMUDA ESS NO 1 LOGO SHORTS 10 (S) GREEN MOON MED,,,,
KEEP_NO_EAN,0126-7909711159799,TENIS SOLO SEMA199 ADT. TECIDO SOLA PVC EVERLAST PRETO/AMARELO 43 REF SEMA199.199A.43,,,,
KEEP_NO_EAN,0126-7909711189857,TENIS CLIMBER RUN SEUA228 ADT. NYLON SOLA EVA EVERLAST BRANCO/AZUL 40 REF SEUA228.228E.40,,,,
KEEP_NO_EAN,0126-7909711175041,TENIS BLAZER SEMA195 ADT. SINTETICO SOLA PVC EVERLAST BRANCO/CINZA 39 REF SEMA195.195B.39,,,,
KEEP_NO_EAN,0126-7909711188324,TENIS STATION 3 SEFA217 ADT. SINTETICO SOLA TR EVERLAST BRANCO/DOURADO 40 REF SEFA217.217D.40,,,,
KEEP_NO_EAN,0126-7909711186498,TENIS RING 4 SEFA218 ADT. SINTETICO SOLA TR EVERLAST PRETO/ROSA 35 REF SEFA218.218A.35,,,,
KEEP_NO_EAN,0126-7909711190129,TENIS CLIMBER RUN SEUA228 ADT. NYLON SOLA EVA EVERLAST PRETO/ROSA 37 REF SEUA228.228C.37,,,,
KEEP_NO_EAN,0126-7909711182049,TENIS NEW YORK SEMA213 ADT.SINTETICO SOLA TR EVERLAST BEGE/PRETO 43 REF SEMA213.213D.43,,,,
KEEP_NO_EAN,0126-7909711186535,TENIS RING 4 SEFA218 ADT. SINTETICO SOLA TR EVERLAST PRETO/ROSA 39 REF SEFA218.218A.39,,,,
KEEP_NO_EAN,0126-7909711159782,TENIS SOLO SEMA199 ADT. TECIDO SOLA PVC EVERLAST PRETO/AMARELO 42 REF SEMA199.199A.42,,,,
KEEP_NO_EAN,0126-7909711186504,TENIS RING 4 SEFA218 ADT. SINTETICO SOLA TR EVERLAST PRETO/ROSA 36 REF SEFA218.218A.36,,,,
KEEP_NO_EAN,0126-7909711181998,TENIS NEW YORK SEMA213 ADT.SINTETICO SOLA TR EVERLAST BEGE/PRETO 38 REF SEMA213.213D.38,,,,
KEEP_NO_EAN,0126-7909711175089,TENIS BLAZER SEMA195 ADT. SINTETICO SOLA PVC EVERLAST BRANCO/CINZA 43 REF SEMA195.195B.43,,,,
KEEP_NO_EAN,0126-7909711188317,TENIS STATION 3 SEFA217 ADT. SINTETICO SOLA TR EVERLAST BRANCO/DOURADO 39 REF SEFA217.217D.39,,,,
KEEP_NO_EAN,0126-7909711189833,TENIS CLIMBER RUN SEUA228 ADT. NYLON SOLA EVA EVERLAST BRANCO/AZUL 38 REF SEUA228.228E.38,,,,
KEEP_NO_EAN,0126-7909711189802,TENIS CLIMBER RUN SEUA228 ADT. NYLON SOLA EVA EVERLAST BRANCO/AZUL 35 REF SEUA228.228E.35,,,,
KEEP_NO_EAN,0126-7909711190105,TENIS CLIMBER RUN SEUA228 ADT. NYLON SOLA EVA EVERLAST PRETO/ROSA 35 REF SEUA228.228C.35,,,,
KEEP_NO_EAN,0126-7909711188300,TENIS STATION 3 SEFA217 ADT. SINTETICO SOLA TR EVERLAST BRANCO/DOURADO 38 REF SEFA217.217D.38,,,,
KEEP_NO_EAN,0126-7909711189864,TENIS CLIMBER RUN SEUA228 ADT. NYLON SOLA EVA EVERLAST BRANCO/AZUL 41 REF SEUA228.228E.41,,,,
KEEP_NO_EAN,0126-7909711190051,TENIS CLIMBER RUN SEUA228 ADT. NYLON SOLA EVA EVERLAST PRETO/BRANCO 40 REF SEUA228.228A.40,,,,
KEEP_NO_EAN,0126-7909711190136,TENIS CLIMBER RUN SEUA228 ADT. NYLON SOLA EVA EVERLAST PRETO/ROSA 38 REF SEUA228.228C.38,,,,
KEEP_NO_EAN,0126-7909711188294,TENIS STATION 3 SEFA217 ADT. SINTETICO SOLA TR EVERLAST BRANCO/DOURADO 37 REF SEFA217.217D.37,,,,
KEEP_NO_EAN,0126-7909711189819,TENIS CLIMBER RUN SEUA228 ADT. NYLON SOLA EVA EVERLAST BRANCO/AZUL 36 REF SEUA228.228E.36,,,,
KEEP_NO_EAN,0126-7909711190075,TENIS CLIMBER RUN SEUA228 ADT. NYLON SOLA EVA EVERLAST PRETO/BRANCO 42 REF SEUA228.228A.42,,,,
KEEP_NO_EAN,0126-7909711189840,TENIS CLIMBER RUN SEUA228 ADT. NYLON SOLA EVA EVERLAST BRANCO/AZUL 39 REF SEUA228.228E.39,,,,
KEEP_NO_EAN,0126-7909711190006,TENIS CLIMBER RUN SEUA228 ADT. NYLON SOLA EVA EVERLAST PRETO/BRANCO 35 REF SEUA228.228A.35,,,,
KEEP_NO_EAN,0126-7909711159744,TENIS SOLO SEMA199 ADT. TECIDO SOLA PVC EVERLAST PRETO/AMARELO 38 REF SEMA199.199A.38,,,,
KEEP_NO_EAN,0126-7909711159751,TENIS SOLO SEMA199 ADT. TECIDO SOLA PVC EVERLAST PRETO/AMARELO 39 REF SEMA199.199A.39,,,,
KEEP_NO_EAN,0126-7909711186511,TENIS RING 4 SEFA218 ADT. SINTETICO SOLA TR EVERLAST PRETO/ROSA 37 REF SEFA218.218A.37,,,,
KEEP_NO_EAN,0126-7909711175034,TENIS BLAZER SEMA195 ADT. SINTETICO SOLA PVC EVERLAST BRANCO/CINZA 38 REF SEMA195.195B.38,,,,
KEEP_NO_EAN,0126-7909711190143,TENIS CLIMBER RUN SEUA228 ADT. NYLON SOLA EVA EVERLAST PRETO/ROSA 39 REF SEUA228.228C.39,,,,
KEEP_NO_EAN,0126-7909711182018,TENIS NEW YORK SEMA213 ADT.SINTETICO SOLA TR EVERLAST BEGE/PRETO 40 REF SEMA213.213D.40,,,,
KEEP_NO_EAN,0126-7909711188270,TENIS STATION 3 SEFA217 ADT. SINTETICO SOLA TR EVERLAST BRANCO/DOURADO 35 REF SEFA217.217D.35,,,,
KEEP_NO_EAN,0126-7909711190112,TENIS CLIMBER RUN SEUA228 ADT. NYLON SOLA EVA EVERLAST PRETO/ROSA 36 REF SEUA228.228C.36,,,,
KEEP_NO_EAN,0126-7909711175072,TENIS BLAZER SEMA195 ADT. SINTETICO SOLA PVC EVERLAST BRANCO/CINZA 42 REF SEMA195.195B.42,,,,
KEEP_NO_EAN,0126-7909711175058,TENIS BLAZER SEMA195 ADT. SINTETICO SOLA PVC EVERLAST BRANCO/CINZA 40 REF SEMA195.195B.40,,,,
KEEP_NO_EAN,0126-7909711190037,TENIS CLIMBER RUN SEUA228 ADT. NYLON SOLA EVA EVERLAST PRETO/BRANCO 38 REF SEUA228.228A.38,,,,
KEEP_NO_EAN,0126-7909711190013,TENIS CLIMBER RUN SEUA228 ADT. NYLON SOLA EVA EVERLAST PRETO/BRANCO 36 REF SEUA228.228A.36,,,,
KEEP_NO_EAN,0126-7909711182032,TENIS NEW YORK SEMA213 ADT.SINTETICO SOLA TR EVERLAST BEGE/PRETO 42 REF SEMA213.213D.42,,,,
KEEP_NO_EAN,0126-7909711175065,TENIS BLAZER SEMA195 ADT. SINTETICO SOLA PVC EVERLAST BRANCO/CINZA 41 REF SEMA195.195B.41,,,,
KEEP_NO_EAN,0126-7909711186528,TENIS RING 4 SEFA218 ADT. SINTETICO SOLA TR EVERLAST PRETO/ROSA 38 REF SEFA218.218A.38,,,,
KEEP_NO_EAN,0126-7909711182025,TENIS NEW YORK SEMA213 ADT.SINTETICO SOLA TR EVERLAST BEGE/PRETO 41 REF SEMA213.213D.41,,,,
KEEP_NO_EAN,0126-7909711188287,TENIS STATION 3 SEFA217 ADT. SINTETICO SOLA TR EVERLAST BRANCO/DOURADO 36 REF SEFA217.217D.36,,,,
KEEP_NO_EAN,0126-7909711189826,TENIS CLIMBER RUN SEUA228 ADT. NYLON SOLA EVA EVERLAST BRANCO/AZUL 37 REF SEUA228.228E.37,,,,
KEEP_NO_EAN,0126-7909711159768,TENIS SOLO SEMA199 ADT. TECIDO SOLA PVC EVERLAST PRETO/AMARELO 40 REF SEMA199.199A.40,,,,
KEEP_NO_EAN,0126-7909711190068,TENIS CLIMBER RUN SEUA228 ADT. NYLON SOLA EVA EVERLAST PRETO/BRANCO 41 REF SEUA228.228A.41,,,,
KEEP_NO_EAN,0126-7909711182001,TENIS NEW YORK SEMA213 ADT.SINTETICO SOLA TR EVERLAST BEGE/PRETO 39 REF SEMA213.213D.39,,,,
KEEP_NO_EAN,0126-7909711190044,TENIS CLIMBER RUN SEUA228 ADT. NYLON SOLA EVA EVERLAST PRETO/BRANCO 39 REF SEUA228.228A.39,,,,
KEEP_NO_EAN,0126-7909711189871,TENIS CLIMBER RUN SEUA228 ADT. NYLON SOLA EVA EVERLAST BRANCO/AZUL 42 REF SEUA228.228E.42,,,,
KEEP_NO_EAN,0126-7909711190020,TENIS CLIMBER RUN SEUA228 ADT. NYLON SOLA EVA EVERLAST PRETO/BRANCO 37 REF SEUA228.228A.37,,,,
KEEP_NO_EAN,0126-7909711159775,TENIS SOLO SEMA199 ADT. TECIDO SOLA PVC EVERLAST PRETO/AMARELO 41 REF SEMA199.199A.41,,,,
KEEP_NO_EAN,0126-7908891356059,CHUTEIRA OXN TRACK 4 FIT INDOOR STRIKE PVC ADULTO - CIANO/BRANCO/PRETO,,,,
KEEP_NO_EAN,0126-7908891302209,CHUTEIRA OXN DYNAMIC 4 SOCIETY X-FORCE PVC ADULTO - PRETO/BRANCO/GRAFITE,,,,
KEEP_NO_EAN,0126-7908891356462,CHUTEIRA OXN TRACK 4 FIT SOCIETY STRIKE PVC ADULTO - CIANO/BRANCO/PRETO,,,,
KEEP_NO_EAN,0126-7908891346661,CHUTEIRA OXN EXPRESS FIT 4 INDOOR STRIKE PVC ADULTO - PRETO/PRETO/LIMA,,,,
KEEP_NO_EAN,0126-7908891373162,CHUTEIRA OXN SPEED 6 INDOOR X PRO 2 PVC ADULTO - VERDE MENTA/PINK/PRETO,,,,
KEEP_NO_EAN,0126-7908891300069,CHUTEIRA OXN DYNAMIC 4 INDOOR X-PRO 2 PVC ADULTO - PRETO/BRANCO/GRAFITE,,,,
KEEP_NO_EAN,0126-7908891325451,CHUTEIRA OXN SPARTAK 5 INDOOR X-PRO 2 PVC ADULTO - VERDE CLARO/BRANCO/PRETO,,,,
KEEP_NO_EAN,0126-7908891392514,CHUTEIRA OXN TRACK 4 FIT SOCIETY STRIKE PVC ADULTO - GELO/VERDE MENTA/MARINHO,,,,
KEEP_NO_EAN,0126-7908891347828,CHUTEIRA OXN EXPRESS FIT 4 SOCIETY STRIKE PVC ADULTO - GELO/LARANJA/PRETO,,,,
KEEP_NO_EAN,0126-7908891346784,CHUTEIRA OXN EXPRESS FIT 4 INDOOR STRIKE PVC ADULTO - GELO/LARANJA/PRETO,,,,
KEEP_NO_EAN,0126-7908891315612,CHUTEIRA OXN SPARTAK 5 SOCIETY X-FORCE PVC ADULTO - VERDE CLARO/BRANCO/PRETO,,,,
KEEP_NO_EAN,0126-7908766299849,CHUTEIRA OXN SPARTAK 5 INDOOR X-PRO 2 PVC ADULTO - AZUL/LIMA/PRETO,,,,
KEEP_NO_EAN,0126-7908891356363,CHUTEIRA OXN TRACK 4 FIT INDOOR STRIKE PVC ADULTO -GELO/VERDE MENTA/MARINHO,,,,
KEEP_NO_EAN,0126-7908891339601,CHUTEIRA OXN MUNDIALLI 4 SOCIETY X-FORCE PVC ADULTO - PRETO/LIMA,,,,
KEEP_NO_EAN,0126-7908891379447,CHUTEIRA OXN SPEED 6 SOCIETY X-FORCE PVC ADULTO - VERDE MENTA/PINK/PRETO,,,,
KEEP_NO_EAN,0126-7908891308898,CHUTEIRA OXN DYNAMIC 4 SOCIETY X-FORCE PVC ADULTO - CIANO/PINK/PRETO,,,,
KEEP_NO_EAN,0126-7908891347057,CHUTEIRA OXN EXPRESS FIT 4 SOCIETY STRIKE PVC ADULTO - PRETO/PRETO/LIMA,,,,
KEEP_NO_EAN,0126-7908891312024,CHUTEIRA OXN SPARTAK 5 SOCIETY X-FORCE PVC ADULTO - AZUL/LIMA/PRETO,,,,
KEEP_NO_EAN,0126-7908891301134,CHUTEIRA OXN DYNAMIC 4 INDOOR X-PRO 2 PVC ADULTO - CIANO/PINK/PRETO,,,,
KEEP_NO_EAN,0126-7765,KIMONO INF. U.L SUNSET - PRETO - M1,,,,
KEEP_NO_EAN,0126-7756,KIMONO STANDARD INF. AZUL - AZUL - M4,,,,
KEEP_NO_EAN,0126-7775,KIMONO U.L SUNSET - PRETO - A3,,,,
KEEP_NO_EAN,0126-7778,KIMONO CLASSIC - BRANCO - A2,,,,
KEEP_NO_EAN,0126-7760,KIMONO STANDARD INF. ROSA - ROSA - M3,,,,
KEEP_NO_EAN,0126-7773,KIMONO U.L SUNSET - PRETO - A1,,,,
KEEP_NO_EAN,0126-7774,KIMONO U.L SUNSET - PRETO - A2,,,,
KEEP_NO_EAN,0126-7755,KIMONO STANDARD INF. AZUL - AZUL - M3,,,,
KEEP_NO_EAN,0126-7786,KIMONO CLASSIC PRETO - PRETO - A2,,,,
KEEP_NO_EAN,0126-7764,KIMONO INF. U.L SUNSET - BRANCO - M3,,,,
KEEP_NO_EAN,0126-7787,KIMONO CLASSIC PRETO - PRETO - A3,,,,
KEEP_NO_EAN,0126-2915482938742,KIMONO MUNDIAL 10 PRETO - A1 - PRETO,,,,
KEEP_NO_EAN,0126-7788,KIMONO CLASSIC PRETO - PRETO - A4,,,,
KEEP_NO_EAN,0126-7767,KIMONO INF. U.L SUNSET - PRETO - M3,,,,
KEEP_NO_EAN,0126-7781,KIMONO CLASSIC - AZUL - A1,,,,
KEEP_NO_EAN,0126-7757,KIMONO STANDARD INF. ROSA - ROSA - M0,,,,
KEEP_NO_EAN,0126-7749,KIMONO STANDARD INF. BRANCO - BRANCO - M3,,,,
KEEP_NO_EAN,0126-7789,KIMONO MUNDIAL 10 - BRANCO - A2,,,,
KEEP_NO_EAN,0126-7747,KIMONO STANDARD INF. BRANCO - BRANCO - M1,,,,
KEEP_NO_EAN,0126-7772,KIMONO U.L SUNSET - PRETO - A0,,,,
KEEP_NO_EAN,0126-7780,KIMONO CLASSIC - BRANCO - A4,,,,
KEEP_NO_EAN,0126-7745,KIMONO STANDARD INF. BRANCO - BRANCO - M00,,,,
KEEP_NO_EAN,0126-2929596575748,KIMONO MUNDIAL 10 PRETO - A2 - PRETO,,,,
KEEP_NO_EAN,0126-7748,KIMONO STANDARD INF. BRANCO - BRANCO - M2,,,,
KEEP_NO_EAN,0126-7751,KIMONO STANDARD INF. AZUL - AZUL - M00,,,,
KEEP_NO_EAN,0126-7753,KIMONO STANDARD INF. AZUL - AZUL - M1,,,,
KEEP_NO_EAN,0126-7784,KIMONO CLASSIC - AZUL - A4,,,,
KEEP_NO_EAN,0126-7769,KIMONO U.L SUNSET - BRANCO - A2,,,,
KEEP_NO_EAN,0126-7777,KIMONO CLASSIC - BRANCO - A1,,,,
KEEP_NO_EAN,0126-2907813512028,KIMONO MUNDIAL 10 PRETO - A3 - PRETO,,,,
KEEP_NO_EAN,0126-7785,KIMONO CLASSIC PRETO - PRETO - A1,,,,
KEEP_NO_EAN,0126-7768,KIMONO U.L SUNSET - BRANCO - A1,,,,
KEEP_NO_EAN,0126-7754,KIMONO STANDARD INF. AZUL - AZUL - M2,,,,
KEEP_NO_EAN,0126-7761,KIMONO STANDARD INF. ROSA - ROSA - M4,,,,
KEEP_NO_EAN,0126-7752,KIMONO STANDARD INF. AZUL - AZUL - M0,,,,
KEEP_NO_EAN,0126-7758,KIMONO STANDARD INF. ROSA - ROSA - M1,,,,
KEEP_NO_EAN,0126-7759,KIMONO STANDARD INF. ROSA - ROSA - M2,,,,
KEEP_NO_EAN,0126-7763,KIMONO INF. U.L SUNSET - BRANCO - M2,,,,
KEEP_NO_EAN,0126-2937472013291,KIMONO MUNDIAL 10 PRETO - A4 - PRETO,,,,
KEEP_NO_EAN,0126-7783,KIMONO CLASSIC - AZUL - A3,,,,
KEEP_NO_EAN,0126-7746,KIMONO STANDARD INF. BRANCO - BRANCO - M0,,,,
KEEP_NO_EAN,0126-7782,KIMONO CLASSIC - AZUL - A2,,,,
KEEP_NO_EAN,0126-7766,KIMONO INF. U.L SUNSET - PRETO - M2,,,,
KEEP_NO_EAN,0126-7770,KIMONO U.L SUNSET - BRANCO - A3,,,,
KEEP_NO_EAN,0126-7771,KIMONO U.L SUNSET - BRANCO - A4,,,,
KEEP_NO_EAN,0126-7791,KIMONO MUNDIAL 10 - AZUL - A4,,,,
KEEP_NO_EAN,0126-7779,KIMONO CLASSIC - BRANCO - A3,,,,
KEEP_NO_EAN,0126-7750,KIMONO STANDARD INF. BRANCO - BRANCO - M4,,,,
KEEP_NO_EAN,0126-7762,KIMONO INF. U.L SUNSET - BRANCO - M1,,,,
KEEP_NO_EAN,0126-7776,KIMONO U.L SUNSET - PRETO - A4,,,,
KEEP_NO_EAN,0126-7790,KIMONO MUNDIAL 10 - BRANCO - A3,,,,
ERROR,0126-7909167751226,,,,,
Invalid `prisma.product.delete()` invocation in
C:\Users\sport\TenisCash\scripts\cleanup-meta-esportes-duplicates.js:158:34

  155   }
  156 }
  157 // 4. Deleta o produto meta (ProductSize cai em cascade conforme schema)
→ 158 await prisma.product.delete(
Error occurred during query execution:
ConnectorError(ConnectorError { user_facing_error: None; kind: QueryError(PostgresError { code: "23001"; message: "update or delete on table \"Product\" violates RESTRICT setting of foreign key constraint \"ProductSize_productId_fkey\" on table \"ProductSize\""; severity: "ERROR"; detail: Some("Key (id)=(99a9a9f1-08fb-453e-8df5-a4120ea00b86) is referenced from table \"ProductSize\"."); column: None; hint: None }); transient: false })
ERROR,0126-7909167797422,,,,,
Invalid `prisma.product.delete()` invocation in
C:\Users\sport\TenisCash\scripts\cleanup-meta-esportes-duplicates.js:158:34

  155   }
  156 }
  157 // 4. Deleta o produto meta (ProductSize cai em cascade conforme schema)
→ 158 await prisma.product.delete(
Error occurred during query execution:
ConnectorError(ConnectorError { user_facing_error: None; kind: QueryError(PostgresError { code: "23001"; message: "update or delete on table \"Product\" violates RESTRICT setting of foreign key constraint \"ProductSize_productId_fkey\" on table \"ProductSize\""; severity: "ERROR"; detail: Some("Key (id)=(32114008-08a4-4c76-90f3-321a89267cfb) is referenced from table \"ProductSize\"."); column: None; hint: None }); transient: false })
ERROR,0126-7909167794438,,,,,
Invalid `prisma.product.delete()` invocation in
C:\Users\sport\TenisCash\scripts\cleanup-meta-esportes-duplicates.js:158:34

  155   }
  156 }
  157 // 4. Deleta o produto meta (ProductSize cai em cascade conforme schema)
→ 158 await prisma.product.delete(
Error occurred during query execution:
ConnectorError(ConnectorError { user_facing_error: None; kind: QueryError(PostgresError { code: "23001"; message: "update or delete on table \"Product\" violates RESTRICT setting of foreign key constraint \"ProductSize_productId_fkey\" on table \"ProductSize\""; severity: "ERROR"; detail: Some("Key (id)=(34519919-1e0d-440c-a26d-415b84b11d44) is referenced from table \"ProductSize\"."); column: None; hint: None }); transient: false })
ERROR,0126-7909167797507,,,,,
Invalid `prisma.product.delete()` invocation in
C:\Users\sport\TenisCash\scripts\cleanup-meta-esportes-duplicates.js:158:34

  155   }
  156 }
  157 // 4. Deleta o produto meta (ProductSize cai em cascade conforme schema)
→ 158 await prisma.product.delete(
Error occurred during query execution:
ConnectorError(ConnectorError { user_facing_error: None; kind: QueryError(PostgresError { code: "23001"; message: "update or delete on table \"Product\" violates RESTRICT setting of foreign key constraint \"ProductSize_productId_fkey\" on table \"ProductSize\""; severity: "ERROR"; detail: Some("Key (id)=(b7c99a61-6f05-408f-ad31-944184347d26) is referenced from table \"ProductSize\"."); column: None; hint: None }); transient: false })
KEEP_NO_EAN,0126-7909167764158,NECESSARIE CAJUBRASIL / BEGE CHOCOLATE / U,,,,
KEEP_NO_EAN,0126-7909167751752,CHINELO SLIDE TEXTURIZADO / OFF WHITE / 39-40,,,,
ERROR,0126-7909167797552,,,,,
Invalid `prisma.product.delete()` invocation in
C:\Users\sport\TenisCash\scripts\cleanup-meta-esportes-duplicates.js:158:34

  155   }
  156 }
  157 // 4. Deleta o produto meta (ProductSize cai em cascade conforme schema)
→ 158 await prisma.product.delete(
Error occurred during query execution:
ConnectorError(ConnectorError { user_facing_error: None; kind: QueryError(PostgresError { code: "23001"; message: "update or delete on table \"Product\" violates RESTRICT setting of foreign key constraint \"ProductSize_productId_fkey\" on table \"ProductSize\""; severity: "ERROR"; detail: Some("Key (id)=(e1410129-4b29-4be3-a9cb-0cb65b842903) is referenced from table \"ProductSize\"."); column: None; hint: None }); transient: false })
ERROR,0126-7909167797781,,,,,
Invalid `prisma.product.delete()` invocation in
C:\Users\sport\TenisCash\scripts\cleanup-meta-esportes-duplicates.js:158:34

  155   }
  156 }
  157 // 4. Deleta o produto meta (ProductSize cai em cascade conforme schema)
→ 158 await prisma.product.delete(
Error occurred during query execution:
ConnectorError(ConnectorError { user_facing_error: None; kind: QueryError(PostgresError { code: "23001"; message: "update or delete on table \"Product\" violates RESTRICT setting of foreign key constraint \"ProductSize_productId_fkey\" on table \"ProductSize\""; severity: "ERROR"; detail: Some("Key (id)=(999418d6-d078-47bd-a2a2-9ca20d509101) is referenced from table \"ProductSize\"."); column: None; hint: None }); transient: false })
ERROR,0126-7909167797156,,,,,
Invalid `prisma.product.delete()` invocation in
C:\Users\sport\TenisCash\scripts\cleanup-meta-esportes-duplicates.js:158:34

  155   }
  156 }
  157 // 4. Deleta o produto meta (ProductSize cai em cascade conforme schema)
→ 158 await prisma.product.delete(
Error occurred during query execution:
ConnectorError(ConnectorError { user_facing_error: None; kind: QueryError(PostgresError { code: "23001"; message: "update or delete on table \"Product\" violates RESTRICT setting of foreign key constraint \"ProductSize_productId_fkey\" on table \"ProductSize\""; severity: "ERROR"; detail: Some("Key (id)=(df481c4d-6a3b-4090-8ca6-30937364ebf1) is referenced from table \"ProductSize\"."); column: None; hint: None }); transient: false })
ERROR,0126-7909167708831,,,,,
Invalid `prisma.product.delete()` invocation in
C:\Users\sport\TenisCash\scripts\cleanup-meta-esportes-duplicates.js:158:34

  155   }
  156 }
  157 // 4. Deleta o produto meta (ProductSize cai em cascade conforme schema)
→ 158 await prisma.product.delete(
Error occurred during query execution:
ConnectorError(ConnectorError { user_facing_error: None; kind: QueryError(PostgresError { code: "23001"; message: "update or delete on table \"Product\" violates RESTRICT setting of foreign key constraint \"ProductSize_productId_fkey\" on table \"ProductSize\""; severity: "ERROR"; detail: Some("Key (id)=(c0ed52e4-75eb-401b-b19e-150a8da14555) is referenced from table \"ProductSize\"."); column: None; hint: None }); transient: false })
ERROR,0126-7909167795534,,,,,
Invalid `prisma.nuvemshopProductMapping.delete()` invocation in
C:\Users\sport\TenisCash\scripts\cleanup-meta-esportes-duplicates.js:131:54

  128 if (myMapping) {
  129   const origMapping = await prisma.nuvemshopProductMapping.findUnique({ where: { localProductId: original.id } });
  130   if (origMapping) {
→ 131     await prisma.nuvemshopProductMapping.delete(
An operation failed because it depends on one or more records that were required but not found. Record to delete does not exist.
ERROR,0126-7909167794353,,,,,
Invalid `prisma.product.delete()` invocation in
C:\Users\sport\TenisCash\scripts\cleanup-meta-esportes-duplicates.js:158:34

  155   }
  156 }
  157 // 4. Deleta o produto meta (ProductSize cai em cascade conforme schema)
→ 158 await prisma.product.delete(
Error occurred during query execution:
ConnectorError(ConnectorError { user_facing_error: None; kind: QueryError(PostgresError { code: "23001"; message: "update or delete on table \"Product\" violates RESTRICT setting of foreign key constraint \"ProductSize_productId_fkey\" on table \"ProductSize\""; severity: "ERROR"; detail: Some("Key (id)=(14d041db-b681-400f-8cf1-f029c6e9c5bd) is referenced from table \"ProductSize\"."); column: None; hint: None }); transient: false })
ERROR,0126-7909167795671,,,,,
Invalid `prisma.product.delete()` invocation in
C:\Users\sport\TenisCash\scripts\cleanup-meta-esportes-duplicates.js:158:34

  155   }
  156 }
  157 // 4. Deleta o produto meta (ProductSize cai em cascade conforme schema)
→ 158 await prisma.product.delete(
Error occurred during query execution:
ConnectorError(ConnectorError { user_facing_error: None; kind: QueryError(PostgresError { code: "23001"; message: "update or delete on table \"Product\" violates RESTRICT setting of foreign key constraint \"ProductSize_productId_fkey\" on table \"ProductSize\""; severity: "ERROR"; detail: Some("Key (id)=(5d70f45e-5fe1-4e75-b962-79f63391e711) is referenced from table \"ProductSize\"."); column: None; hint: None }); transient: false })
ERROR,0126-7909167794490,,,,,
Invalid `prisma.nuvemshopProductMapping.delete()` invocation in
C:\Users\sport\TenisCash\scripts\cleanup-meta-esportes-duplicates.js:131:54

  128 if (myMapping) {
  129   const origMapping = await prisma.nuvemshopProductMapping.findUnique({ where: { localProductId: original.id } });
  130   if (origMapping) {
→ 131     await prisma.nuvemshopProductMapping.delete(
An operation failed because it depends on one or more records that were required but not found. Record to delete does not exist.
KEEP_NO_EAN,0126-7909167783067,TOALHA CAJUBRASIL- KIT COM 2 / MULTICORES/01 / U,,,,
ERROR,0126-7909167796234,,,,,
Invalid `prisma.product.delete()` invocation in
C:\Users\sport\TenisCash\scripts\cleanup-meta-esportes-duplicates.js:158:34

  155   }
  156 }
  157 // 4. Deleta o produto meta (ProductSize cai em cascade conforme schema)
→ 158 await prisma.product.delete(
Error occurred during query execution:
ConnectorError(ConnectorError { user_facing_error: None; kind: QueryError(PostgresError { code: "23001"; message: "update or delete on table \"Product\" violates RESTRICT setting of foreign key constraint \"ProductSize_productId_fkey\" on table \"ProductSize\""; severity: "ERROR"; detail: Some("Key (id)=(770198f1-7b2b-431a-9836-53fc700aca9f) is referenced from table \"ProductSize\"."); column: None; hint: None }); transient: false })
KEEP_NO_EAN,0126-7909167716867,MEIA MICROFIBRA - KIT COM 3 - 34 AO 39 / MULTICORES/01 / U,,,,
ERROR,0126-7909167797934,,,,,
Invalid `prisma.product.delete()` invocation in
C:\Users\sport\TenisCash\scripts\cleanup-meta-esportes-duplicates.js:158:34

  155   }
  156 }
  157 // 4. Deleta o produto meta (ProductSize cai em cascade conforme schema)
→ 158 await prisma.product.delete(
Error occurred during query execution:
ConnectorError(ConnectorError { user_facing_error: None; kind: QueryError(PostgresError { code: "23001"; message: "update or delete on table \"Product\" violates RESTRICT setting of foreign key constraint \"ProductSize_productId_fkey\" on table \"ProductSize\""; severity: "ERROR"; detail: Some("Key (id)=(762396b6-d7b8-49a0-a6d1-44fc51c7f40a) is referenced from table \"ProductSize\"."); column: None; hint: None }); transient: false })
KEEP_NO_EAN,0126-7909167710056,ESSENCIA CAJUBRASIL / MULTICORES/01 / U,,,,
ERROR,0126-7909167789724,,,,,
Invalid `prisma.product.delete()` invocation in
C:\Users\sport\TenisCash\scripts\cleanup-meta-esportes-duplicates.js:158:34

  155   }
  156 }
  157 // 4. Deleta o produto meta (ProductSize cai em cascade conforme schema)
→ 158 await prisma.product.delete(
Error occurred during query execution:
ConnectorError(ConnectorError { user_facing_error: None; kind: QueryError(PostgresError { code: "23001"; message: "update or delete on table \"Product\" violates RESTRICT setting of foreign key constraint \"ProductSize_productId_fkey\" on table \"ProductSize\""; severity: "ERROR"; detail: Some("Key (id)=(d45902de-fa07-497a-9cbc-bc5f18bb0d9a) is referenced from table \"ProductSize\"."); column: None; hint: None }); transient: false })
KEEP_NO_EAN,0126-7909167753350,BONE CASUAL CAJUBRASIL / OFF WHITE / U,,,,
ERROR,0126-7909167793134,,,,,
Invalid `prisma.product.delete()` invocation in
C:\Users\sport\TenisCash\scripts\cleanup-meta-esportes-duplicates.js:158:34

  155   }
  156 }
  157 // 4. Deleta o produto meta (ProductSize cai em cascade conforme schema)
→ 158 await prisma.product.delete(
Error occurred during query execution:
ConnectorError(ConnectorError { user_facing_error: None; kind: QueryError(PostgresError { code: "23001"; message: "update or delete on table \"Product\" violates RESTRICT setting of foreign key constraint \"ProductSize_productId_fkey\" on table \"ProductSize\""; severity: "ERROR"; detail: Some("Key (id)=(ee92d226-01cd-4b29-9229-2188380022cd) is referenced from table \"ProductSize\"."); column: None; hint: None }); transient: false })
ERROR,0126-7909167794339,,,,,
Invalid `prisma.product.delete()` invocation in
C:\Users\sport\TenisCash\scripts\cleanup-meta-esportes-duplicates.js:158:34

  155   }
  156 }
  157 // 4. Deleta o produto meta (ProductSize cai em cascade conforme schema)
→ 158 await prisma.product.delete(
Error occurred during query execution:
ConnectorError(ConnectorError { user_facing_error: None; kind: QueryError(PostgresError { code: "23001"; message: "update or delete on table \"Product\" violates RESTRICT setting of foreign key constraint \"ProductSize_productId_fkey\" on table \"ProductSize\""; severity: "ERROR"; detail: Some("Key (id)=(c8d30882-69b8-4280-8107-d9e273d5dfda) is referenced from table \"ProductSize\"."); column: None; hint: None }); transient: false })
ERROR,0126-7909167766299,,,,,
Invalid `prisma.nuvemshopProductMapping.delete()` invocation in
C:\Users\sport\TenisCash\scripts\cleanup-meta-esportes-duplicates.js:131:54

  128 if (myMapping) {
  129   const origMapping = await prisma.nuvemshopProductMapping.findUnique({ where: { localProductId: original.id } });
  130   if (origMapping) {
→ 131     await prisma.nuvemshopProductMapping.delete(
An operation failed because it depends on one or more records that were required but not found. Record to delete does not exist.
KEEP_NO_EAN,0126-7909167754371,MEIA CANO MEDIO CAJUBRASIL - KIT COM 3 - 34 AO 39 / MULTICORES/01 / U,,,,
KEEP_NO_EAN,0126-7909167763991,BOLSA TERMICA CAJUBRASIL / PRETO / U,,,,
ERROR,0126-7909167796296,,,,,
Invalid `prisma.nuvemshopProductMapping.delete()` invocation in
C:\Users\sport\TenisCash\scripts\cleanup-meta-esportes-duplicates.js:131:54

  128 if (myMapping) {
  129   const origMapping = await prisma.nuvemshopProductMapping.findUnique({ where: { localProductId: original.id } });
  130   if (origMapping) {
→ 131     await prisma.nuvemshopProductMapping.delete(
An operation failed because it depends on one or more records that were required but not found. Record to delete does not exist.
KEEP_NO_EAN,0126-7909167782787,GARRAFA TERMICA COM INFUSOR DE BEBIDAS / VERMELHO DIVINO / U,,,,
ERROR,0126-7909167795909,,,,,
Invalid `prisma.product.delete()` invocation in
C:\Users\sport\TenisCash\scripts\cleanup-meta-esportes-duplicates.js:158:34

  155   }
  156 }
  157 // 4. Deleta o produto meta (ProductSize cai em cascade conforme schema)
→ 158 await prisma.product.delete(
Error occurred during query execution:
ConnectorError(ConnectorError { user_facing_error: None; kind: QueryError(PostgresError { code: "23001"; message: "update or delete on table \"Product\" violates RESTRICT setting of foreign key constraint \"ProductSize_productId_fkey\" on table \"ProductSize\""; severity: "ERROR"; detail: Some("Key (id)=(21a44d19-d3e7-42cb-ae85-eb29e15954c9) is referenced from table \"ProductSize\"."); column: None; hint: None }); transient: false })
ERROR,0126-7909167793912,,,,,
Invalid `prisma.product.delete()` invocation in
C:\Users\sport\TenisCash\scripts\cleanup-meta-esportes-duplicates.js:158:34

  155   }
  156 }
  157 // 4. Deleta o produto meta (ProductSize cai em cascade conforme schema)
→ 158 await prisma.product.delete(
Error occurred during query execution:
ConnectorError(ConnectorError { user_facing_error: None; kind: QueryError(PostgresError { code: "23001"; message: "update or delete on table \"Product\" violates RESTRICT setting of foreign key constraint \"ProductSize_productId_fkey\" on table \"ProductSize\""; severity: "ERROR"; detail: Some("Key (id)=(60fca648-4ebc-41c8-9f49-fa3b768ed7b3) is referenced from table \"ProductSize\"."); column: None; hint: None }); transient: false })
ERROR,0126-7909167793738,,,,,
Invalid `prisma.nuvemshopProductMapping.delete()` invocation in
C:\Users\sport\TenisCash\scripts\cleanup-meta-esportes-duplicates.js:131:54

  128 if (myMapping) {
  129   const origMapping = await prisma.nuvemshopProductMapping.findUnique({ where: { localProductId: original.id } });
  130   if (origMapping) {
→ 131     await prisma.nuvemshopProductMapping.delete(
An operation failed because it depends on one or more records that were required but not found. Record to delete does not exist.
ERROR,0126-7909167793509,,,,,
Invalid `prisma.product.delete()` invocation in
C:\Users\sport\TenisCash\scripts\cleanup-meta-esportes-duplicates.js:158:34

  155   }
  156 }
  157 // 4. Deleta o produto meta (ProductSize cai em cascade conforme schema)
→ 158 await prisma.product.delete(
Error occurred during query execution:
ConnectorError(ConnectorError { user_facing_error: None; kind: QueryError(PostgresError { code: "23001"; message: "update or delete on table \"Product\" violates RESTRICT setting of foreign key constraint \"ProductSize_productId_fkey\" on table \"ProductSize\""; severity: "ERROR"; detail: Some("Key (id)=(de211c6d-3861-48e2-8f60-1956a4f9722b) is referenced from table \"ProductSize\"."); column: None; hint: None }); transient: false })
ERROR,0126-7909167795473,,,,,
Invalid `prisma.nuvemshopProductMapping.delete()` invocation in
C:\Users\sport\TenisCash\scripts\cleanup-meta-esportes-duplicates.js:131:54

  128 if (myMapping) {
  129   const origMapping = await prisma.nuvemshopProductMapping.findUnique({ where: { localProductId: original.id } });
  130   if (origMapping) {
→ 131     await prisma.nuvemshopProductMapping.delete(
An operation failed because it depends on one or more records that were required but not found. Record to delete does not exist.
ERROR,0126-7909167795954,,,,,
Invalid `prisma.product.delete()` invocation in
C:\Users\sport\TenisCash\scripts\cleanup-meta-esportes-duplicates.js:158:34

  155   }
  156 }
  157 // 4. Deleta o produto meta (ProductSize cai em cascade conforme schema)
→ 158 await prisma.product.delete(
Error occurred during query execution:
ConnectorError(ConnectorError { user_facing_error: None; kind: QueryError(PostgresError { code: "23001"; message: "update or delete on table \"Product\" violates RESTRICT setting of foreign key constraint \"ProductSize_productId_fkey\" on table \"ProductSize\""; severity: "ERROR"; detail: Some("Key (id)=(e75668ad-1da7-4f9e-ab52-2d8beb9c08e9) is referenced from table \"ProductSize\"."); column: None; hint: None }); transient: false })
ERROR,0126-7909167765964,,,,,
Invalid `prisma.product.delete()` invocation in
C:\Users\sport\TenisCash\scripts\cleanup-meta-esportes-duplicates.js:158:34

  155   }
  156 }
  157 // 4. Deleta o produto meta (ProductSize cai em cascade conforme schema)
→ 158 await prisma.product.delete(
Error occurred during query execution:
ConnectorError(ConnectorError { user_facing_error: None; kind: QueryError(PostgresError { code: "23001"; message: "update or delete on table \"Product\" violates RESTRICT setting of foreign key constraint \"ProductSize_productId_fkey\" on table \"ProductSize\""; severity: "ERROR"; detail: Some("Key (id)=(2a7a5e8d-dffc-4394-b4af-502f27b18f12) is referenced from table \"ProductSize\"."); column: None; hint: None }); transient: false })
KEEP_NO_EAN,0126-7909167783050,MEIA CANO MEDIO - KIT COM 2 - TAM 34 AO 39 / MULTICORES/01 / U,,,,
ERROR,0126-7909167795442,,,,,
Invalid `prisma.product.delete()` invocation in
C:\Users\sport\TenisCash\scripts\cleanup-meta-esportes-duplicates.js:158:34

  155   }
  156 }
  157 // 4. Deleta o produto meta (ProductSize cai em cascade conforme schema)
→ 158 await prisma.product.delete(
Error occurred during query execution:
ConnectorError(ConnectorError { user_facing_error: None; kind: QueryError(PostgresError { code: "23001"; message: "update or delete on table \"Product\" violates RESTRICT setting of foreign key constraint \"ProductSize_productId_fkey\" on table \"ProductSize\""; severity: "ERROR"; detail: Some("Key (id)=(cba92c45-31b6-4933-89a7-06ed18825724) is referenced from table \"ProductSize\"."); column: None; hint: None }); transient: false })
ERROR,0126-7909167763960,,,,,
Invalid `prisma.nuvemshopProductMapping.update()` invocation in
C:\Users\sport\TenisCash\scripts\cleanup-meta-esportes-duplicates.js:133:48

  130 if (origMapping) {
  131   await prisma.nuvemshopProductMapping.delete({ where: { id: myMapping.id } });
  132 } else {
→ 133   await prisma.nuvemshopProductMapping.update(
An operation failed because it depends on one or more records that were required but not found. Record to update not found.
ERROR,0126-7909167795862,,,,,
Invalid `prisma.product.delete()` invocation in
C:\Users\sport\TenisCash\scripts\cleanup-meta-esportes-duplicates.js:158:34

  155   }
  156 }
  157 // 4. Deleta o produto meta (ProductSize cai em cascade conforme schema)
→ 158 await prisma.product.delete(
Error occurred during query execution:
ConnectorError(ConnectorError { user_facing_error: None; kind: QueryError(PostgresError { code: "23001"; message: "update or delete on table \"Product\" violates RESTRICT setting of foreign key constraint \"ProductSize_productId_fkey\" on table \"ProductSize\""; severity: "ERROR"; detail: Some("Key (id)=(6457d548-c839-475e-962d-892b64d0ee35) is referenced from table \"ProductSize\"."); column: None; hint: None }); transient: false })
ERROR,0126-7909167796166,,,,,
Invalid `prisma.product.delete()` invocation in
C:\Users\sport\TenisCash\scripts\cleanup-meta-esportes-duplicates.js:158:34

  155   }
  156 }
  157 // 4. Deleta o produto meta (ProductSize cai em cascade conforme schema)
→ 158 await prisma.product.delete(
Error occurred during query execution:
ConnectorError(ConnectorError { user_facing_error: None; kind: QueryError(PostgresError { code: "23001"; message: "update or delete on table \"Product\" violates RESTRICT setting of foreign key constraint \"ProductSize_productId_fkey\" on table \"ProductSize\""; severity: "ERROR"; detail: Some("Key (id)=(6743c570-239e-4a8c-ac51-05278a256124) is referenced from table \"ProductSize\"."); column: None; hint: None }); transient: false })
ERROR,0126-7909167796371,,,,,
Invalid `prisma.product.delete()` invocation in
C:\Users\sport\TenisCash\scripts\cleanup-meta-esportes-duplicates.js:158:34

  155   }
  156 }
  157 // 4. Deleta o produto meta (ProductSize cai em cascade conforme schema)
→ 158 await prisma.product.delete(
Error occurred during query execution:
ConnectorError(ConnectorError { user_facing_error: None; kind: QueryError(PostgresError { code: "23001"; message: "update or delete on table \"Product\" violates RESTRICT setting of foreign key constraint \"ProductSize_productId_fkey\" on table \"ProductSize\""; severity: "ERROR"; detail: Some("Key (id)=(2f24048a-2aac-4ff9-9d4d-460e3e7099b5) is referenced from table \"ProductSize\"."); column: None; hint: None }); transient: false })
ERROR,0126-7909167793325,,,,,
Invalid `prisma.product.delete()` invocation in
C:\Users\sport\TenisCash\scripts\cleanup-meta-esportes-duplicates.js:158:34

  155   }
  156 }
  157 // 4. Deleta o produto meta (ProductSize cai em cascade conforme schema)
→ 158 await prisma.product.delete(
Error occurred during query execution:
ConnectorError(ConnectorError { user_facing_error: None; kind: QueryError(PostgresError { code: "23001"; message: "update or delete on table \"Product\" violates RESTRICT setting of foreign key constraint \"ProductSize_productId_fkey\" on table \"ProductSize\""; severity: "ERROR"; detail: Some("Key (id)=(45a9acc2-1cd1-4e1f-a4b2-bad96a8dcbc1) is referenced from table \"ProductSize\"."); column: None; hint: None }); transient: false })
KEEP_NO_EAN,0126-7909167754296,VISEIRA COM REGULAGEM CAJUBRASIL / PRETO / U,,,,
ERROR,0126-7909167796685,,,,,
Invalid `prisma.product.delete()` invocation in
C:\Users\sport\TenisCash\scripts\cleanup-meta-esportes-duplicates.js:158:34

  155   }
  156 }
  157 // 4. Deleta o produto meta (ProductSize cai em cascade conforme schema)
→ 158 await prisma.product.delete(
Error occurred during query execution:
ConnectorError(ConnectorError { user_facing_error: None; kind: QueryError(PostgresError { code: "23001"; message: "update or delete on table \"Product\" violates RESTRICT setting of foreign key constraint \"ProductSize_productId_fkey\" on table \"ProductSize\""; severity: "ERROR"; detail: Some("Key (id)=(807211bc-3ec8-4893-a841-826387ebd1dc) is referenced from table \"ProductSize\"."); column: None; hint: None }); transient: false })
KEEP_NO_EAN,0126-7909167754333,VISEIRA COM REGULAGEM CAJUBRASIL / BEGE CHOCOLATE / U,,,,
ERROR,0126-7909167795831,,,,,
Invalid `prisma.product.delete()` invocation in
C:\Users\sport\TenisCash\scripts\cleanup-meta-esportes-duplicates.js:158:34

  155   }
  156 }
  157 // 4. Deleta o produto meta (ProductSize cai em cascade conforme schema)
→ 158 await prisma.product.delete(
Error occurred during query execution:
ConnectorError(ConnectorError { user_facing_error: None; kind: QueryError(PostgresError { code: "23001"; message: "update or delete on table \"Product\" violates RESTRICT setting of foreign key constraint \"ProductSize_productId_fkey\" on table \"ProductSize\""; severity: "ERROR"; detail: Some("Key (id)=(595679cb-a85d-4dc0-b01d-2ed1d17715a0) is referenced from table \"ProductSize\"."); column: None; hint: None }); transient: false })
ERROR,0126-7909167794919,,,,,
Invalid `prisma.product.delete()` invocation in
C:\Users\sport\TenisCash\scripts\cleanup-meta-esportes-duplicates.js:158:34

  155   }
  156 }
  157 // 4. Deleta o produto meta (ProductSize cai em cascade conforme schema)
→ 158 await prisma.product.delete(
Error occurred during query execution:
ConnectorError(ConnectorError { user_facing_error: None; kind: QueryError(PostgresError { code: "23001"; message: "update or delete on table \"Product\" violates RESTRICT setting of foreign key constraint \"ProductSize_productId_fkey\" on table \"ProductSize\""; severity: "ERROR"; detail: Some("Key (id)=(ea976856-c7d1-4040-9f96-f0b4ebed030a) is referenced from table \"ProductSize\"."); column: None; hint: None }); transient: false })
KEEP_NO_EAN,0126-7909167783043,MEIA CANO CURTO DE ALGODAO - KIT COM 3 - 34 AO 39 / MULTICORES/01 / U,,,,
ERROR,0126-7909167796104,,,,,
Invalid `prisma.product.delete()` invocation in
C:\Users\sport\TenisCash\scripts\cleanup-meta-esportes-duplicates.js:158:34

  155   }
  156 }
  157 // 4. Deleta o produto meta (ProductSize cai em cascade conforme schema)
→ 158 await prisma.product.delete(
Error occurred during query execution:
ConnectorError(ConnectorError { user_facing_error: None; kind: QueryError(PostgresError { code: "23001"; message: "update or delete on table \"Product\" violates RESTRICT setting of foreign key constraint \"ProductSize_productId_fkey\" on table \"ProductSize\""; severity: "ERROR"; detail: Some("Key (id)=(fa5b6ca0-b3c3-4165-adea-b8c84dbea333) is referenced from table \"ProductSize\"."); column: None; hint: None }); transient: false })
ERROR,0126-7909167796272,,,,,
Invalid `prisma.product.delete()` invocation in
C:\Users\sport\TenisCash\scripts\cleanup-meta-esportes-duplicates.js:158:34

  155   }
  156 }
  157 // 4. Deleta o produto meta (ProductSize cai em cascade conforme schema)
→ 158 await prisma.product.delete(
Error occurred during query execution:
ConnectorError(ConnectorError { user_facing_error: None; kind: QueryError(PostgresError { code: "23001"; message: "update or delete on table \"Product\" violates RESTRICT setting of foreign key constraint \"ProductSize_productId_fkey\" on table \"ProductSize\""; severity: "ERROR"; detail: Some("Key (id)=(345b1c2f-f264-44be-892c-5c4a2ff3926b) is referenced from table \"ProductSize\"."); column: None; hint: None }); transient: false })
ERROR,0126-7909167793677,,,,,
Invalid `prisma.product.delete()` invocation in
C:\Users\sport\TenisCash\scripts\cleanup-meta-esportes-duplicates.js:158:34

  155   }
  156 }
  157 // 4. Deleta o produto meta (ProductSize cai em cascade conforme schema)
→ 158 await prisma.product.delete(
Error occurred during query execution:
ConnectorError(ConnectorError { user_facing_error: None; kind: QueryError(PostgresError { code: "23001"; message: "update or delete on table \"Product\" violates RESTRICT setting of foreign key constraint \"ProductSize_productId_fkey\" on table \"ProductSize\""; severity: "ERROR"; detail: Some("Key (id)=(d800c6ac-9213-40db-8e3b-6f9459e17ade) is referenced from table \"ProductSize\"."); column: None; hint: None }); transient: false })
ERROR,0126-7909167794858,,,,,
Invalid `prisma.product.delete()` invocation in
C:\Users\sport\TenisCash\scripts\cleanup-meta-esportes-duplicates.js:158:34

  155   }
  156 }
  157 // 4. Deleta o produto meta (ProductSize cai em cascade conforme schema)
→ 158 await prisma.product.delete(
Error occurred during query execution:
ConnectorError(ConnectorError { user_facing_error: None; kind: QueryError(PostgresError { code: "23001"; message: "update or delete on table \"Product\" violates RESTRICT setting of foreign key constraint \"ProductSize_productId_fkey\" on table \"ProductSize\""; severity: "ERROR"; detail: Some("Key (id)=(a622344e-4972-4030-8672-6641ad155bac) is referenced from table \"ProductSize\"."); column: None; hint: None }); transient: false })
KEEP_NO_EAN,0126-7909167737893,BOLSA TIRACOLO ESPORTE / PRETO / U,,,,
KEEP_UNIQUE_EAN,0126-7909167797743,SHORT ESSENCIAL / OFF WHITE /,7909167797743,,,
KEEP_NO_EAN,0126-7909167737855,GARRAFA TERMICA COM INFUSOR DE BEBIDAS / OFF WHITE / U,,,,
ERROR,0126-7909167795930,,,,,
Invalid `prisma.product.delete()` invocation in
C:\Users\sport\TenisCash\scripts\cleanup-meta-esportes-duplicates.js:158:34

  155   }
  156 }
  157 // 4. Deleta o produto meta (ProductSize cai em cascade conforme schema)
→ 158 await prisma.product.delete(
Error occurred during query execution:
ConnectorError(ConnectorError { user_facing_error: None; kind: QueryError(PostgresError { code: "23001"; message: "update or delete on table \"Product\" violates RESTRICT setting of foreign key constraint \"ProductSize_productId_fkey\" on table \"ProductSize\""; severity: "ERROR"; detail: Some("Key (id)=(f7076f37-4be8-4a05-ac33-5f794518c17d) is referenced from table \"ProductSize\"."); column: None; hint: None }); transient: false })
ERROR,0126-7909167794278,,,,,
Invalid `prisma.nuvemshopProductMapping.delete()` invocation in
C:\Users\sport\TenisCash\scripts\cleanup-meta-esportes-duplicates.js:131:54

  128 if (myMapping) {
  129   const origMapping = await prisma.nuvemshopProductMapping.findUnique({ where: { localProductId: original.id } });
  130   if (origMapping) {
→ 131     await prisma.nuvemshopProductMapping.delete(
An operation failed because it depends on one or more records that were required but not found. Record to delete does not exist.
ERROR,0126-7909167797057,,,,,
Invalid `prisma.product.delete()` invocation in
C:\Users\sport\TenisCash\scripts\cleanup-meta-esportes-duplicates.js:158:34

  155   }
  156 }
  157 // 4. Deleta o produto meta (ProductSize cai em cascade conforme schema)
→ 158 await prisma.product.delete(
Error occurred during query execution:
ConnectorError(ConnectorError { user_facing_error: None; kind: QueryError(PostgresError { code: "23001"; message: "update or delete on table \"Product\" violates RESTRICT setting of foreign key constraint \"ProductSize_productId_fkey\" on table \"ProductSize\""; severity: "ERROR"; detail: Some("Key (id)=(463ca5b4-5613-40f6-b27f-f2ace3921d2e) is referenced from table \"ProductSize\"."); column: None; hint: None }); transient: false })
ERROR,0126-7909167794308,,,,,
Invalid `prisma.product.delete()` invocation in
C:\Users\sport\TenisCash\scripts\cleanup-meta-esportes-duplicates.js:158:34

  155   }
  156 }
  157 // 4. Deleta o produto meta (ProductSize cai em cascade conforme schema)
→ 158 await prisma.product.delete(
Error occurred during query execution:
ConnectorError(ConnectorError { user_facing_error: None; kind: QueryError(PostgresError { code: "23001"; message: "update or delete on table \"Product\" violates RESTRICT setting of foreign key constraint \"ProductSize_productId_fkey\" on table \"ProductSize\""; severity: "ERROR"; detail: Some("Key (id)=(2f8a5635-b334-42c0-87a5-46db558b2259) is referenced from table \"ProductSize\"."); column: None; hint: None }); transient: false })
ERROR,0126-7909167794179,,,,,
Invalid `prisma.product.delete()` invocation in
C:\Users\sport\TenisCash\scripts\cleanup-meta-esportes-duplicates.js:158:34

  155   }
  156 }
  157 // 4. Deleta o produto meta (ProductSize cai em cascade conforme schema)
→ 158 await prisma.product.delete(
Error occurred during query execution:
ConnectorError(ConnectorError { user_facing_error: None; kind: QueryError(PostgresError { code: "23001"; message: "update or delete on table \"Product\" violates RESTRICT setting of foreign key constraint \"ProductSize_productId_fkey\" on table \"ProductSize\""; severity: "ERROR"; detail: Some("Key (id)=(ff479e6c-7f00-422c-8ad2-e292ebb87190) is referenced from table \"ProductSize\"."); column: None; hint: None }); transient: false })
KEEP_NO_EAN,0126-7909167753367,BONE CASUAL CAJUBRASIL / MARROM CONHAQUE / U,,,,
ERROR,0126-7909167793431,,,,,
Invalid `prisma.product.delete()` invocation in
C:\Users\sport\TenisCash\scripts\cleanup-meta-esportes-duplicates.js:158:34

  155   }
  156 }
  157 // 4. Deleta o produto meta (ProductSize cai em cascade conforme schema)
→ 158 await prisma.product.delete(
Error occurred during query execution:
ConnectorError(ConnectorError { user_facing_error: None; kind: QueryError(PostgresError { code: "23001"; message: "update or delete on table \"Product\" violates RESTRICT setting of foreign key constraint \"ProductSize_productId_fkey\" on table \"ProductSize\""; severity: "ERROR"; detail: Some("Key (id)=(3eb6c869-ec4d-46eb-a8a1-40012cc61119) is referenced from table \"ProductSize\"."); column: None; hint: None }); transient: false })
ERROR,0126-7909167794155,,,,,
Invalid `prisma.product.delete()` invocation in
C:\Users\sport\TenisCash\scripts\cleanup-meta-esportes-duplicates.js:158:34

  155   }
  156 }
  157 // 4. Deleta o produto meta (ProductSize cai em cascade conforme schema)
→ 158 await prisma.product.delete(
Error occurred during query execution:
ConnectorError(ConnectorError { user_facing_error: None; kind: QueryError(PostgresError { code: "23001"; message: "update or delete on table \"Product\" violates RESTRICT setting of foreign key constraint \"ProductSize_productId_fkey\" on table \"ProductSize\""; severity: "ERROR"; detail: Some("Key (id)=(b34628d7-b411-4c57-9c8f-8509941c6d97) is referenced from table \"ProductSize\"."); column: None; hint: None }); transient: false })
KEEP_NO_EAN,0126-7909167753374,BONE CASUAL CAJUBRASIL / PRETO / U,,,,
KEEP_NO_EAN,0126-7909167763984,BOLSA TIRACOLO ESPORTE / BEGE CHOCOLATE / U,,,,
ERROR,0126-7909167796333,,,,,
Invalid `prisma.product.delete()` invocation in
C:\Users\sport\TenisCash\scripts\cleanup-meta-esportes-duplicates.js:158:34

  155   }
  156 }
  157 // 4. Deleta o produto meta (ProductSize cai em cascade conforme schema)
→ 158 await prisma.product.delete(
Error occurred during query execution:
ConnectorError(ConnectorError { user_facing_error: None; kind: QueryError(PostgresError { code: "23001"; message: "update or delete on table \"Product\" violates RESTRICT setting of foreign key constraint \"ProductSize_productId_fkey\" on table \"ProductSize\""; severity: "ERROR"; detail: Some("Key (id)=(f3af3b1e-392f-4b73-ad18-9b90d80f2a5a) is referenced from table \"ProductSize\"."); column: None; hint: None }); transient: false })
ERROR,0126-7909167795596,,,,,
Invalid `prisma.nuvemshopProductMapping.update()` invocation in
C:\Users\sport\TenisCash\scripts\cleanup-meta-esportes-duplicates.js:133:48

  130 if (origMapping) {
  131   await prisma.nuvemshopProductMapping.delete({ where: { id: myMapping.id } });
  132 } else {
→ 133   await prisma.nuvemshopProductMapping.update(
An operation failed because it depends on one or more records that were required but not found. Record to update not found.
ERROR,0126-7909167795800,,,,,
Invalid `prisma.product.delete()` invocation in
C:\Users\sport\TenisCash\scripts\cleanup-meta-esportes-duplicates.js:158:34

  155   }
  156 }
  157 // 4. Deleta o produto meta (ProductSize cai em cascade conforme schema)
→ 158 await prisma.product.delete(
Error occurred during query execution:
ConnectorError(ConnectorError { user_facing_error: None; kind: QueryError(PostgresError { code: "23001"; message: "update or delete on table \"Product\" violates RESTRICT setting of foreign key constraint \"ProductSize_productId_fkey\" on table \"ProductSize\""; severity: "ERROR"; detail: Some("Key (id)=(89255e50-63c3-46f9-9732-5986d16ded20) is referenced from table \"ProductSize\"."); column: None; hint: None }); transient: false })
ERROR,0126-7909167796999,,,,,
Invalid `prisma.product.delete()` invocation in
C:\Users\sport\TenisCash\scripts\cleanup-meta-esportes-duplicates.js:158:34

  155   }
  156 }
  157 // 4. Deleta o produto meta (ProductSize cai em cascade conforme schema)
→ 158 await prisma.product.delete(
Error occurred during query execution:
ConnectorError(ConnectorError { user_facing_error: None; kind: QueryError(PostgresError { code: "23001"; message: "update or delete on table \"Product\" violates RESTRICT setting of foreign key constraint \"ProductSize_productId_fkey\" on table \"ProductSize\""; severity: "ERROR"; detail: Some("Key (id)=(21ba9ac9-4f4e-4413-b7e4-240cdf7cc21a) is referenced from table \"ProductSize\"."); column: None; hint: None }); transient: false })
ERROR,0126-7909167796418,,,,,
Invalid `prisma.product.delete()` invocation in
C:\Users\sport\TenisCash\scripts\cleanup-meta-esportes-duplicates.js:158:34

  155   }
  156 }
  157 // 4. Deleta o produto meta (ProductSize cai em cascade conforme schema)
→ 158 await prisma.product.delete(
Error occurred during query execution:
ConnectorError(ConnectorError { user_facing_error: None; kind: QueryError(PostgresError { code: "23001"; message: "update or delete on table \"Product\" violates RESTRICT setting of foreign key constraint \"ProductSize_productId_fkey\" on table \"ProductSize\""; severity: "ERROR"; detail: Some("Key (id)=(fc220450-e3cb-43e4-b777-2e0d51bdfef9) is referenced from table \"ProductSize\"."); column: None; hint: None }); transient: false })
ERROR,0126-7909167797187,,,,,
Invalid `prisma.product.delete()` invocation in
C:\Users\sport\TenisCash\scripts\cleanup-meta-esportes-duplicates.js:158:34

  155   }
  156 }
  157 // 4. Deleta o produto meta (ProductSize cai em cascade conforme schema)
→ 158 await prisma.product.delete(
Error occurred during query execution:
ConnectorError(ConnectorError { user_facing_error: None; kind: QueryError(PostgresError { code: "23001"; message: "update or delete on table \"Product\" violates RESTRICT setting of foreign key constraint \"ProductSize_productId_fkey\" on table \"ProductSize\""; severity: "ERROR"; detail: Some("Key (id)=(8ba2233e-1a11-477c-915e-23ea63218390) is referenced from table \"ProductSize\"."); column: None; hint: None }); transient: false })
ERROR,0126-7909167708886,,,,,
Invalid `prisma.product.delete()` invocation in
C:\Users\sport\TenisCash\scripts\cleanup-meta-esportes-duplicates.js:158:34

  155   }
  156 }
  157 // 4. Deleta o produto meta (ProductSize cai em cascade conforme schema)
→ 158 await prisma.product.delete(
Error occurred during query execution:
ConnectorError(ConnectorError { user_facing_error: None; kind: QueryError(PostgresError { code: "23001"; message: "update or delete on table \"Product\" violates RESTRICT setting of foreign key constraint \"ProductSize_productId_fkey\" on table \"ProductSize\""; severity: "ERROR"; detail: Some("Key (id)=(f2af6430-adb9-4501-95ec-535bf7b95988) is referenced from table \"ProductSize\"."); column: None; hint: None }); transient: false })
ERROR,0126-7909167793110,,,,,
Invalid `prisma.nuvemshopProductMapping.delete()` invocation in
C:\Users\sport\TenisCash\scripts\cleanup-meta-esportes-duplicates.js:131:54

  128 if (myMapping) {
  129   const origMapping = await prisma.nuvemshopProductMapping.findUnique({ where: { localProductId: original.id } });
  130   if (origMapping) {
→ 131     await prisma.nuvemshopProductMapping.delete(
An operation failed because it depends on one or more records that were required but not found. Record to delete does not exist.
ERROR,0126-7909167787447,,,,,
Invalid `prisma.nuvemshopProductMapping.delete()` invocation in
C:\Users\sport\TenisCash\scripts\cleanup-meta-esportes-duplicates.js:131:54

  128 if (myMapping) {
  129   const origMapping = await prisma.nuvemshopProductMapping.findUnique({ where: { localProductId: original.id } });
  130   if (origMapping) {
→ 131     await prisma.nuvemshopProductMapping.delete(
An operation failed because it depends on one or more records that were required but not found. Record to delete does not exist.
KEEP_NO_EAN,0126-7909167751738,CHINELO SLIDE TEXTURIZADO / OFF WHITE / 35-36,,,,
ERROR,0126-7909167797262,,,,,
Invalid `prisma.product.delete()` invocation in
C:\Users\sport\TenisCash\scripts\cleanup-meta-esportes-duplicates.js:158:34

  155   }
  156 }
  157 // 4. Deleta o produto meta (ProductSize cai em cascade conforme schema)
→ 158 await prisma.product.delete(
Error occurred during query execution:
ConnectorError(ConnectorError { user_facing_error: None; kind: QueryError(PostgresError { code: "23001"; message: "update or delete on table \"Product\" violates RESTRICT setting of foreign key constraint \"ProductSize_productId_fkey\" on table \"ProductSize\""; severity: "ERROR"; detail: Some("Key (id)=(d8b840c5-bf08-4bee-bd21-8880acb5d492) is referenced from table \"ProductSize\"."); column: None; hint: None }); transient: false })
ERROR,0126-7909167796616,,,,,
Invalid `prisma.product.delete()` invocation in
C:\Users\sport\TenisCash\scripts\cleanup-meta-esportes-duplicates.js:158:34

  155   }
  156 }
  157 // 4. Deleta o produto meta (ProductSize cai em cascade conforme schema)
→ 158 await prisma.product.delete(
Error occurred during query execution:
ConnectorError(ConnectorError { user_facing_error: None; kind: QueryError(PostgresError { code: "23001"; message: "update or delete on table \"Product\" violates RESTRICT setting of foreign key constraint \"ProductSize_productId_fkey\" on table \"ProductSize\""; severity: "ERROR"; detail: Some("Key (id)=(4bb9337b-7c9a-4998-b9f8-cc5e27f8e885) is referenced from table \"ProductSize\"."); column: None; hint: None }); transient: false })
ERROR,0126-7909167796005,,,,,
Invalid `prisma.product.delete()` invocation in
C:\Users\sport\TenisCash\scripts\cleanup-meta-esportes-duplicates.js:158:34

  155   }
  156 }
  157 // 4. Deleta o produto meta (ProductSize cai em cascade conforme schema)
→ 158 await prisma.product.delete(
Error occurred during query execution:
ConnectorError(ConnectorError { user_facing_error: None; kind: QueryError(PostgresError { code: "23001"; message: "update or delete on table \"Product\" violates RESTRICT setting of foreign key constraint \"ProductSize_productId_fkey\" on table \"ProductSize\""; severity: "ERROR"; detail: Some("Key (id)=(e05d8c45-fe49-4473-94da-8afdb5ed092e) is referenced from table \"ProductSize\"."); column: None; hint: None }); transient: false })
ERROR,0126-7909167793196,,,,,
Invalid `prisma.product.delete()` invocation in
C:\Users\sport\TenisCash\scripts\cleanup-meta-esportes-duplicates.js:158:34

  155   }
  156 }
  157 // 4. Deleta o produto meta (ProductSize cai em cascade conforme schema)
→ 158 await prisma.product.delete(
Error occurred during query execution:
ConnectorError(ConnectorError { user_facing_error: None; kind: QueryError(PostgresError { code: "23001"; message: "update or delete on table \"Product\" violates RESTRICT setting of foreign key constraint \"ProductSize_productId_fkey\" on table \"ProductSize\""; severity: "ERROR"; detail: Some("Key (id)=(6e924056-1a82-499d-9c9b-e0daa1be432a) is referenced from table \"ProductSize\"."); column: None; hint: None }); transient: false })
KEEP_NO_EAN,0126-7909167754258,VISEIRA COM REGULAGEM CAJUBRASIL / OFF WHITE / U,,,,
ERROR,0126-7909167795626,,,,,
Invalid `prisma.product.delete()` invocation in
C:\Users\sport\TenisCash\scripts\cleanup-meta-esportes-duplicates.js:158:34

  155   }
  156 }
  157 // 4. Deleta o produto meta (ProductSize cai em cascade conforme schema)
→ 158 await prisma.product.delete(
Error occurred during query execution:
ConnectorError(ConnectorError { user_facing_error: None; kind: QueryError(PostgresError { code: "23001"; message: "update or delete on table \"Product\" violates RESTRICT setting of foreign key constraint \"ProductSize_productId_fkey\" on table \"ProductSize\""; severity: "ERROR"; detail: Some("Key (id)=(f642f09a-eeec-4d7b-9e1e-98269244cdb1) is referenced from table \"ProductSize\"."); column: None; hint: None }); transient: false })
KEEP_NO_EAN,0126-7909167751745,CHINELO SLIDE TEXTURIZADO / OFF WHITE / 37-38,,,,
ERROR,0126-7909167795503,,,,,
Invalid `prisma.product.delete()` invocation in
C:\Users\sport\TenisCash\scripts\cleanup-meta-esportes-duplicates.js:158:34

  155   }
  156 }
  157 // 4. Deleta o produto meta (ProductSize cai em cascade conforme schema)
→ 158 await prisma.product.delete(
Error occurred during query execution:
ConnectorError(ConnectorError { user_facing_error: None; kind: QueryError(PostgresError { code: "23001"; message: "update or delete on table \"Product\" violates RESTRICT setting of foreign key constraint \"ProductSize_productId_fkey\" on table \"ProductSize\""; severity: "ERROR"; detail: Some("Key (id)=(240bfe98-2c1e-4689-9602-678e5d80b346) is referenced from table \"ProductSize\"."); column: None; hint: None }); transient: false })
KEEP_NO_EAN,0126-7909943604593,U03FB00288-CHUTEIRA SOCIETY UMBRO ADAMANT MASTER CLASS PRO BU-PRE/CNZ/AZUL-183-TAM:38,,,,
ERROR,0126-4099685855636,,,,,
Invalid `prisma.product.delete()` invocation in
C:\Users\sport\TenisCash\scripts\cleanup-meta-esportes-duplicates.js:158:34

  155   }
  156 }
  157 // 4. Deleta o produto meta (ProductSize cai em cascade conforme schema)
→ 158 await prisma.product.delete(
Error occurred during query execution:
ConnectorError(ConnectorError { user_facing_error: None; kind: QueryError(PostgresError { code: "23001"; message: "update or delete on table \"Product\" violates RESTRICT setting of foreign key constraint \"ProductSize_productId_fkey\" on table \"ProductSize\""; severity: "ERROR"; detail: Some("Key (id)=(78540de0-3ba9-4b12-bdc7-5a0252ea748b) is referenced from table \"ProductSize\"."); column: None; hint: None }); transient: false })
KEEP_NO_EAN,0126-4067983346330,CAMISETA M/C GRAPHICS MOUNTAIN TEE WHITE PEQ,,,,
KEEP_NO_EAN,0126-4067983346378,CAMISETA M/C GRAPHICS MOUNTAIN TEE WHITE MED,,,,
ERROR,0126-4067983674075,,,,,
Invalid `prisma.product.delete()` invocation in
C:\Users\sport\TenisCash\scripts\cleanup-meta-esportes-duplicates.js:158:34

  155   }
  156 }
  157 // 4. Deleta o produto meta (ProductSize cai em cascade conforme schema)
→ 158 await prisma.product.delete(
Error occurred during query execution:
ConnectorError(ConnectorError { user_facing_error: None; kind: QueryError(PostgresError { code: "23001"; message: "update or delete on table \"Product\" violates RESTRICT setting of foreign key constraint \"ProductSize_productId_fkey\" on table \"ProductSize\""; severity: "ERROR"; detail: Some("Key (id)=(0fa69e9d-c5b8-4372-a0ca-127483a3e822) is referenced from table \"ProductSize\"."); column: None; hint: None }); transient: false })
KEEP_NO_EAN,0126-4067983346347,CAMISETA M/C GRAPHICS MOUNTAIN TEE WHITE EGR,,,,
KEEP_NO_EAN,0126-4067983346361,CAMISETA M/C GRAPHICS MOUNTAIN TEE WHITE GRD,,,,
KEEP_NO_EAN,0126-7909711189758,TENIS CLIMBER PRO 3 SEFA227 ADT. NYLON SOLA EVA/BORRACHA EVERLAST VERDE/AMARELO 36 REF SEFA227.227E.36,,,,
KEEP_NO_EAN,0126-7909711185972,TENIS CLIMBER ULTRA SEUA215 ADT. TECIDO SOLA EVA/BORRACHA EVERLAST PRETO/VERMELHO 39 REF SEUA215.215A.39,,,,
KEEP_NO_EAN,0126-7909711189796,TENIS CLIMBER PRO 3 SEFA227 ADT. NYLON SOLA EVA/BORRACHA EVERLAST VERDE/AMARELO 40 REF SEFA227.227E.40,,,,
KEEP_NO_EAN,0126-7909711161716,TENIS SOLO SEFA199 ADT. TECIDO SOLA PVC EVERLAST PRETO/ROXO 40 REF SEFA199.199A.40,,,,
KEEP_NO_EAN,0126-7909711188720,TENIS FORCEKNIT LOW SEFA223 ADT. TECIDO SOLA TR EVERLAST ROSA/BRANCO 38 REF SEFA223.223D.38,,,,
KEEP_NO_EAN,0126-7909711188607,TENIS FORCEKNIT LOW SEUA223 ADT.TECIDO SOLA TR EVERLAST PRETO/BRANCO 42 REF SEUA223.223A.42,,,,
KEEP_NO_EAN,0126-7909711188744,TENIS FORCEKNIT LOW SEFA223 ADT. TECIDO SOLA TR EVERLAST ROSA/BRANCO 40 REF SEFA223.223D.40,,,,
KEEP_NO_EAN,0126-7909711161754,TENIS SOLO SEFA199 ADT. TECIDO SOLA PVC EVERLAST BRANCO/LILAS 38 REF SEFA199.199B.38,,,,
KEEP_NO_EAN,0126-7909711161778,TENIS SOLO SEFA199 ADT. TECIDO SOLA PVC EVERLAST BRANCO/LILAS 40 REF SEFA199.199B.40,,,,
KEEP_NO_EAN,0126-7909711161723,TENIS SOLO SEFA199 ADT. TECIDO SOLA PVC EVERLAST BRANCO/LILAS 35 REF SEFA199.199B.35,,,,
KEEP_NO_EAN,0126-7909711160184,TENIS SOLO SEFA199 ADT. TECIDO SOLA PVC EVERLAST PRETO/ROXO 36 REF SEFA199.199A.36,,,,
KEEP_NO_EAN,0126-7909711161747,TENIS SOLO SEFA199 ADT. TECIDO SOLA PVC EVERLAST BRANCO/LILAS 37 REF SEFA199.199B.37,,,,
KEEP_NO_EAN,0126-7909711999807,TENIS STATION 3 SEUA217 ADT. SINTETICO SOLA TR EVERLAST PRETO/BRANCO 36 REF SEUA217.217A.36,,,,
KEEP_NO_EAN,0126-7909711188690,TENIS FORCEKNIT LOW SEFA223 ADT. TECIDO SOLA TR EVERLAST ROSA/BRANCO 35 REF SEFA223.223D.35,,,,
KEEP_NO_EAN,0126-7909711161709,TENIS SOLO SEFA199 ADT. TECIDO SOLA PVC EVERLAST PRETO/ROXO 39 REF SEFA199.199A.39,,,,
KEEP_NO_EAN,0126-7909711188584,TENIS FORCEKNIT LOW SEUA223 ADT.TECIDO SOLA TR EVERLAST PRETO/BRANCO 40 REF SEUA223.223A.40,,,,
KEEP_NO_EAN,0126-7909711161730,TENIS SOLO SEFA199 ADT. TECIDO SOLA PVC EVERLAST BRANCO/LILAS 36 REF SEFA199.199B.36,,,,
KEEP_NO_EAN,0126-7909711188737,TENIS FORCEKNIT LOW SEFA223 ADT. TECIDO SOLA TR EVERLAST ROSA/BRANCO 39 REF SEFA223.223D.39,,,,
KEEP_NO_EAN,0126-7909711188713,TENIS FORCEKNIT LOW SEFA223 ADT. TECIDO SOLA TR EVERLAST ROSA/BRANCO 37 REF SEFA223.223D.37,,,,
KEEP_NO_EAN,0126-7909711188072,TENIS STATION 3 SEUA217 ADT. SINTETICO SOLA TR EVERLAST PRETO/BRANCO 39 REF SEUA217.217A.39,,,,
KEEP_NO_EAN,0126-7909711188058,TENIS STATION 3 SEUA217 ADT. SINTETICO SOLA TR EVERLAST PRETO/BRANCO 37 REF SEUA217.217A.37,,,,
KEEP_NO_EAN,0126-7909711188591,TENIS FORCEKNIT LOW SEUA223 ADT.TECIDO SOLA TR EVERLAST PRETO/BRANCO 41 REF SEUA223.223A.41,,,,
KEEP_NO_EAN,0126-7909711188089,TENIS STATION 3 SEUA217 ADT. SINTETICO SOLA TR EVERLAST PRETO/BRANCO 40 REF SEUA217.217A.40,,,,
KEEP_NO_EAN,0126-7909711161693,TENIS SOLO SEFA199 ADT. TECIDO SOLA PVC EVERLAST PRETO/ROXO 38 REF SEFA199.199A.38,,,,
KEEP_NO_EAN,0126-7909711188614,TENIS FORCEKNIT LOW SEUA223 ADT.TECIDO SOLA TR EVERLAST PRETO/BRANCO 43 REF SEUA223.223A.43,,,,
KEEP_NO_EAN,0126-7909711188577,TENIS FORCEKNIT LOW SEUA223 ADT.TECIDO SOLA TR EVERLAST PRETO/BRANCO 39 REF SEUA223.223A.39,,,,
KEEP_NO_EAN,0126-7909711188560,TENIS FORCEKNIT LOW SEUA223 ADT.TECIDO SOLA TR EVERLAST PRETO/BRANCO 38 REF SEUA223.223A.38,,,,
KEEP_NO_EAN,0126-7909711188065,TENIS STATION 3 SEUA217 ADT. SINTETICO SOLA TR EVERLAST PRETO/BRANCO 38 REF SEUA217.217A.38,,,,
KEEP_NO_EAN,0126-7909711160177,TENIS SOLO SEFA199 ADT. TECIDO SOLA PVC EVERLAST PRETO/ROXO 35 REF SEFA199.199A.35,,,,
KEEP_NO_EAN,0126-7909711188706,TENIS FORCEKNIT LOW SEFA223 ADT. TECIDO SOLA TR EVERLAST ROSA/BRANCO 36 REF SEFA223.223D.36,,,,
KEEP_NO_EAN,0126-7909711161686,TENIS SOLO SEFA199 ADT. TECIDO SOLA PVC EVERLAST PRETO/ROXO 37 REF SEFA199.199A.37,,,,
KEEP_NO_EAN,0126-7909711999814,TENIS STATION 3 SEUA217 ADT. SINTETICO SOLA TR EVERLAST PRETO/BRANCO 35 REF SEUA217.217A.35,,,,
KEEP_NO_EAN,0126-7909711161761,TENIS SOLO SEFA199 ADT. TECIDO SOLA PVC EVERLAST BRANCO/LILAS 39 REF SEFA199.199B.39,,,,
KEEP_UNIQUE_EAN,0126-2995511305820,MEIA ANTIDERRAPANTE COM GRIP - FIBER 0997,2995511305820,,,
KEEP_UNIQUE_EAN,0126-2918069968859,TENIS FLY RECOVERY V4 - FIBER BLACK-V4,2918069968859,,,
KEEP_NO_EAN,0126-2976162519910,SAPATILHA TRAINING - FIBER 0998-V2 38/39,,,,
KEEP_NO_EAN,0126-2902962401117,PROTETOR DE ANTEBRACO - FIBER GRAY UNICO,,,,
KEEP_UNIQUE_EAN,0126-2959960128973,MEIA INFRA INVISIVEL FIBER BLACK,2959960128973,,,
KEEP_NO_EAN,0126-2960819912926,SAPATILHA TRAINING - FIBER 8183-V2 36/37,,,,
KEEP_NO_EAN,0126-2979959033583,SAPATILHA BLOOM INFANTIL - FIBER 0998 30/31,,,,
KEEP_UNIQUE_EAN,0126-2908753521200,TENIS ECHOA RECOVERY - FIBER BLACK,2908753521200,,,
KEEP_UNIQUE_EAN,0126-2951247706942,TENIS BAREFOOT ULTRA - FIBER WHITE,2951247706942,,,
KEEP_UNIQUE_EAN,0126-2962816193315,CHINELO SLIDE ORBIT - FIBER WHITE,2962816193315,,,
KEEP_UNIQUE_EAN,0126-2951613603783,COTOVELEIRA EM MALHA KNIT Z1823 ALLBLACK,2951613603783,,,
KEEP_NO_EAN,0126-2901410490482,SAPATILHA TRAINING - FIBER 0998-V2 34/35,,,,
KEEP_NO_EAN,0126-2966658455204,SAPATILHA TRAINING - FIBER ALLBLUE-V2 42/43,,,,
KEEP_UNIQUE_EAN,0126-2998718462822,MANGUITO EM MALHA KNIT Z1769 ALLBLACK,2998718462822,,,
KEEP_UNIQUE_EAN,0126-2985182477704,TENIS ECHOA RECOVERY - FIBER WHITE,2985182477704,,,
KEEP_UNIQUE_EAN,0126-2995974225000,CANELITO EM MALHA KNIT-FIBER GRAY,2995974225000,,,
KEEP_NO_EAN,0126-2954255154002,SAPATILHA TRAINING - FIBER 0104-V2 44/45/46,,,,
KEEP_NO_EAN,0126-2918585691231,SAPATILHA BLOOM INFANTIL - FIBER 8192 22/23,,,,
KEEP_NO_EAN,0126-2949455959380,SAPATILHA TRAINING - FIBER ALLRED-V2 38/39,,,,
KEEP_NO_EAN,0126-2968497164293,PAD PULSE FIBER CP 40/41/42,,,,
KEEP_NO_EAN,0126-2984361781731,SAPATILHA TRAINING - FIBER ALLBLACK-V2 44/45/46,,,,
KEEP_NO_EAN,0126-2916747567660,SAPATILHA TRAINING - FIBER ALLRED-V2 36/37,,,,
KEEP_NO_EAN,0126-2995477249718,SAPATILHA MULTISPORTS BALANCE FIBER 0104-V2 36/37,,,,
KEEP_NO_EAN,0126-2976679582353,SAPATILHA TRAINING - FIBER 0104-V2 34/35,,,,
KEEP_UNIQUE_EAN,0126-2923607743317,TENIS BAREFOOT ULTRA - FIBER BLACK,2923607743317,,,
KEEP_UNIQUE_EAN,0126-2974701986667,TENIS FIBER ECHOA RECOVERY SLIM - FIBER BLACK,2974701986667,,,
KEEP_UNIQUE_EAN,0126-2996752199681,CHINELO SLIDE ORBIT - FIBER BLACK,2996752199681,,,
KEEP_NO_EAN,0126-2976857153917,SAPATILHA MULTISPORTS BALANCE FIBER 0104-V2 34/35,,,,
KEEP_NO_EAN,0126-2979867959661,SAPATILHA BLOOM INFANTIL - FIBER 0998 22/23,,,,
KEEP_NO_EAN,0126-2952051976200,SAPATILHA TRAINING - FIBER 0896-V2 40/41,,,,
KEEP_NO_EAN,0126-2901399385144,SAPATILHA TRAINING - FIBER ALLRED-V2 34/35,,,,
KEEP_NO_EAN,0126-2911320804231,SAPATILHA BLOOM INFANTIL - FIBER 8192 30/31,,,,
KEEP_NO_EAN,0126-2979263499150,OCTO MAXGRIP - FIBER BLACK UNICO,,,,
KEEP_UNIQUE_EAN,0126-2930949340999,MANGUITO EM MALHA KNIT Z1769 GRAY,2930949340999,,,
KEEP_NO_EAN,0126-2999799897091,SAPATILHA MULTISPORTS BALANCE FIBER 0104-V2 40/41,,,,
KEEP_NO_EAN,0126-2958579917305,PROTETOR DE ANTEBRACO - FIBER BLACK UNICO,,,,
KEEP_NO_EAN,0126-2966335971201,PAD PULSE FIBER CP 36/37/38/39,,,,
KEEP_NO_EAN,0126-2927673458861,SAPATILHA BLOOM INFANTIL - FIBER 0998 18/19,,,,
KEEP_UNIQUE_EAN,0126-2992308110261,CANELITO EM MALHA KNIT-FIBER ALLBLACK,2992308110261,,,
KEEP_NO_EAN,0126-2944290395195,SAPATILHA BLOOM INFANTIL - FIBER 8192 24/25,,,,
KEEP_NO_EAN,0126-2906115122874,SAPATILHA BLOOM INFANTIL - FIBER 0998 24/25,,,,
KEEP_UNIQUE_EAN,0126-2939184064189,TENIS FIBER ECHOA RECOVERY SLIM - FIBER WHITE,2939184064189,,,
KEEP_NO_EAN,0126-2952704355161,SAPATILHA TRAINING - FIBER 0104-V2 36/37,,,,
KEEP_NO_EAN,0126-2991997390091,SAPATILHA TRAINING - FIBER ALLBLUE-V2 40/41,,,,
KEEP_NO_EAN,0126-2944070669317,SAPATILHA TRAINING - FIBER 0896-V2 42/43,,,,
KEEP_NO_EAN,0126-2957391332266,SAPATILHA TRAINING - FIBER 0998-V2 42/43,,,,
KEEP_NO_EAN,0126-2964662396933,SAPATILHA BLOOM INFANTIL - FIBER 8192 32/33,,,,
KEEP_NO_EAN,0126-2934922985283,OCTO MAXGRIP - FIBER CLEAR UNICO,,,,
KEEP_NO_EAN,0126-2914352820798,SAPATILHA BLOOM INFANTIL - FIBER 8192 26/27,,,,
KEEP_UNIQUE_EAN,0126-2989202398406,MEIA INFRA INVISIVEL FIBER WHITE,2989202398406,,,
KEEP_NO_EAN,0126-2949190886002,SAPATILHA TRAINING - FIBER ALLBLUE-V2 36/37,,,,
KEEP_NO_EAN,0126-2928417291065,SAPATILHA BLOOM INFANTIL - FIBER 8192 18/19,,,,
KEEP_NO_EAN,0126-2903855970383,SAPATILHA TRAINING - FIBER ALLBLUE-V2 38/39,,,,
KEEP_NO_EAN,0126-2982980492496,SAPATILHA MULTISPORTS BALANCE FIBER 0104-V2 44/45/46,,,,
KEEP_NO_EAN,0126-2950660435415,SAPATILHA MULTISPORTS BALANCE FIBER 0104-V2 42/43,,,,
KEEP_NO_EAN,0126-2969959360505,SAPATILHA BLOOM INFANTIL - FIBER 8192 28/29,,,,
KEEP_NO_EAN,0126-2929778560425,SAPATILHA TRAINING - FIBER 0998-V2 40/41,,,,
KEEP_UNIQUE_EAN,0126-2908107540055,MEIA ANTIDERRAPANTE COM GRIP - FIBER 0998,2908107540055,,,
KEEP_NO_EAN,0126-2988406543544,PAD PULSE FIBER CP 33/34/35,,,,
KEEP_NO_EAN,0126-2949829597156,SAPATILHA MULTISPORTS BALANCE FIBER ALLBLACK-V2 40/41,,,,
KEEP_UNIQUE_EAN,0126-2920744249863,TENIS FLY RECOVERY V4 - FIBER BW-V4,2920744249863,,,
KEEP_NO_EAN,0126-2944966270825,SAPATILHA TRAINING - FIBER ALLBLACK-V2 36/37,,,,
KEEP_NO_EAN,0126-2944333518611,SAPATILHA TRAINING - FIBER 0896-V2 44/45/46,,,,
KEEP_NO_EAN,0126-2979883514608,SAPATILHA TRAINING - FIBER 8183-V2 40/41,,,,
KEEP_NO_EAN,0126-2933355902065,SAPATILHA TRAINING - FIBER ALLBLACK-V2 40/41,,,,
KEEP_NO_EAN,0126-2914615867669,SAPATILHA BLOOM INFANTIL - FIBER 0998 26/27,,,,
KEEP_NO_EAN,0126-2928852057462,SAPATILHA TRAINING - FIBER ALLRED-V2 40/41,,,,
KEEP_NO_EAN,0126-2967915937648,SAPATILHA MULTISPORTS BALANCE FIBER ALLBLACK-V2 38/39,,,,
KEEP_NO_EAN,0126-2937019225200,SAPATILHA TRAINING - FIBER 0998-V2 36/37,,,,
KEEP_NO_EAN,0126-2959590998946,SAPATILHA BLOOM INFANTIL - FIBER 0998 32/33,,,,
KEEP_NO_EAN,0126-2900410176303,SAPATILHA TRAINING - FIBER 8183-V2 38/39,,,,
KEEP_NO_EAN,0126-2987338176974,SAPATILHA MULTISPORTS BALANCE FIBER 0104-V2 38/39,,,,
KEEP_NO_EAN,0126-2970619637745,SAPATILHA BLOOM INFANTIL - FIBER 0998 28/29,,,,
KEEP_NO_EAN,0126-2928717468495,SAPATILHA TRAINING - FIBER 0896-V2 38/39,,,,
KEEP_UNIQUE_EAN,0126-2947137167283,COTOVELEIRA EM MALHA KNIT Z1823 GRAY,2947137167283,,,
KEEP_NO_EAN,0126-2968381947858,SAPATILHA BLOOM INFANTIL - FIBER 0998 20/21,,,,
KEEP_NO_EAN,0126-2966596389906,SAPATILHA TRAINING - FIBER 0104-V2 38/39,,,,
KEEP_NO_EAN,0126-2959524970529,SAPATILHA BLOOM INFANTIL - FIBER 8192 20/21,,,,
KEEP_NO_EAN,0126-2931431619517,SAPATILHA TRAINING - FIBER 0104-V2 40/41,,,,
KEEP_NO_EAN,0126-2975062673364,SAPATILHA MULTISPORTS BALANCE FIBER ALLBLACK-V2 34/35,,,,
KEEP_NO_EAN,0126-2957967455566,SAPATILHA TRAINING - FIBER 8183-V2 34/35,,,,
KEEP_NO_EAN,0126-2935258520377,SAPATILHA MULTISPORTS BALANCE FIBER ALLBLACK-V2 36/37,,,,
KEEP_NO_EAN,0126-2910136858445,SAPATILHA TRAINING - FIBER ALLBLACK-V2 38/39,,,,
KEEP_NO_EAN,0126-2954062451929,SAPATILHA MULTISPORTS BALANCE FIBER ALLBLACK-V2 42/43,,,,
KEEP_NO_EAN,0126-2922734775659,SAPATILHA TRAINING - FIBER ALLBLACK-V2 42/43,,,,
KEEP_NO_EAN,0126-2925398621751,SAPATILHA TRAINING - FIBER ALLBLACK-V2 34/35,,,,
KEEP_NO_EAN,0126-2960506264710,SAPATILHA TRAINING - FIBER 0104-V2 42/43,,,,
ERROR,0126-4067978327429,,,,,
Invalid `prisma.nuvemshopProductMapping.delete()` invocation in
C:\Users\sport\TenisCash\scripts\cleanup-meta-esportes-duplicates.js:131:54

  128 if (myMapping) {
  129   const origMapping = await prisma.nuvemshopProductMapping.findUnique({ where: { localProductId: original.id } });
  130   if (origMapping) {
→ 131     await prisma.nuvemshopProductMapping.delete(
An operation failed because it depends on one or more records that were required but not found. Record to delete does not exist.
ERROR,0126-4067983992049,,,,,
Invalid `prisma.product.delete()` invocation in
C:\Users\sport\TenisCash\scripts\cleanup-meta-esportes-duplicates.js:158:34

  155   }
  156 }
  157 // 4. Deleta o produto meta (ProductSize cai em cascade conforme schema)
→ 158 await prisma.product.delete(
Error occurred during query execution:
ConnectorError(ConnectorError { user_facing_error: None; kind: QueryError(PostgresError { code: "23001"; message: "update or delete on table \"Product\" violates RESTRICT setting of foreign key constraint \"ProductSize_productId_fkey\" on table \"ProductSize\""; severity: "ERROR"; detail: Some("Key (id)=(8643c01e-a1e6-4eab-b214-d6f7f45a4bc5) is referenced from table \"ProductSize\"."); column: None; hint: None }); transient: false })
ERROR,0126-4067984793324,,,,,
Invalid `prisma.product.delete()` invocation in
C:\Users\sport\TenisCash\scripts\cleanup-meta-esportes-duplicates.js:158:34

  155   }
  156 }
  157 // 4. Deleta o produto meta (ProductSize cai em cascade conforme schema)
→ 158 await prisma.product.delete(
Error occurred during query execution:
ConnectorError(ConnectorError { user_facing_error: None; kind: QueryError(PostgresError { code: "23001"; message: "update or delete on table \"Product\" violates RESTRICT setting of foreign key constraint \"ProductSize_productId_fkey\" on table \"ProductSize\""; severity: "ERROR"; detail: Some("Key (id)=(c7cba42a-9b1b-4354-a185-db814052d2ad) is referenced from table \"ProductSize\"."); column: None; hint: None }); transient: false })
ERROR,0126-4069156027800,,,,,
Invalid `prisma.product.delete()` invocation in
C:\Users\sport\TenisCash\scripts\cleanup-meta-esportes-duplicates.js:158:34

  155   }
  156 }
  157 // 4. Deleta o produto meta (ProductSize cai em cascade conforme schema)
→ 158 await prisma.product.delete(
Error occurred during query execution:
ConnectorError(ConnectorError { user_facing_error: None; kind: QueryError(PostgresError { code: "23001"; message: "update or delete on table \"Product\" violates RESTRICT setting of foreign key constraint \"ProductSize_productId_fkey\" on table \"ProductSize\""; severity: "ERROR"; detail: Some("Key (id)=(fd73d7cf-3523-4b98-ba10-954798bee5e5) is referenced from table \"ProductSize\"."); column: None; hint: None }); transient: false })
KEEP_NO_EAN,0126-4067984174727,MOCHILA PUMA PHASE BACKPACK  BLACK/GOLD UNI,,,,
ERROR,0126-4067979496476,,,,,
Invalid `prisma.product.delete()` invocation in
C:\Users\sport\TenisCash\scripts\cleanup-meta-esportes-duplicates.js:158:34

  155   }
  156 }
  157 // 4. Deleta o produto meta (ProductSize cai em cascade conforme schema)
→ 158 await prisma.product.delete(
Error occurred during query execution:
ConnectorError(ConnectorError { user_facing_error: None; kind: QueryError(PostgresError { code: "23001"; message: "update or delete on table \"Product\" violates RESTRICT setting of foreign key constraint \"ProductSize_productId_fkey\" on table \"ProductSize\""; severity: "ERROR"; detail: Some("Key (id)=(3218d9f8-617d-4ae2-952b-7bef0a763e20) is referenced from table \"ProductSize\"."); column: None; hint: None }); transient: false })
ERROR,0126-4063699213577,,,,,
Invalid `prisma.product.delete()` invocation in
C:\Users\sport\TenisCash\scripts\cleanup-meta-esportes-duplicates.js:158:34

  155   }
  156 }
  157 // 4. Deleta o produto meta (ProductSize cai em cascade conforme schema)
→ 158 await prisma.product.delete(
Error occurred during query execution:
ConnectorError(ConnectorError { user_facing_error: None; kind: QueryError(PostgresError { code: "23001"; message: "update or delete on table \"Product\" violates RESTRICT setting of foreign key constraint \"ProductSize_productId_fkey\" on table \"ProductSize\""; severity: "ERROR"; detail: Some("Key (id)=(ef4d1b6b-581c-4056-84bb-a31422e25d7d) is referenced from table \"ProductSize\"."); column: None; hint: None }); transient: false })
KEEP_NO_EAN,0126-4067983687891,CAMISETA M/C ESS LOGO LAB TEE WHITE GRD,,,,
ERROR,0126-4067983945373,,,,,
Invalid `prisma.product.delete()` invocation in
C:\Users\sport\TenisCash\scripts\cleanup-meta-esportes-duplicates.js:158:34

  155   }
  156 }
  157 // 4. Deleta o produto meta (ProductSize cai em cascade conforme schema)
→ 158 await prisma.product.delete(
Error occurred during query execution:
ConnectorError(ConnectorError { user_facing_error: None; kind: QueryError(PostgresError { code: "23001"; message: "update or delete on table \"Product\" violates RESTRICT setting of foreign key constraint \"ProductSize_productId_fkey\" on table \"ProductSize\""; severity: "ERROR"; detail: Some("Key (id)=(ea07ce75-873e-4d81-b32b-29387feb5361) is referenced from table \"ProductSize\"."); column: None; hint: None }); transient: false })
ERROR,0126-4067983246678,,,,,
Invalid `prisma.product.delete()` invocation in
C:\Users\sport\TenisCash\scripts\cleanup-meta-esportes-duplicates.js:158:34

  155   }
  156 }
  157 // 4. Deleta o produto meta (ProductSize cai em cascade conforme schema)
→ 158 await prisma.product.delete(
Error occurred during query execution:
ConnectorError(ConnectorError { user_facing_error: None; kind: QueryError(PostgresError { code: "23001"; message: "update or delete on table \"Product\" violates RESTRICT setting of foreign key constraint \"ProductSize_productId_fkey\" on table \"ProductSize\""; severity: "ERROR"; detail: Some("Key (id)=(cb6724a8-45a0-4d13-8b1d-9ef86bbe72e8) is referenced from table \"ProductSize\"."); column: None; hint: None }); transient: false })
ERROR,0126-4067984267733,,,,,
Invalid `prisma.product.delete()` invocation in
C:\Users\sport\TenisCash\scripts\cleanup-meta-esportes-duplicates.js:158:34

  155   }
  156 }
  157 // 4. Deleta o produto meta (ProductSize cai em cascade conforme schema)
→ 158 await prisma.product.delete(
Error occurred during query execution:
ConnectorError(ConnectorError { user_facing_error: None; kind: QueryError(PostgresError { code: "23001"; message: "update or delete on table \"Product\" violates RESTRICT setting of foreign key constraint \"ProductSize_productId_fkey\" on table \"ProductSize\""; severity: "ERROR"; detail: Some("Key (id)=(5fb2ff80-38fd-4989-a0f7-2b13ca547255) is referenced from table \"ProductSize\"."); column: None; hint: None }); transient: false })
ERROR,0126-4099685855773,,,,,
Invalid `prisma.product.delete()` invocation in
C:\Users\sport\TenisCash\scripts\cleanup-meta-esportes-duplicates.js:158:34

  155   }
  156 }
  157 // 4. Deleta o produto meta (ProductSize cai em cascade conforme schema)
→ 158 await prisma.product.delete(
Error occurred during query execution:
ConnectorError(ConnectorError { user_facing_error: None; kind: QueryError(PostgresError { code: "23001"; message: "update or delete on table \"Product\" violates RESTRICT setting of foreign key constraint \"ProductSize_productId_fkey\" on table \"ProductSize\""; severity: "ERROR"; detail: Some("Key (id)=(dbf5dfb6-4b6f-42cd-9c5a-503358a2fcca) is referenced from table \"ProductSize\"."); column: None; hint: None }); transient: false })
ERROR,0126-4067984268488,,,,,
Invalid `prisma.product.delete()` invocation in
C:\Users\sport\TenisCash\scripts\cleanup-meta-esportes-duplicates.js:158:34

  155   }
  156 }
  157 // 4. Deleta o produto meta (ProductSize cai em cascade conforme schema)
→ 158 await prisma.product.delete(
Error occurred during query execution:
ConnectorError(ConnectorError { user_facing_error: None; kind: QueryError(PostgresError { code: "23001"; message: "update or delete on table \"Product\" violates RESTRICT setting of foreign key constraint \"ProductSize_productId_fkey\" on table \"ProductSize\""; severity: "ERROR"; detail: Some("Key (id)=(191674ca-f648-4b39-b0c7-318eb44a0c93) is referenced from table \"ProductSize\"."); column: None; hint: None }); transient: false })
ERROR,0126-4067983578625,,,,,
Invalid `prisma.product.delete()` invocation in
C:\Users\sport\TenisCash\scripts\cleanup-meta-esportes-duplicates.js:158:34

  155   }
  156 }
  157 // 4. Deleta o produto meta (ProductSize cai em cascade conforme schema)
→ 158 await prisma.product.delete(
Error occurred during query execution:
ConnectorError(ConnectorError { user_facing_error: None; kind: QueryError(PostgresError { code: "23001"; message: "update or delete on table \"Product\" violates RESTRICT setting of foreign key constraint \"ProductSize_productId_fkey\" on table \"ProductSize\""; severity: "ERROR"; detail: Some("Key (id)=(8b5a2af5-b895-4f70-b191-d0b11c810153) is referenced from table \"ProductSize\"."); column: None; hint: None }); transient: false })
ERROR,0126-4099686411619,,,,,
Invalid `prisma.product.delete()` invocation in
C:\Users\sport\TenisCash\scripts\cleanup-meta-esportes-duplicates.js:158:34

  155   }
  156 }
  157 // 4. Deleta o produto meta (ProductSize cai em cascade conforme schema)
→ 158 await prisma.product.delete(
Error occurred during query execution:
ConnectorError(ConnectorError { user_facing_error: None; kind: QueryError(PostgresError { code: "23001"; message: "update or delete on table \"Product\" violates RESTRICT setting of foreign key constraint \"ProductSize_productId_fkey\" on table \"ProductSize\""; severity: "ERROR"; detail: Some("Key (id)=(b1080947-4f3a-417d-a77b-85606985356e) is referenced from table \"ProductSize\"."); column: None; hint: None }); transient: false })
ERROR,0126-4067979749091,,,,,
Invalid `prisma.product.delete()` invocation in
C:\Users\sport\TenisCash\scripts\cleanup-meta-esportes-duplicates.js:158:34

  155   }
  156 }
  157 // 4. Deleta o produto meta (ProductSize cai em cascade conforme schema)
→ 158 await prisma.product.delete(
Error occurred during query execution:
ConnectorError(ConnectorError { user_facing_error: None; kind: QueryError(PostgresError { code: "23001"; message: "update or delete on table \"Product\" violates RESTRICT setting of foreign key constraint \"ProductSize_productId_fkey\" on table \"ProductSize\""; severity: "ERROR"; detail: Some("Key (id)=(079eec74-59f9-4491-a64c-e22f477d2044) is referenced from table \"ProductSize\"."); column: None; hint: None }); transient: false })
ERROR,0126-4067983048456,,,,,
Invalid `prisma.nuvemshopProductMapping.delete()` invocation in
C:\Users\sport\TenisCash\scripts\cleanup-meta-esportes-duplicates.js:131:54

  128 if (myMapping) {
  129   const origMapping = await prisma.nuvemshopProductMapping.findUnique({ where: { localProductId: original.id } });
  130   if (origMapping) {
→ 131     await prisma.nuvemshopProductMapping.delete(
An operation failed because it depends on one or more records that were required but not found. Record to delete does not exist.
ERROR,0126-4069156026391,,,,,
Invalid `prisma.product.delete()` invocation in
C:\Users\sport\TenisCash\scripts\cleanup-meta-esportes-duplicates.js:158:34

  155   }
  156 }
  157 // 4. Deleta o produto meta (ProductSize cai em cascade conforme schema)
→ 158 await prisma.product.delete(
Error occurred during query execution:
ConnectorError(ConnectorError { user_facing_error: None; kind: QueryError(PostgresError { code: "23001"; message: "update or delete on table \"Product\" violates RESTRICT setting of foreign key constraint \"ProductSize_productId_fkey\" on table \"ProductSize\""; severity: "ERROR"; detail: Some("Key (id)=(d1274e4d-7c9f-4066-9088-bcd88cfc8f46) is referenced from table \"ProductSize\"."); column: None; hint: None }); transient: false })
ERROR,0126-4067983298363,,,,,
Invalid `prisma.product.delete()` invocation in
C:\Users\sport\TenisCash\scripts\cleanup-meta-esportes-duplicates.js:158:34

  155   }
  156 }
  157 // 4. Deleta o produto meta (ProductSize cai em cascade conforme schema)
→ 158 await prisma.product.delete(
Error occurred during query execution:
ConnectorError(ConnectorError { user_facing_error: None; kind: QueryError(PostgresError { code: "23001"; message: "update or delete on table \"Product\" violates RESTRICT setting of foreign key constraint \"ProductSize_productId_fkey\" on table \"ProductSize\""; severity: "ERROR"; detail: Some("Key (id)=(4cd5cc90-4c79-4709-ae84-1ba963dce012) is referenced from table \"ProductSize\"."); column: None; hint: None }); transient: false })
ERROR,0126-4069156267817,,,,,
Invalid `prisma.product.delete()` invocation in
C:\Users\sport\TenisCash\scripts\cleanup-meta-esportes-duplicates.js:158:34

  155   }
  156 }
  157 // 4. Deleta o produto meta (ProductSize cai em cascade conforme schema)
→ 158 await prisma.product.delete(
Error occurred during query execution:
ConnectorError(ConnectorError { user_facing_error: None; kind: QueryError(PostgresError { code: "23001"; message: "update or delete on table \"Product\" violates RESTRICT setting of foreign key constraint \"ProductSize_productId_fkey\" on table \"ProductSize\""; severity: "ERROR"; detail: Some("Key (id)=(a18fa4f1-caf1-43d7-929e-9d88ed8f3241) is referenced from table \"ProductSize\"."); column: None; hint: None }); transient: false })
ERROR,0126-4067984266323,,,,,
Invalid `prisma.nuvemshopProductMapping.delete()` invocation in
C:\Users\sport\TenisCash\scripts\cleanup-meta-esportes-duplicates.js:131:54

  128 if (myMapping) {
  129   const origMapping = await prisma.nuvemshopProductMapping.findUnique({ where: { localProductId: original.id } });
  130   if (origMapping) {
→ 131     await prisma.nuvemshopProductMapping.delete(
An operation failed because it depends on one or more records that were required but not found. Record to delete does not exist.
ERROR,0126-4067984024978,,,,,
Invalid `prisma.nuvemshopProductMapping.update()` invocation in
C:\Users\sport\TenisCash\scripts\cleanup-meta-esportes-duplicates.js:133:48

  130 if (origMapping) {
  131   await prisma.nuvemshopProductMapping.delete({ where: { id: myMapping.id } });
  132 } else {
→ 133   await prisma.nuvemshopProductMapping.update(
An operation failed because it depends on one or more records that were required but not found. Record to update not found.
ERROR,0126-4067979556644,,,,,
Invalid `prisma.nuvemshopProductMapping.delete()` invocation in
C:\Users\sport\TenisCash\scripts\cleanup-meta-esportes-duplicates.js:131:54

  128 if (myMapping) {
  129   const origMapping = await prisma.nuvemshopProductMapping.findUnique({ where: { localProductId: original.id } });
  130   if (origMapping) {
→ 131     await prisma.nuvemshopProductMapping.delete(
An operation failed because it depends on one or more records that were required but not found. Record to delete does not exist.
ERROR,0126-4067981916450,,,,,
Invalid `prisma.product.delete()` invocation in
C:\Users\sport\TenisCash\scripts\cleanup-meta-esportes-duplicates.js:158:34

  155   }
  156 }
  157 // 4. Deleta o produto meta (ProductSize cai em cascade conforme schema)
→ 158 await prisma.product.delete(
Error occurred during query execution:
ConnectorError(ConnectorError { user_facing_error: None; kind: QueryError(PostgresError { code: "23001"; message: "update or delete on table \"Product\" violates RESTRICT setting of foreign key constraint \"ProductSize_productId_fkey\" on table \"ProductSize\""; severity: "ERROR"; detail: Some("Key (id)=(ff03987b-3e28-4c26-b172-183cc549dc53) is referenced from table \"ProductSize\"."); column: None; hint: None }); transient: false })
ERROR,0126-4069156266773,,,,,
Invalid `prisma.product.delete()` invocation in
C:\Users\sport\TenisCash\scripts\cleanup-meta-esportes-duplicates.js:158:34

  155   }
  156 }
  157 // 4. Deleta o produto meta (ProductSize cai em cascade conforme schema)
→ 158 await prisma.product.delete(
Error occurred during query execution:
ConnectorError(ConnectorError { user_facing_error: None; kind: QueryError(PostgresError { code: "23001"; message: "update or delete on table \"Product\" violates RESTRICT setting of foreign key constraint \"ProductSize_productId_fkey\" on table \"ProductSize\""; severity: "ERROR"; detail: Some("Key (id)=(0cb2523a-f73f-4afc-85c5-e612c7faa425) is referenced from table \"ProductSize\"."); column: None; hint: None }); transient: false })
ERROR,0126-4069156029743,,,,,
Invalid `prisma.nuvemshopProductMapping.delete()` invocation in
C:\Users\sport\TenisCash\scripts\cleanup-meta-esportes-duplicates.js:131:54

  128 if (myMapping) {
  129   const origMapping = await prisma.nuvemshopProductMapping.findUnique({ where: { localProductId: original.id } });
  130   if (origMapping) {
→ 131     await prisma.nuvemshopProductMapping.delete(
An operation failed because it depends on one or more records that were required but not found. Record to delete does not exist.
ERROR,0126-4063696162052,,,,,
Invalid `prisma.product.delete()` invocation in
C:\Users\sport\TenisCash\scripts\cleanup-meta-esportes-duplicates.js:158:34

  155   }
  156 }
  157 // 4. Deleta o produto meta (ProductSize cai em cascade conforme schema)
→ 158 await prisma.product.delete(
Error occurred during query execution:
ConnectorError(ConnectorError { user_facing_error: None; kind: QueryError(PostgresError { code: "23001"; message: "update or delete on table \"Product\" violates RESTRICT setting of foreign key constraint \"ProductSize_productId_fkey\" on table \"ProductSize\""; severity: "ERROR"; detail: Some("Key (id)=(3e692efe-7218-483b-9be0-c77848768ea4) is referenced from table \"ProductSize\"."); column: None; hint: None }); transient: false })
ERROR,0126-4059505985028,,,,,
Invalid `prisma.product.delete()` invocation in
C:\Users\sport\TenisCash\scripts\cleanup-meta-esportes-duplicates.js:158:34

  155   }
  156 }
  157 // 4. Deleta o produto meta (ProductSize cai em cascade conforme schema)
→ 158 await prisma.product.delete(
Error occurred during query execution:
ConnectorError(ConnectorError { user_facing_error: None; kind: QueryError(PostgresError { code: "23001"; message: "update or delete on table \"Product\" violates RESTRICT setting of foreign key constraint \"ProductSize_productId_fkey\" on table \"ProductSize\""; severity: "ERROR"; detail: Some("Key (id)=(643dcdd6-7289-4e1b-ba45-057fef4655fd) is referenced from table \"ProductSize\"."); column: None; hint: None }); transient: false })
ERROR,0126-4099683981306,,,,,
Invalid `prisma.nuvemshopProductMapping.delete()` invocation in
C:\Users\sport\TenisCash\scripts\cleanup-meta-esportes-duplicates.js:131:54

  128 if (myMapping) {
  129   const origMapping = await prisma.nuvemshopProductMapping.findUnique({ where: { localProductId: original.id } });
  130   if (origMapping) {
→ 131     await prisma.nuvemshopProductMapping.delete(
An operation failed because it depends on one or more records that were required but not found. Record to delete does not exist.
KEEP_NO_EAN,0126-4067983687907,CAMISETA M/C ESS LOGO LAB TEE WHITE MED,,,,
ERROR,0126-4067979323215,,,,,
Invalid `prisma.nuvemshopProductMapping.delete()` invocation in
C:\Users\sport\TenisCash\scripts\cleanup-meta-esportes-duplicates.js:131:54

  128 if (myMapping) {
  129   const origMapping = await prisma.nuvemshopProductMapping.findUnique({ where: { localProductId: original.id } });
  130   if (origMapping) {
→ 131     await prisma.nuvemshopProductMapping.delete(
An operation failed because it depends on one or more records that were required but not found. Record to delete does not exist.
ERROR,0126-4069156027510,,,,,
Invalid `prisma.product.delete()` invocation in
C:\Users\sport\TenisCash\scripts\cleanup-meta-esportes-duplicates.js:158:34

  155   }
  156 }
  157 // 4. Deleta o produto meta (ProductSize cai em cascade conforme schema)
→ 158 await prisma.product.delete(
Error occurred during query execution:
ConnectorError(ConnectorError { user_facing_error: None; kind: QueryError(PostgresError { code: "23001"; message: "update or delete on table \"Product\" violates RESTRICT setting of foreign key constraint \"ProductSize_productId_fkey\" on table \"ProductSize\""; severity: "ERROR"; detail: Some("Key (id)=(828dcc95-2608-4da6-8b28-7bae5c1defd7) is referenced from table \"ProductSize\"."); column: None; hint: None }); transient: false })
KEEP_NO_EAN,0126-4067983240478,BERMUDA PUMA CLASS SHORTS 8 TR GREEN MOON EGR,,,,
KEEP_NO_EAN,0126-4067983687877,CAMISETA M/C ESS LOGO LAB TEE WHITE EGR,,,,
ERROR,0126-4067983936289,,,,,
Invalid `prisma.product.delete()` invocation in
C:\Users\sport\TenisCash\scripts\cleanup-meta-esportes-duplicates.js:158:34

  155   }
  156 }
  157 // 4. Deleta o produto meta (ProductSize cai em cascade conforme schema)
→ 158 await prisma.product.delete(
Error occurred during query execution:
ConnectorError(ConnectorError { user_facing_error: None; kind: QueryError(PostgresError { code: "23001"; message: "update or delete on table \"Product\" violates RESTRICT setting of foreign key constraint \"ProductSize_productId_fkey\" on table \"ProductSize\""; severity: "ERROR"; detail: Some("Key (id)=(fced5672-495d-432b-873f-8a361e50655e) is referenced from table \"ProductSize\"."); column: None; hint: None }); transient: false })
KEEP_NO_EAN,0126-4067983619984,BERMUDA ESS NO 1 LOGO SHORTS 10 (S) TEAM LIGHT BLUE GRD,,,,
ERROR,0126-4067979314831,,,,,
Invalid `prisma.nuvemshopProductMapping.delete()` invocation in
C:\Users\sport\TenisCash\scripts\cleanup-meta-esportes-duplicates.js:131:54

  128 if (myMapping) {
  129   const origMapping = await prisma.nuvemshopProductMapping.findUnique({ where: { localProductId: original.id } });
  130   if (origMapping) {
→ 131     await prisma.nuvemshopProductMapping.delete(
An operation failed because it depends on one or more records that were required but not found. Record to delete does not exist.
KEEP_NO_EAN,0126-4067983687860,CAMISETA M/C ESS LOGO LAB TEE WHITE PEQ,,,,
ERROR,0126-4069156029118,,,,,
Invalid `prisma.product.delete()` invocation in
C:\Users\sport\TenisCash\scripts\cleanup-meta-esportes-duplicates.js:158:34

  155   }
  156 }
  157 // 4. Deleta o produto meta (ProductSize cai em cascade conforme schema)
→ 158 await prisma.product.delete(
Error occurred during query execution:
ConnectorError(ConnectorError { user_facing_error: None; kind: QueryError(PostgresError { code: "23001"; message: "update or delete on table \"Product\" violates RESTRICT setting of foreign key constraint \"ProductSize_productId_fkey\" on table \"ProductSize\""; severity: "ERROR"; detail: Some("Key (id)=(126634f2-3386-4856-9032-591fd4eb37af) is referenced from table \"ProductSize\"."); column: None; hint: None }); transient: false })
KEEP_NO_EAN,0126-4059507369581,MEIAO TEAM LIGA SOCKS CORE  PUMA BLACK-PUMA WHIT 39/43,,,,
KEEP_NO_EAN,0126-4069156431461,CAMISETA M/C ESS PUMA LOGO POLY TEE M COOL LIGHT GRAY GRD,,,,
KEEP_NO_EAN,0126-4067984268198,BOLA PUMA CUMBRE CONMEBOL LIBERTADORES M  WHITE/MULTI COL 5,,,,
ERROR,0126-4069156268920,,,,,
Invalid `prisma.product.delete()` invocation in
C:\Users\sport\TenisCash\scripts\cleanup-meta-esportes-duplicates.js:158:34

  155   }
  156 }
  157 // 4. Deleta o produto meta (ProductSize cai em cascade conforme schema)
→ 158 await prisma.product.delete(
Error occurred during query execution:
ConnectorError(ConnectorError { user_facing_error: None; kind: QueryError(PostgresError { code: "23001"; message: "update or delete on table \"Product\" violates RESTRICT setting of foreign key constraint \"ProductSize_productId_fkey\" on table \"ProductSize\""; severity: "ERROR"; detail: Some("Key (id)=(746ded5f-9624-4818-9e22-dcd9a46107d8) is referenced from table \"ProductSize\"."); column: None; hint: None }); transient: false })
ERROR,0126-4065453620942,,,,,
Invalid `prisma.product.delete()` invocation in
C:\Users\sport\TenisCash\scripts\cleanup-meta-esportes-duplicates.js:158:34

  155   }
  156 }
  157 // 4. Deleta o produto meta (ProductSize cai em cascade conforme schema)
→ 158 await prisma.product.delete(
Error occurred during query execution:
ConnectorError(ConnectorError { user_facing_error: None; kind: QueryError(PostgresError { code: "23001"; message: "update or delete on table \"Product\" violates RESTRICT setting of foreign key constraint \"ProductSize_productId_fkey\" on table \"ProductSize\""; severity: "ERROR"; detail: Some("Key (id)=(411f1d3d-e82f-499e-84de-1c41c65cffbb) is referenced from table \"ProductSize\"."); column: None; hint: None }); transient: false })
KEEP_NO_EAN,0126-4069156026148,CAMISETA M/C ESS PUMA LOGO POLY TEE M FOR ALL TIME RED GRD,,,,
KEEP_NO_EAN,0126-4069156026155,CAMISETA M/C ESS PUMA LOGO POLY TEE M FOR ALL TIME RED MED,,,,
KEEP_NO_EAN,0126-4067983619939,BERMUDA ESS NO 1 LOGO SHORTS 10 (S) TEAM LIGHT BLUE PEQ,,,,
KEEP_NO_EAN,0126-4069156431416,CAMISETA M/C ESS PUMA LOGO POLY TEE M COOL LIGHT GRAY PEQ,,,,
KEEP_NO_EAN,0126-4067983354496,BLUSAO GRAPHICS PUMA BROCCOLI HOODIE TR BLACK MED,,,,
KEEP_NO_EAN,0126-4067983510229,BOLSA POP HALF MOON BAG  BLACK/GRAFFITI UNI,,,,
KEEP_NO_EAN,0126-4067983240508,BERMUDA PUMA CLASS SHORTS 8 TR GREEN MOON MED,,,,
KEEP_NO_EAN,0126-4069156431478,CAMISETA M/C ESS PUMA LOGO POLY TEE M COOL LIGHT GRAY MED,,,,
ERROR,0126-4067983325830,,,,,
Invalid `prisma.product.delete()` invocation in
C:\Users\sport\TenisCash\scripts\cleanup-meta-esportes-duplicates.js:158:34

  155   }
  156 }
  157 // 4. Deleta o produto meta (ProductSize cai em cascade conforme schema)
→ 158 await prisma.product.delete(
Error occurred during query execution:
ConnectorError(ConnectorError { user_facing_error: None; kind: QueryError(PostgresError { code: "23001"; message: "update or delete on table \"Product\" violates RESTRICT setting of foreign key constraint \"ProductSize_productId_fkey\" on table \"ProductSize\""; severity: "ERROR"; detail: Some("Key (id)=(4b6318c1-6f6b-48e1-bf73-58633773ee7d) is referenced from table \"ProductSize\"."); column: None; hint: None }); transient: false })
KEEP_NO_EAN,0126-4067984162571,MALA PUMA CHALLENGER EXTRA SMALL FUNDAME  BLUE CRYSTAL UNI,,,,
KEEP_NO_EAN,0126-4067983354465,BLUSAO GRAPHICS PUMA BROCCOLI HOODIE TR BLACK EGR,,,,
KEEP_NO_EAN,0126-4067983354458,BLUSAO GRAPHICS PUMA BROCCOLI HOODIE TR BLACK PEQ,,,,
KEEP_NO_EAN,0126-4067984173317,BOLSA PUMA PHASE GYM SACK  BLACK UNI,,,,
KEEP_NO_EAN,0126-4067983619991,BERMUDA ESS NO 1 LOGO SHORTS 10 (S) TEAM LIGHT BLUE MED,,,,
KEEP_NO_EAN,0126-4067983354489,BLUSAO GRAPHICS PUMA BROCCOLI HOODIE TR BLACK GRD,,,,
KEEP_NO_EAN,0126-4067983240492,BERMUDA PUMA CLASS SHORTS 8 TR GREEN MOON GRD,,,,
ERROR,0126-4067981946389,,,,,
Invalid `prisma.product.delete()` invocation in
C:\Users\sport\TenisCash\scripts\cleanup-meta-esportes-duplicates.js:158:34

  155   }
  156 }
  157 // 4. Deleta o produto meta (ProductSize cai em cascade conforme schema)
→ 158 await prisma.product.delete(
Error occurred during query execution:
ConnectorError(ConnectorError { user_facing_error: None; kind: QueryError(PostgresError { code: "23001"; message: "update or delete on table \"Product\" violates RESTRICT setting of foreign key constraint \"ProductSize_productId_fkey\" on table \"ProductSize\""; severity: "ERROR"; detail: Some("Key (id)=(27297550-59a8-4883-a1c5-7add5f1e5457) is referenced from table \"ProductSize\"."); column: None; hint: None }); transient: false })
KEEP_NO_EAN,0126-4067984162502,MALA PUMA CHALLENGER MEDIUM FUNDAMENTALS  BLACK UNI,,,,
KEEP_NO_EAN,0126-4067983240461,BERMUDA PUMA CLASS SHORTS 8 TR GREEN MOON PEQ,,,,
KEEP_NO_EAN,0126-4069156431423,CAMISETA M/C ESS PUMA LOGO POLY TEE M COOL LIGHT GRAY EGR,,,,
KEEP_NO_EAN,0126-4069156026094,CAMISETA M/C ESS PUMA LOGO POLY TEE M FOR ALL TIME RED PEQ,,,,
KEEP_NO_EAN,0126-4067983619946,BERMUDA ESS NO 1 LOGO SHORTS 10 (S) TEAM LIGHT BLUE EGR,,,,
KEEP_NO_EAN,0126-4069156026100,CAMISETA M/C ESS PUMA LOGO POLY TEE M FOR ALL TIME RED EGR,,,,
KEEP_NO_EAN,0126-4067984174857,BOLSA PUMA PHASE PORTABLE  NAVY UNI,,,,
ERROR,0126-4067983541025,,,,,
Invalid `prisma.product.delete()` invocation in
C:\Users\sport\TenisCash\scripts\cleanup-meta-esportes-duplicates.js:158:34

  155   }
  156 }
  157 // 4. Deleta o produto meta (ProductSize cai em cascade conforme schema)
→ 158 await prisma.product.delete(
Error occurred during query execution:
ConnectorError(ConnectorError { user_facing_error: None; kind: QueryError(PostgresError { code: "23001"; message: "update or delete on table \"Product\" violates RESTRICT setting of foreign key constraint \"ProductSize_productId_fkey\" on table \"ProductSize\""; severity: "ERROR"; detail: Some("Key (id)=(1da5416e-b8a4-4ead-86a9-99a56e3f2bc4) is referenced from table \"ProductSize\"."); column: None; hint: None }); transient: false })
ERROR,0126-4067983991653,,,,,
Invalid `prisma.product.delete()` invocation in
C:\Users\sport\TenisCash\scripts\cleanup-meta-esportes-duplicates.js:158:34

  155   }
  156 }
  157 // 4. Deleta o produto meta (ProductSize cai em cascade conforme schema)
→ 158 await prisma.product.delete(
Error occurred during query execution:
ConnectorError(ConnectorError { user_facing_error: None; kind: QueryError(PostgresError { code: "23001"; message: "update or delete on table \"Product\" violates RESTRICT setting of foreign key constraint \"ProductSize_productId_fkey\" on table \"ProductSize\""; severity: "ERROR"; detail: Some("Key (id)=(67b78dd2-a821-45af-ae00-d7cc81424b93) is referenced from table \"ProductSize\"."); column: None; hint: None }); transient: false })
ERROR,0126-4062451874834,,,,,
Invalid `prisma.nuvemshopProductMapping.delete()` invocation in
C:\Users\sport\TenisCash\scripts\cleanup-meta-esportes-duplicates.js:131:54

  128 if (myMapping) {
  129   const origMapping = await prisma.nuvemshopProductMapping.findUnique({ where: { localProductId: original.id } });
  130   if (origMapping) {
→ 131     await prisma.nuvemshopProductMapping.delete(
An operation failed because it depends on one or more records that were required but not found. Record to delete does not exist.
ERROR,0126-4067983951428,,,,,
Invalid `prisma.product.delete()` invocation in
C:\Users\sport\TenisCash\scripts\cleanup-meta-esportes-duplicates.js:158:34

  155   }
  156 }
  157 // 4. Deleta o produto meta (ProductSize cai em cascade conforme schema)
→ 158 await prisma.product.delete(
Error occurred during query execution:
ConnectorError(ConnectorError { user_facing_error: None; kind: QueryError(PostgresError { code: "23001"; message: "update or delete on table \"Product\" violates RESTRICT setting of foreign key constraint \"ProductSize_productId_fkey\" on table \"ProductSize\""; severity: "ERROR"; detail: Some("Key (id)=(83216668-2b6d-4589-a5d4-5cb89497d255) is referenced from table \"ProductSize\"."); column: None; hint: None }); transient: false })
ERROR,0126-4067983821783,,,,,
Invalid `prisma.nuvemshopProductMapping.delete()` invocation in
C:\Users\sport\TenisCash\scripts\cleanup-meta-esportes-duplicates.js:131:54

  128 if (myMapping) {
  129   const origMapping = await prisma.nuvemshopProductMapping.findUnique({ where: { localProductId: original.id } });
  130   if (origMapping) {
→ 131     await prisma.nuvemshopProductMapping.delete(
An operation failed because it depends on one or more records that were required but not found. Record to delete does not exist.
ERROR,0126-4067979368889,,,,,
Invalid `prisma.nuvemshopProductMapping.delete()` invocation in
C:\Users\sport\TenisCash\scripts\cleanup-meta-esportes-duplicates.js:131:54

  128 if (myMapping) {
  129   const origMapping = await prisma.nuvemshopProductMapping.findUnique({ where: { localProductId: original.id } });
  130   if (origMapping) {
→ 131     await prisma.nuvemshopProductMapping.delete(
An operation failed because it depends on one or more records that were required but not found. Record to delete does not exist.
ERROR,0126-4067979514125,,,,,
Invalid `prisma.product.delete()` invocation in
C:\Users\sport\TenisCash\scripts\cleanup-meta-esportes-duplicates.js:158:34

  155   }
  156 }
  157 // 4. Deleta o produto meta (ProductSize cai em cascade conforme schema)
→ 158 await prisma.product.delete(
Error occurred during query execution:
ConnectorError(ConnectorError { user_facing_error: None; kind: QueryError(PostgresError { code: "23001"; message: "update or delete on table \"Product\" violates RESTRICT setting of foreign key constraint \"ProductSize_productId_fkey\" on table \"ProductSize\""; severity: "ERROR"; detail: Some("Key (id)=(8f80bd7b-d171-4e0b-8cf9-798621690ea0) is referenced from table \"ProductSize\"."); column: None; hint: None }); transient: false })
ERROR,0126-4099686117214,,,,,
Invalid `prisma.product.delete()` invocation in
C:\Users\sport\TenisCash\scripts\cleanup-meta-esportes-duplicates.js:158:34

  155   }
  156 }
  157 // 4. Deleta o produto meta (ProductSize cai em cascade conforme schema)
→ 158 await prisma.product.delete(
Error occurred during query execution:
ConnectorError(ConnectorError { user_facing_error: None; kind: QueryError(PostgresError { code: "23001"; message: "update or delete on table \"Product\" violates RESTRICT setting of foreign key constraint \"ProductSize_productId_fkey\" on table \"ProductSize\""; severity: "ERROR"; detail: Some("Key (id)=(076b6f17-c70c-445e-9627-a65fa14f455b) is referenced from table \"ProductSize\"."); column: None; hint: None }); transient: false })
ERROR,0126-4067984010704,,,,,
Invalid `prisma.product.delete()` invocation in
C:\Users\sport\TenisCash\scripts\cleanup-meta-esportes-duplicates.js:158:34

  155   }
  156 }
  157 // 4. Deleta o produto meta (ProductSize cai em cascade conforme schema)
→ 158 await prisma.product.delete(
Error occurred during query execution:
ConnectorError(ConnectorError { user_facing_error: None; kind: QueryError(PostgresError { code: "23001"; message: "update or delete on table \"Product\" violates RESTRICT setting of foreign key constraint \"ProductSize_productId_fkey\" on table \"ProductSize\""; severity: "ERROR"; detail: Some("Key (id)=(07d5d7bd-117f-4b24-aab2-aabd6e00484f) is referenced from table \"ProductSize\"."); column: None; hint: None }); transient: false })
ERROR,0126-4067984014948,,,,,
Invalid `prisma.product.delete()` invocation in
C:\Users\sport\TenisCash\scripts\cleanup-meta-esportes-duplicates.js:158:34

  155   }
  156 }
  157 // 4. Deleta o produto meta (ProductSize cai em cascade conforme schema)
→ 158 await prisma.product.delete(
Error occurred during query execution:
ConnectorError(ConnectorError { user_facing_error: None; kind: QueryError(PostgresError { code: "23001"; message: "update or delete on table \"Product\" violates RESTRICT setting of foreign key constraint \"ProductSize_productId_fkey\" on table \"ProductSize\""; severity: "ERROR"; detail: Some("Key (id)=(12693e75-b495-4264-996c-310f2fe929b1) is referenced from table \"ProductSize\"."); column: None; hint: None }); transient: false })
ERROR,0126-4069156267398,,,,,
Invalid `prisma.product.delete()` invocation in
C:\Users\sport\TenisCash\scripts\cleanup-meta-esportes-duplicates.js:158:34

  155   }
  156 }
  157 // 4. Deleta o produto meta (ProductSize cai em cascade conforme schema)
→ 158 await prisma.product.delete(
Error occurred during query execution:
ConnectorError(ConnectorError { user_facing_error: None; kind: QueryError(PostgresError { code: "23001"; message: "update or delete on table \"Product\" violates RESTRICT setting of foreign key constraint \"ProductSize_productId_fkey\" on table \"ProductSize\""; severity: "ERROR"; detail: Some("Key (id)=(0e55d079-4bba-4aec-9d81-acb807c3cbdc) is referenced from table \"ProductSize\"."); column: None; hint: None }); transient: false })
ERROR,0126-4067979315227,,,,,
Invalid `prisma.product.delete()` invocation in
C:\Users\sport\TenisCash\scripts\cleanup-meta-esportes-duplicates.js:158:34

  155   }
  156 }
  157 // 4. Deleta o produto meta (ProductSize cai em cascade conforme schema)
→ 158 await prisma.product.delete(
Error occurred during query execution:
ConnectorError(ConnectorError { user_facing_error: None; kind: QueryError(PostgresError { code: "23001"; message: "update or delete on table \"Product\" violates RESTRICT setting of foreign key constraint \"ProductSize_productId_fkey\" on table \"ProductSize\""; severity: "ERROR"; detail: Some("Key (id)=(e0400c3d-0c8c-420d-b2c8-087d88603807) is referenced from table \"ProductSize\"."); column: None; hint: None }); transient: false })
ERROR,0126-4067978230514,,,,,
Invalid `prisma.nuvemshopProductMapping.delete()` invocation in
C:\Users\sport\TenisCash\scripts\cleanup-meta-esportes-duplicates.js:131:54

  128 if (myMapping) {
  129   const origMapping = await prisma.nuvemshopProductMapping.findUnique({ where: { localProductId: original.id } });
  130   if (origMapping) {
→ 131     await prisma.nuvemshopProductMapping.delete(
An operation failed because it depends on one or more records that were required but not found. Record to delete does not exist.
ERROR,0126-4067983954610,,,,,
Invalid `prisma.product.delete()` invocation in
C:\Users\sport\TenisCash\scripts\cleanup-meta-esportes-duplicates.js:158:34

  155   }
  156 }
  157 // 4. Deleta o produto meta (ProductSize cai em cascade conforme schema)
→ 158 await prisma.product.delete(
Error occurred during query execution:
ConnectorError(ConnectorError { user_facing_error: None; kind: QueryError(PostgresError { code: "23001"; message: "update or delete on table \"Product\" violates RESTRICT setting of foreign key constraint \"ProductSize_productId_fkey\" on table \"ProductSize\""; severity: "ERROR"; detail: Some("Key (id)=(edbc0ce1-6400-4d88-b53e-4f311580dc4a) is referenced from table \"ProductSize\"."); column: None; hint: None }); transient: false })
ERROR,0126-4067979317665,,,,,
Invalid `prisma.product.delete()` invocation in
C:\Users\sport\TenisCash\scripts\cleanup-meta-esportes-duplicates.js:158:34

  155   }
  156 }
  157 // 4. Deleta o produto meta (ProductSize cai em cascade conforme schema)
→ 158 await prisma.product.delete(
Error occurred during query execution:
ConnectorError(ConnectorError { user_facing_error: None; kind: QueryError(PostgresError { code: "23001"; message: "update or delete on table \"Product\" violates RESTRICT setting of foreign key constraint \"ProductSize_productId_fkey\" on table \"ProductSize\""; severity: "ERROR"; detail: Some("Key (id)=(cb3705de-2295-431d-9916-77b255b8efba) is referenced from table \"ProductSize\"."); column: None; hint: None }); transient: false })
ERROR,0126-4059505231705,,,,,
Invalid `prisma.product.delete()` invocation in
C:\Users\sport\TenisCash\scripts\cleanup-meta-esportes-duplicates.js:158:34

  155   }
  156 }
  157 // 4. Deleta o produto meta (ProductSize cai em cascade conforme schema)
→ 158 await prisma.product.delete(
Error occurred during query execution:
ConnectorError(ConnectorError { user_facing_error: None; kind: QueryError(PostgresError { code: "23001"; message: "update or delete on table \"Product\" violates RESTRICT setting of foreign key constraint \"ProductSize_productId_fkey\" on table \"ProductSize\""; severity: "ERROR"; detail: Some("Key (id)=(d361a8e5-9075-42f2-bb7f-748ee8533b41) is referenced from table \"ProductSize\"."); column: None; hint: None }); transient: false })
ERROR,0126-4067978254374,,,,,
Invalid `prisma.product.delete()` invocation in
C:\Users\sport\TenisCash\scripts\cleanup-meta-esportes-duplicates.js:158:34

  155   }
  156 }
  157 // 4. Deleta o produto meta (ProductSize cai em cascade conforme schema)
→ 158 await prisma.product.delete(
Error occurred during query execution:
ConnectorError(ConnectorError { user_facing_error: None; kind: QueryError(PostgresError { code: "23001"; message: "update or delete on table \"Product\" violates RESTRICT setting of foreign key constraint \"ProductSize_productId_fkey\" on table \"ProductSize\""; severity: "ERROR"; detail: Some("Key (id)=(6f61061f-4fa3-43b7-b228-90d6582a1124) is referenced from table \"ProductSize\"."); column: None; hint: None }); transient: false })
ERROR,0126-4067983821011,,,,,
Invalid `prisma.nuvemshopProductMapping.delete()` invocation in
C:\Users\sport\TenisCash\scripts\cleanup-meta-esportes-duplicates.js:131:54

  128 if (myMapping) {
  129   const origMapping = await prisma.nuvemshopProductMapping.findUnique({ where: { localProductId: original.id } });
  130   if (origMapping) {
→ 131     await prisma.nuvemshopProductMapping.delete(
An operation failed because it depends on one or more records that were required but not found. Record to delete does not exist.
KEEP_NO_EAN,0126-7909946153715,F01R00098-TENIS FILA RACER T2 XTREME MASCULINO-L VI/PTO-7083-TAM:42,,,,
KEEP_NO_EAN,0126-7909946153661,F01R00098-TENIS FILA RACER T2 XTREME MASCULINO-L VI/PTO-7083-TAM:39,,,,
KEEP_NO_EAN,0126-7909946153685,F01R00098-TENIS FILA RACER T2 XTREME MASCULINO-L VI/PTO-7083-TAM:40,,,,
KEEP_NO_EAN,0126-7909946153708,F01R00098-TENIS FILA RACER T2 XTREME MASCULINO-L VI/PTO-7083-TAM:41,,,,
KEEP_NO_EAN,0126-8811,TENIS NK RUN DEFY MASCULINO SU25,,,,
KEEP_NO_EAN,0126-8805,TENIS NK PEGASUS 41 MASCULINO SU25,,,,
KEEP_NO_EAN,0126-8809,TENIS NK REVOLUTION 8 FEMININO SU25,,,,
KEEP_NO_EAN,0126-8801,TENIS NK REVOLUTION 8 MASCULINO SU25,,,,
KEEP_NO_EAN,0126-8804,TENIS NK PEGASUS 41 FEMININO SU25,,,,
KEEP_NO_EAN,0126-8807,TENIS NK RUN DEFY FEMININO SU25,,,,
KEEP_NO_EAN,0126-8806,TENIS NK DOWNSHIFTER 13 FEMININO FA25,,,,
KEEP_NO_EAN,0126-9246,REDE FUTEBOL DE CAMPO F.4,,,,
KEEP_NO_EAN,0126-581,TOUCA DE SILIC. LEADER (ROSA),,,,
KEEP_NO_EAN,0126-9241,REDE FUTEBOL CAMPO QUADRADA F.2 S/NO,,,,
KEEP_NO_EAN,0126-9240,REDE FUTEBOL CAMPO QUADRADA F.4 S/NO,,,,
KEEP_NO_EAN,0126-9248,REDE DE FUTVOLEY F.2 PP 2 LONAS NYLON C/ ILHOS,,,,
KEEP_NO_EAN,0126-9243,REDE FUTEBOL SALAO QUADRADA F.4 S/NO,,,,
KEEP_NO_EAN,0126-9249,REDE TRANSPORTE DE BOLAS F.4,,,,
KEEP_NO_EAN,0126-9247,REDE FUTEBOL DE SALAO F.4,,,,
KEEP_NO_EAN,0126-9252,REDE DE VOLEY 2L ALGODAO F.2,,,,
KEEP_NO_EAN,0126-6140,DOBOK TAEKWON-DO ADULTO,,,,
KEEP_NO_EAN,0126-9250,REDE DE BASKET CHUA BRANCA,,,,
KEEP_NO_EAN,0126-9253,REDE DE VOLEY 4L ALGODAO F.2,,,,
KEEP_NO_EAN,0126-9254,REDE DE VOLEY DE PRAIA 1L. BAGUN F.2,,,,
KEEP_NO_EAN,0126-9242,REDE FUTEBOL SALAO QUADRADA F.2 S/NO,,,,
KEEP_NO_EAN,0126-9245,REDE FUTEBOL SUICO 5;00 X 2;20 F.4,,,,
KEEP_NO_EAN,0126-9251,REDE DE VOLEY 1L ALGODAO F.2,,,,
KEEP_NO_EAN,0126-9244,REDE FUTEBOL SUICO 4;20 X 2;20 F.4,,,,
KEEP_NO_EAN,0126-9255,REDE DE VOLEY DE PRAIA 2L. BAGUN F.2,,,,
KEEP_NO_EAN,0126-7909946135513,F02R00158-TENIS FILA MAXXIMUS FEMININO-AZ R/RSE-7039-TAM:39,,,,
KEEP_NO_EAN,0126-7909946178015,51J728X-TENIS FILA RECOVERY FEMININO-CAST/M AV/BEGE-7175-TAM:36,,,,
KEEP_NO_EAN,0126-7909946178022,51J728X-TENIS FILA RECOVERY FEMININO-CAST/M AV/BEGE-7175-TAM:37,,,,
KEEP_NO_EAN,0126-7909946178053,51J728X-TENIS FILA RECOVERY FEMININO-CAST/M AV/BEGE-7175-TAM:39,,,,
KEEP_NO_EAN,0126-7909946178046,51J728X-TENIS FILA RECOVERY FEMININO-CAST/M AV/BEGE-7175-TAM:38,,,,
KEEP_NO_EAN,0126-7909946135452,F02R00158-TENIS FILA MAXXIMUS FEMININO-AZ R/RSE-7039-TAM:35,,,,
KEEP_NO_EAN,0126-7909946135483,F02R00158-TENIS FILA MAXXIMUS FEMININO-AZ R/RSE-7039-TAM:37,,,,
KEEP_NO_EAN,0126-7909946177995,51J728X-TENIS FILA RECOVERY FEMININO-CAST/M AV/BEGE-7175-TAM:35,,,,
KEEP_NO_EAN,0126-7909946135537,F02R00158-TENIS FILA MAXXIMUS FEMININO-AZ R/RSE-7039-TAM:40,,,,
KEEP_NO_EAN,0126-7909946177988,51J728X-TENIS FILA RECOVERY FEMININO-CAST/M AV/BEGE-7175-TAM:34,,,,
KEEP_NO_EAN,0126-7909946135476,F02R00158-TENIS FILA MAXXIMUS FEMININO-AZ R/RSE-7039-TAM:36,,,,
KEEP_NO_EAN,0126-7909946135506,F02R00158-TENIS FILA MAXXIMUS FEMININO-AZ R/RSE-7039-TAM:38,,,,
KEEP_NO_EAN,0126-7909946336781,F02TR00106-TENIS FILA FREESTYLE II FEMININO-GDNA/RSE/AZL-7274-TAM:37,,,,
KEEP_NO_EAN,0126-7909946336811,F02TR00106-TENIS FILA FREESTYLE II FEMININO-GDNA/RSE/AZL-7274-TAM:39,,,,
KEEP_NO_EAN,0126-7909946336804,F02TR00106-TENIS FILA FREESTYLE II FEMININO-GDNA/RSE/AZL-7274-TAM:38,,,,
KEEP_NO_EAN,0126-7909946336743,F02TR00106-TENIS FILA FREESTYLE II FEMININO-GDNA/RSE/AZL-7274-TAM:34,,,,
KEEP_NO_EAN,0126-7909946336750,F02TR00106-TENIS FILA FREESTYLE II FEMININO-GDNA/RSE/AZL-7274-TAM:35,,,,
KEEP_NO_EAN,0126-7909946336774,F02TR00106-TENIS FILA FREESTYLE II FEMININO-GDNA/RSE/AZL-7274-TAM:36,,,,
KEEP_NO_EAN,0126-4067907534270,REF: JQ2527 - TENIS RESPONSE SUPER M 39/42 1221,,,,
KEEP_NO_EAN,0126-4067907655227,REF: JR2958 - TENIS SUPERNOVA STRIDE 35/38 1221,,,,
KEEP_NO_EAN,0126-4067906446864,REF: JR4139 - TENIS SUPERNOVA RISE 2 34/39 123321,,,,
KEEP_NO_EAN,0126-7909946167798,F01R00192-TENIS FILA COMET 2 MASCULINO-PTO/L VI/CZ-7158-TAM:43,,,,
KEEP_NO_EAN,0126-7909946167774,F01R00192-TENIS FILA COMET 2 MASCULINO-PTO/L VI/CZ-7158-TAM:42,,,,
KEEP_NO_EAN,0126-7909946167712,F01R00192-TENIS FILA COMET 2 MASCULINO-PTO/L VI/CZ-7158-TAM:38,,,,
KEEP_NO_EAN,0126-7909946167729,F01R00192-TENIS FILA COMET 2 MASCULINO-PTO/L VI/CZ-7158-TAM:39,,,,
KEEP_NO_EAN,0126-7909946167743,F01R00192-TENIS FILA COMET 2 MASCULINO-PTO/L VI/CZ-7158-TAM:40,,,,
KEEP_NO_EAN,0126-7909946167767,F01R00192-TENIS FILA COMET 2 MASCULINO-PTO/L VI/CZ-7158-TAM:41,,,,
KEEP_NO_EAN,0126-7909946336156,F01TR00102-TENIS FILA FREESTYLE II MASCULINO-OLVA/PTO-3212-TAM:38,,,,
KEEP_NO_EAN,0126-7909946336187,F01TR00102-TENIS FILA FREESTYLE II MASCULINO-OLVA/PTO-3212-TAM:40,,,,
KEEP_NO_EAN,0126-7909946336231,F01TR00102-TENIS FILA FREESTYLE II MASCULINO-OLVA/PTO-3212-TAM:43,,,,
KEEP_NO_EAN,0126-7909946336163,F01TR00102-TENIS FILA FREESTYLE II MASCULINO-OLVA/PTO-3212-TAM:39,,,,
KEEP_NO_EAN,0126-7909946336200,F01TR00102-TENIS FILA FREESTYLE II MASCULINO-OLVA/PTO-3212-TAM:41,,,,
KEEP_NO_EAN,0126-7909946336217,F01TR00102-TENIS FILA FREESTYLE II MASCULINO-OLVA/PTO-3212-TAM:42,,,,
KEEP_NO_EAN,0126-7909946336132,F01TR00102-TENIS FILA FREESTYLE II MASCULINO-OLVA/PTO-3212-TAM:37,,,,
KEEP_NO_EAN,0126-9000012338833,T-SHIRT CRITICAL,,,,
KEEP_NO_EAN,0126-1234568469521,T-SHIRT PLANO C. STUDIOS,,,,
KEEP_NO_EAN,0126-9000012023036,T-SHIRT PLNC CLUB,,,,
KEEP_NO_EAN,0126-4068805747038,REF: JS4933 - TENIS ADIZERO BOSTON 13 39/44 123321,,,,
KEEP_NO_EAN,0126-7909946277534,U01FB00205-CHUTEIRA SOCIETY UMBRO SPECIALI CLASSIC-BCO/PTO/ROYAL-213-TAM:41,,,,
KEEP_NO_EAN,0126-7909946277510,U01FB00205-CHUTEIRA SOCIETY UMBRO SPECIALI CLASSIC-BCO/PTO/ROYAL-213-TAM:39,,,,
KEEP_NO_EAN,0126-7909946289476,U01FB00407-CHUTEIRA CAMPO UMBRO CLASS NEO-CORAL/VERM/PRE-441-TAM:38,,,,
KEEP_NO_EAN,0126-7909946289513,U01FB00407-CHUTEIRA CAMPO UMBRO CLASS NEO-CORAL/VERM/PRE-441-TAM:42,,,,
KEEP_NO_EAN,0126-7909946289506,U01FB00407-CHUTEIRA CAMPO UMBRO CLASS NEO-CORAL/VERM/PRE-441-TAM:41,,,,
KEEP_NO_EAN,0126-7909946289520,U01FB00407-CHUTEIRA CAMPO UMBRO CLASS NEO-CORAL/VERM/PRE-441-TAM:43,,,,
KEEP_NO_EAN,0126-7909946277503,U01FB00205-CHUTEIRA SOCIETY UMBRO SPECIALI CLASSIC-BCO/PTO/ROYAL-213-TAM:38,,,,
KEEP_NO_EAN,0126-7909946277558,U01FB00205-CHUTEIRA SOCIETY UMBRO SPECIALI CLASSIC-BCO/PTO/ROYAL-213-TAM:43,,,,
KEEP_NO_EAN,0126-7909946289483,U01FB00407-CHUTEIRA CAMPO UMBRO CLASS NEO-CORAL/VERM/PRE-441-TAM:39,,,,
KEEP_NO_EAN,0126-7909946289490,U01FB00407-CHUTEIRA CAMPO UMBRO CLASS NEO-CORAL/VERM/PRE-441-TAM:40,,,,
KEEP_NO_EAN,0126-7909946277527,U01FB00205-CHUTEIRA SOCIETY UMBRO SPECIALI CLASSIC-BCO/PTO/ROYAL-213-TAM:40,,,,
KEEP_NO_EAN,0126-7909946277541,U01FB00205-CHUTEIRA SOCIETY UMBRO SPECIALI CLASSIC-BCO/PTO/ROYAL-213-TAM:42,,,,
KEEP_NO_EAN,0126-9326,MMORV6-TENIS NB FRESH FOAM X MORE V6 MASCULINO-AZL-MMORLE6-TAM:43,,,,
KEEP_NO_EAN,0126-9325,MMORV6-TENIS NB FRESH FOAM X MORE V6 MASCULINO-AZL-MMORLE6-TAM:42,,,,
KEEP_NO_EAN,0126-9327,MMORV6-TENIS NB FRESH FOAM X MORE V6 MASCULINO-AZL-MMORLE6-TAM:44,,,,
KEEP_NO_EAN,0126-9323,MMORV6-TENIS NB FRESH FOAM X MORE V6 MASCULINO-AZL-MMORLE6-TAM:40,,,,
KEEP_NO_EAN,0126-9324,MMORV6-TENIS NB FRESH FOAM X MORE V6 MASCULINO-AZL-MMORLE6-TAM:41,,,,
KEEP_NO_EAN,0126-9322,MMORV6-TENIS NB FRESH FOAM X MORE V6 MASCULINO-AZL-MMORLE6-TAM:39,,,,
KEEP_NO_EAN,0126-7909946135629,F02R00158-TENIS FILA MAXXIMUS FEMININO-LA P/M AV-7082-TAM:38,,,,
KEEP_NO_EAN,0126-7909946135636,F02R00158-TENIS FILA MAXXIMUS FEMININO-LA P/M AV-7082-TAM:39,,,,
KEEP_NO_EAN,0126-7909946135599,F02R00158-TENIS FILA MAXXIMUS FEMININO-LA P/M AV-7082-TAM:36,,,,
KEEP_NO_EAN,0126-7909946135575,F02R00158-TENIS FILA MAXXIMUS FEMININO-LA P/M AV-7082-TAM:35,,,,
KEEP_NO_EAN,0126-7909946135605,F02R00158-TENIS FILA MAXXIMUS FEMININO-LA P/M AV-7082-TAM:37,,,,
KEEP_NO_EAN,0126-7909946135568,F02R00158-TENIS FILA MAXXIMUS FEMININO-LA P/M AV-7082-TAM:34,,,,
KEEP_NO_EAN,0126-7909943272136,U01L00033-TENIS UMBRO ESSENTIAL-PTO/BCO/GRF-128-TAM:38,,,,
KEEP_NO_EAN,0126-7890078792357,U01L00032-TENIS UMBRO TRAINER-PTO/BCO/AZLC-123-TAM:42,,,,
KEEP_NO_EAN,0126-7890078792418,U01L00032-TENIS UMBRO TRAINER-BCO/PTO-221-TAM:40,,,,
KEEP_NO_EAN,0126-7890078792579,U01L00032-TENIS UMBRO TRAINER-PTO/GRF/VRM-184-TAM:40,,,,
KEEP_NO_EAN,0126-7909943272181,U01L00033-TENIS UMBRO ESSENTIAL-PTO/BCO/GRF-128-TAM:43,,,,
KEEP_NO_EAN,0126-7890078792500,U01L00032-TENIS UMBRO TRAINER-CNZ/BCO/PTO-821-TAM:41,,,,
KEEP_NO_EAN,0126-7890078792593,U01L00032-TENIS UMBRO TRAINER-PTO/GRF/VRM-184-TAM:42,,,,
KEEP_NO_EAN,0126-7909943272174,U01L00033-TENIS UMBRO ESSENTIAL-PTO/BCO/GRF-128-TAM:42,,,,
KEEP_NO_EAN,0126-7890078792180,U01L00032-TENIS UMBRO TRAINER-PTO/BCO/AZLC-123-TAM:37,,,,
KEEP_NO_EAN,0126-7890078792609,U01L00032-TENIS UMBRO TRAINER-PTO/GRF/VRM-184-TAM:43,,,,
KEEP_NO_EAN,0126-7890078792333,U01L00032-TENIS UMBRO TRAINER-PTO/BCO/AZLC-123-TAM:40,,,,
KEEP_NO_EAN,0126-7890078792616,U01L00032-TENIS UMBRO TRAINER-PTO/GRF/VRM-184-TAM:44,,,,
KEEP_NO_EAN,0126-7890078792562,U01L00032-TENIS UMBRO TRAINER-PTO/GRF/VRM-184-TAM:39,,,,
KEEP_NO_EAN,0126-7909943272143,U01L00033-TENIS UMBRO ESSENTIAL-PTO/BCO/GRF-128-TAM:39,,,,
KEEP_NO_EAN,0126-7890078792487,U01L00032-TENIS UMBRO TRAINER-CNZ/BCO/PTO-821-TAM:39,,,,
KEEP_NO_EAN,0126-7909943272150,U01L00033-TENIS UMBRO ESSENTIAL-PTO/BCO/GRF-128-TAM:40,,,,
KEEP_NO_EAN,0126-7890078792395,U01L00032-TENIS UMBRO TRAINER-BCO/PTO-221-TAM:38,,,,
KEEP_NO_EAN,0126-7890078792494,U01L00032-TENIS UMBRO TRAINER-CNZ/BCO/PTO-821-TAM:40,,,,
KEEP_NO_EAN,0126-7890078792470,U01L00032-TENIS UMBRO TRAINER-CNZ/BCO/PTO-821-TAM:38,,,,
KEEP_NO_EAN,0126-7890078792524,U01L00032-TENIS UMBRO TRAINER-CNZ/BCO/PTO-821-TAM:43,,,,
KEEP_NO_EAN,0126-7890078792425,U01L00032-TENIS UMBRO TRAINER-BCO/PTO-221-TAM:41,,,,
KEEP_NO_EAN,0126-7890078792432,U01L00032-TENIS UMBRO TRAINER-BCO/PTO-221-TAM:42,,,,
KEEP_NO_EAN,0126-7890078792449,U01L00032-TENIS UMBRO TRAINER-BCO/PTO-221-TAM:43,,,,
KEEP_NO_EAN,0126-7890078792340,U01L00032-TENIS UMBRO TRAINER-PTO/BCO/AZLC-123-TAM:41,,,,
KEEP_NO_EAN,0126-7909943272167,U01L00033-TENIS UMBRO ESSENTIAL-PTO/BCO/GRF-128-TAM:41,,,,
KEEP_NO_EAN,0126-7890078792203,U01L00032-TENIS UMBRO TRAINER-PTO/BCO/AZLC-123-TAM:39,,,,
KEEP_NO_EAN,0126-7890078792197,U01L00032-TENIS UMBRO TRAINER-PTO/BCO/AZLC-123-TAM:38,,,,
KEEP_NO_EAN,0126-7890078792401,U01L00032-TENIS UMBRO TRAINER-BCO/PTO-221-TAM:39,,,,
KEEP_NO_EAN,0126-7890078792586,U01L00032-TENIS UMBRO TRAINER-PTO/GRF/VRM-184-TAM:41,,,,
KEEP_NO_EAN,0126-7890078792517,U01L00032-TENIS UMBRO TRAINER-CNZ/BCO/PTO-821-TAM:42,,,,
KEEP_NO_EAN,0126-7909946114457,F01TR00083-TENIS FILA MAXXI LITE MASCULINO-PTO/GRF/CZ-6946-TAM:40,,,,
KEEP_NO_EAN,0126-7909943821457,F01TR00065-TENIS FILA DIFFUSION MASCULINO-BCO/MAR/VRDL-4571-TAM:44,,,,
KEEP_NO_EAN,0126-7909943821846,F01TR00065-TENIS FILA DIFFUSION MASCULINO-MAR/POOL/LARJ-6819-TAM:41,,,,
KEEP_NO_EAN,0126-7909943821402,F01TR00065-TENIS FILA DIFFUSION MASCULINO-BCO/MAR/VRDL-4571-TAM:41,,,,
KEEP_NO_EAN,0126-7909946114471,F01TR00083-TENIS FILA MAXXI LITE MASCULINO-PTO/GRF/CZ-6946-TAM:41,,,,
KEEP_NO_EAN,0126-7909943821334,F01TR00065-TENIS FILA DIFFUSION MASCULINO-BCO/MAR/VRDL-4571-TAM:37,,,,
KEEP_NO_EAN,0126-7909946114525,F01TR00083-TENIS FILA MAXXI LITE MASCULINO-PTO/GRF/CZ-6946-TAM:44,,,,
KEEP_NO_EAN,0126-7909943821792,F01TR00065-TENIS FILA DIFFUSION MASCULINO-MAR/POOL/LARJ-6819-TAM:38,,,,
KEEP_NO_EAN,0126-7909946114501,F01TR00083-TENIS FILA MAXXI LITE MASCULINO-PTO/GRF/CZ-6946-TAM:43,,,,
KEEP_NO_EAN,0126-7909943821433,F01TR00065-TENIS FILA DIFFUSION MASCULINO-BCO/MAR/VRDL-4571-TAM:43,,,,
KEEP_NO_EAN,0126-7909943821365,F01TR00065-TENIS FILA DIFFUSION MASCULINO-BCO/MAR/VRDL-4571-TAM:39,,,,
KEEP_NO_EAN,0126-7909946114433,F01TR00083-TENIS FILA MAXXI LITE MASCULINO-PTO/GRF/CZ-6946-TAM:39,,,,
KEEP_NO_EAN,0126-7909943821389,F01TR00065-TENIS FILA DIFFUSION MASCULINO-BCO/MAR/VRDL-4571-TAM:40,,,,
KEEP_NO_EAN,0126-7909943821358,F01TR00065-TENIS FILA DIFFUSION MASCULINO-BCO/MAR/VRDL-4571-TAM:38,,,,
KEEP_NO_EAN,0126-7909946114402,F01TR00083-TENIS FILA MAXXI LITE MASCULINO-PTO/GRF/CZ-6946-TAM:37,,,,
KEEP_NO_EAN,0126-7909943821891,F01TR00065-TENIS FILA DIFFUSION MASCULINO-MAR/POOL/LARJ-6819-TAM:44,,,,
KEEP_NO_EAN,0126-7909943821808,F01TR00065-TENIS FILA DIFFUSION MASCULINO-MAR/POOL/LARJ-6819-TAM:39,,,,
KEEP_NO_EAN,0126-7909946114426,F01TR00083-TENIS FILA MAXXI LITE MASCULINO-PTO/GRF/CZ-6946-TAM:38,,,,
KEEP_NO_EAN,0126-7909943821778,F01TR00065-TENIS FILA DIFFUSION MASCULINO-MAR/POOL/LARJ-6819-TAM:37,,,,
KEEP_NO_EAN,0126-7909943821822,F01TR00065-TENIS FILA DIFFUSION MASCULINO-MAR/POOL/LARJ-6819-TAM:40,,,,
KEEP_NO_EAN,0126-7909946114488,F01TR00083-TENIS FILA MAXXI LITE MASCULINO-PTO/GRF/CZ-6946-TAM:42,,,,
KEEP_NO_EAN,0126-7909943821419,F01TR00065-TENIS FILA DIFFUSION MASCULINO-BCO/MAR/VRDL-4571-TAM:42,,,,
KEEP_NO_EAN,0126-7909943821877,F01TR00065-TENIS FILA DIFFUSION MASCULINO-MAR/POOL/LARJ-6819-TAM:43,,,,
KEEP_NO_EAN,0126-7909943821853,F01TR00065-TENIS FILA DIFFUSION MASCULINO-MAR/POOL/LARJ-6819-TAM:42,,,,
KEEP_NO_EAN,0126-7909943819355,F12L01740-CAMISETA FEM. FILA COMFORT SOFT-CAST-3540-TAM:P,,,,
KEEP_NO_EAN,0126-7909943734450,F11L01639-CALCA MASC. FILA OUTLINE LIGHT-PTO-160-TAM:G,,,,
KEEP_NO_EAN,0126-7909943734443,F11L01639-CALCA MASC. FILA OUTLINE LIGHT-PTO-160-TAM:M,,,,
KEEP_NO_EAN,0126-7909943734467,F11L01639-CALCA MASC. FILA OUTLINE LIGHT-PTO-160-TAM:GG,,,,
KEEP_NO_EAN,0126-7909943819379,F12L01740-CAMISETA FEM. FILA COMFORT SOFT-CAST-3540-TAM:G,,,,
KEEP_NO_EAN,0126-7909943819362,F12L01740-CAMISETA FEM. FILA COMFORT SOFT-CAST-3540-TAM:M,,,,
KEEP_NO_EAN,0126-7909943819386,F12L01740-CAMISETA FEM. FILA COMFORT SOFT-CAST-3540-TAM:GG,,,,
KEEP_NO_EAN,0126-7909943734436,F11L01639-CALCA MASC. FILA OUTLINE LIGHT-PTO-160-TAM:P,,,,
KEEP_NO_EAN,0126-7909946256546,F02R00125-TENIS FILA FLOAT MAXXI 2 FEMININO-BCO/EVPR/AZ R-7089-TAM:35,,,,
KEEP_NO_EAN,0126-7909946256539,F02R00125-TENIS FILA FLOAT MAXXI 2 FEMININO-BCO/EVPR/AZ R-7089-TAM:34,,,,
KEEP_NO_EAN,0126-7909946256607,F02R00125-TENIS FILA FLOAT MAXXI 2 FEMININO-BCO/EVPR/AZ R-7089-TAM:39,,,,
KEEP_NO_EAN,0126-7909946256577,F02R00125-TENIS FILA FLOAT MAXXI 2 FEMININO-BCO/EVPR/AZ R-7089-TAM:37,,,,
KEEP_NO_EAN,0126-7909946256591,F02R00125-TENIS FILA FLOAT MAXXI 2 FEMININO-BCO/EVPR/AZ R-7089-TAM:38,,,,
KEEP_NO_EAN,0126-7909946256560,F02R00125-TENIS FILA FLOAT MAXXI 2 FEMININO-BCO/EVPR/AZ R-7089-TAM:36,,,,
KEEP_NO_EAN,0126-7909527997790,31K338X-TENIS FILA DISRUPTOR INFANTIL-PTO/VRDC/ROSA-5592-TAM:30,,,,
KEEP_NO_EAN,0126-7909946172280,F02TR00099-TENIS FILA EFECTO 2 FEMININO-GRF/PTO/BEGE-7236-TAM:38,,,,
KEEP_NO_EAN,0126-7909946172228,F02TR00099-TENIS FILA EFECTO 2 FEMININO-GRF/PTO/BEGE-7236-TAM:34,,,,
KEEP_NO_EAN,0126-7909527997844,31K338X-TENIS FILA DISRUPTOR INFANTIL-PTO/VRDC/ROSA-5592-TAM:35,,,,
KEEP_NO_EAN,0126-7909946172235,F02TR00099-TENIS FILA EFECTO 2 FEMININO-GRF/PTO/BEGE-7236-TAM:35,,,,
KEEP_NO_EAN,0126-7909946172297,F02TR00099-TENIS FILA EFECTO 2 FEMININO-GRF/PTO/BEGE-7236-TAM:39,,,,
KEEP_NO_EAN,0126-7909946172310,F02TR00099-TENIS FILA EFECTO 2 FEMININO-GRF/PTO/BEGE-7236-TAM:40,,,,
KEEP_NO_EAN,0126-7909527997820,31K338X-TENIS FILA DISRUPTOR INFANTIL-PTO/VRDC/ROSA-5592-TAM:33,,,,
KEEP_NO_EAN,0126-7909946172259,F02TR00099-TENIS FILA EFECTO 2 FEMININO-GRF/PTO/BEGE-7236-TAM:36,,,,
KEEP_NO_EAN,0126-7909527997806,31K338X-TENIS FILA DISRUPTOR INFANTIL-PTO/VRDC/ROSA-5592-TAM:31,,,,
KEEP_NO_EAN,0126-7909527997813,31K338X-TENIS FILA DISRUPTOR INFANTIL-PTO/VRDC/ROSA-5592-TAM:32,,,,
KEEP_NO_EAN,0126-7909527997837,31K338X-TENIS FILA DISRUPTOR INFANTIL-PTO/VRDC/ROSA-5592-TAM:34,,,,
KEEP_NO_EAN,0126-7909946172266,F02TR00099-TENIS FILA EFECTO 2 FEMININO-GRF/PTO/BEGE-7236-TAM:37,,,,
KEEP_NO_EAN,0126-7909946177834,11J728X-TENIS FILA RECOVERY MASCULINO-CZ/PTO/VERM-7176-TAM:41,,,,
KEEP_NO_EAN,0126-7909946177810,11J728X-TENIS FILA RECOVERY MASCULINO-CZ/PTO/VERM-7176-TAM:40,,,,
KEEP_NO_EAN,0126-7909946177841,11J728X-TENIS FILA RECOVERY MASCULINO-CZ/PTO/VERM-7176-TAM:42,,,,
KEEP_NO_EAN,0126-7909946177865,11J728X-TENIS FILA RECOVERY MASCULINO-CZ/PTO/VERM-7176-TAM:43,,,,
KEEP_NO_EAN,0126-7909946177797,11J728X-TENIS FILA RECOVERY MASCULINO-CZ/PTO/VERM-7176-TAM:39,,,,
KEEP_NO_EAN,0126-7909946177780,11J728X-TENIS FILA RECOVERY MASCULINO-CZ/PTO/VERM-7176-TAM:38,,,,
KEEP_NO_EAN,0126-7909946289575,U01FB00407-CHUTEIRA CAMPO UMBRO CLASS NEO-BCO/VRDL/PTO-261-TAM:40,,,,
KEEP_NO_EAN,0126-7909946289568,U01FB00407-CHUTEIRA CAMPO UMBRO CLASS NEO-BCO/VRDL/PTO-261-TAM:39,,,,
KEEP_NO_EAN,0126-7909946289544,U01FB00407-CHUTEIRA CAMPO UMBRO CLASS NEO-BCO/VRDL/PTO-261-TAM:37,,,,
KEEP_NO_EAN,0126-7909946289551,U01FB00407-CHUTEIRA CAMPO UMBRO CLASS NEO-BCO/VRDL/PTO-261-TAM:38,,,,
KEEP_NO_EAN,0126-7909946289582,U01FB00407-CHUTEIRA CAMPO UMBRO CLASS NEO-BCO/VRDL/PTO-261-TAM:41,,,,
KEEP_NO_EAN,0126-7909946289599,U01FB00407-CHUTEIRA CAMPO UMBRO CLASS NEO-BCO/VRDL/PTO-261-TAM:42,,,,
KEEP_NO_EAN,0126-7909946291424,U01FB00416-CHUTEIRA FUTSAL UMBRO CLASS NEO-GRF/PTO/LIMA-816-TAM:39,,,,
KEEP_NO_EAN,0126-7909946291394,U01FB00416-CHUTEIRA FUTSAL UMBRO CLASS NEO-GRF/PTO/LIMA-816-TAM:40,,,,
KEEP_NO_EAN,0126-7909946291400,U01FB00416-CHUTEIRA FUTSAL UMBRO CLASS NEO-GRF/PTO/LIMA-816-TAM:37,,,,
KEEP_NO_EAN,0126-7909946291431,U01FB00416-CHUTEIRA FUTSAL UMBRO CLASS NEO-GRF/PTO/LIMA-816-TAM:41,,,,
KEEP_NO_EAN,0126-7909946291448,U01FB00416-CHUTEIRA FUTSAL UMBRO CLASS NEO-GRF/PTO/LIMA-816-TAM:42,,,,
KEEP_NO_EAN,0126-7909946291417,U01FB00416-CHUTEIRA FUTSAL UMBRO CLASS NEO-GRF/PTO/LIMA-816-TAM:38,,,,
KEEP_NO_EAN,0126-4068806386304,REF: HP7051 - TENIS ADIZERO DRIVE RC 38/43 123321,,,,
KEEP_NO_EAN,0126-1234568435083,SHORTS PC,,,,
KEEP_NO_EAN,0126-1234568435137,SHORTS LOGO WR,,,,
KEEP_NO_EAN,0126-1234568430507,TANK TOP BASIC,,,,
KEEP_NO_EAN,0126-1234568405215,SOCKS CLASSIC PC,,,,
ERROR,0126-7909167794001,,,,,
Invalid `prisma.product.delete()` invocation in
C:\Users\sport\TenisCash\scripts\cleanup-meta-esportes-duplicates.js:158:34

  155   }
  156 }
  157 // 4. Deleta o produto meta (ProductSize cai em cascade conforme schema)
→ 158 await prisma.product.delete(
Error occurred during query execution:
ConnectorError(ConnectorError { user_facing_error: None; kind: QueryError(PostgresError { code: "23001"; message: "update or delete on table \"Product\" violates RESTRICT setting of foreign key constraint \"ProductSize_productId_fkey\" on table \"ProductSize\""; severity: "ERROR"; detail: Some("Key (id)=(ac99137a-02f6-4aa5-a711-dabd12a6b7c6) is referenced from table \"ProductSize\"."); column: None; hint: None }); transient: false })
ERROR,0126-7909167792540,,,,,
Invalid `prisma.nuvemshopProductMapping.delete()` invocation in
C:\Users\sport\TenisCash\scripts\cleanup-meta-esportes-duplicates.js:131:54

  128 if (myMapping) {
  129   const origMapping = await prisma.nuvemshopProductMapping.findUnique({ where: { localProductId: original.id } });
  130   if (origMapping) {
→ 131     await prisma.nuvemshopProductMapping.delete(
An operation failed because it depends on one or more records that were required but not found. Record to delete does not exist.
ERROR,0126-7909167792892,,,,,
Invalid `prisma.nuvemshopProductMapping.delete()` invocation in
C:\Users\sport\TenisCash\scripts\cleanup-meta-esportes-duplicates.js:131:54

  128 if (myMapping) {
  129   const origMapping = await prisma.nuvemshopProductMapping.findUnique({ where: { localProductId: original.id } });
  130   if (origMapping) {
→ 131     await prisma.nuvemshopProductMapping.delete(
An operation failed because it depends on one or more records that were required but not found. Record to delete does not exist.
ERROR,0126-7909167797859,,,,,
Invalid `prisma.product.delete()` invocation in
C:\Users\sport\TenisCash\scripts\cleanup-meta-esportes-duplicates.js:158:34

  155   }
  156 }
  157 // 4. Deleta o produto meta (ProductSize cai em cascade conforme schema)
→ 158 await prisma.product.delete(
Error occurred during query execution:
ConnectorError(ConnectorError { user_facing_error: None; kind: QueryError(PostgresError { code: "23001"; message: "update or delete on table \"Product\" violates RESTRICT setting of foreign key constraint \"ProductSize_productId_fkey\" on table \"ProductSize\""; severity: "ERROR"; detail: Some("Key (id)=(be2bf098-abf1-4569-aea4-b2547e6881b2) is referenced from table \"ProductSize\"."); column: None; hint: None }); transient: false })
ERROR,0126-7909167793073,,,,,
Invalid `prisma.product.delete()` invocation in
C:\Users\sport\TenisCash\scripts\cleanup-meta-esportes-duplicates.js:158:34

  155   }
  156 }
  157 // 4. Deleta o produto meta (ProductSize cai em cascade conforme schema)
→ 158 await prisma.product.delete(
Error occurred during query execution:
ConnectorError(ConnectorError { user_facing_error: None; kind: QueryError(PostgresError { code: "23001"; message: "update or delete on table \"Product\" violates RESTRICT setting of foreign key constraint \"ProductSize_productId_fkey\" on table \"ProductSize\""; severity: "ERROR"; detail: Some("Key (id)=(7989cb2c-aa7c-4ae1-8b3c-642efc164b1f) is referenced from table \"ProductSize\"."); column: None; hint: None }); transient: false })
ERROR,0126-7909167792939,,,,,
Invalid `prisma.nuvemshopProductMapping.delete()` invocation in
C:\Users\sport\TenisCash\scripts\cleanup-meta-esportes-duplicates.js:131:54

  128 if (myMapping) {
  129   const origMapping = await prisma.nuvemshopProductMapping.findUnique({ where: { localProductId: original.id } });
  130   if (origMapping) {
→ 131     await prisma.nuvemshopProductMapping.delete(
An operation failed because it depends on one or more records that were required but not found. Record to delete does not exist.
ERROR,0126-7909167794032,,,,,
Invalid `prisma.product.delete()` invocation in
C:\Users\sport\TenisCash\scripts\cleanup-meta-esportes-duplicates.js:158:34

  155   }
  156 }
  157 // 4. Deleta o produto meta (ProductSize cai em cascade conforme schema)
→ 158 await prisma.product.delete(
Error occurred during query execution:
ConnectorError(ConnectorError { user_facing_error: None; kind: QueryError(PostgresError { code: "23001"; message: "update or delete on table \"Product\" violates RESTRICT setting of foreign key constraint \"ProductSize_productId_fkey\" on table \"ProductSize\""; severity: "ERROR"; detail: Some("Key (id)=(db4723ab-3673-41de-beba-1c1f6b9850ef) is referenced from table \"ProductSize\"."); column: None; hint: None }); transient: false })
ERROR,0126-7909167793257,,,,,
Invalid `prisma.product.delete()` invocation in
C:\Users\sport\TenisCash\scripts\cleanup-meta-esportes-duplicates.js:158:34

  155   }
  156 }
  157 // 4. Deleta o produto meta (ProductSize cai em cascade conforme schema)
→ 158 await prisma.product.delete(
Error occurred during query execution:
ConnectorError(ConnectorError { user_facing_error: None; kind: QueryError(PostgresError { code: "23001"; message: "update or delete on table \"Product\" violates RESTRICT setting of foreign key constraint \"ProductSize_productId_fkey\" on table \"ProductSize\""; severity: "ERROR"; detail: Some("Key (id)=(8992486f-4bb3-4a7c-8a3f-4d70d1441fd5) is referenced from table \"ProductSize\"."); column: None; hint: None }); transient: false })
ERROR,0126-7909167793059,,,,,
Invalid `prisma.product.delete()` invocation in
C:\Users\sport\TenisCash\scripts\cleanup-meta-esportes-duplicates.js:158:34

  155   }
  156 }
  157 // 4. Deleta o produto meta (ProductSize cai em cascade conforme schema)
→ 158 await prisma.product.delete(
Error occurred during query execution:
ConnectorError(ConnectorError { user_facing_error: None; kind: QueryError(PostgresError { code: "23001"; message: "update or delete on table \"Product\" violates RESTRICT setting of foreign key constraint \"ProductSize_productId_fkey\" on table \"ProductSize\""; severity: "ERROR"; detail: Some("Key (id)=(d6f20ff6-a912-4a86-ad61-4a3437861d1a) is referenced from table \"ProductSize\"."); column: None; hint: None }); transient: false })
ERROR,0126-7909167794247,,,,,
Invalid `prisma.nuvemshopProductMapping.delete()` invocation in
C:\Users\sport\TenisCash\scripts\cleanup-meta-esportes-duplicates.js:131:54

  128 if (myMapping) {
  129   const origMapping = await prisma.nuvemshopProductMapping.findUnique({ where: { localProductId: original.id } });
  130   if (origMapping) {
→ 131     await prisma.nuvemshopProductMapping.delete(
An operation failed because it depends on one or more records that were required but not found. Record to delete does not exist.
ERROR,0126-4570158890809,,,,,
Invalid `prisma.nuvemshopProductMapping.delete()` invocation in
C:\Users\sport\TenisCash\scripts\cleanup-meta-esportes-duplicates.js:131:54

  128 if (myMapping) {
  129   const origMapping = await prisma.nuvemshopProductMapping.findUnique({ where: { localProductId: original.id } });
  130   if (origMapping) {
→ 131     await prisma.nuvemshopProductMapping.delete(
An operation failed because it depends on one or more records that were required but not found. Record to delete does not exist.
KEEP_NO_EAN,0126-4068809391817,REF: JS4945 - TENIS ADIZERO BOSTON 13 39/42 1221,,,,
KEEP_NO_EAN,0126-4067905379088,REF: JQ2813 - TENIS ADIZERO TAKUMI 11 38/43 123321,,,,
KEEP_NO_EAN,0126-4068809391213,REF: JS4938 - TENIS ADIZERO BOSTON 13 39/42 1221,,,,
KEEP_NO_EAN,0126-9596,REF: HP7065 - TENIS ADIZERO DRIVE RC 34/39 123321,,,,
KEEP_NO_EAN,0126-4068806390141,REF: HP7053 - TENIS ADIZERO DRIVE RC 39/42 1221,,,,
KEEP_NO_EAN,0126-9556,LUVA GOLEIRO ROCKET DRB 3.0 PRETO VERDE/TAMANHO,,,,
KEEP_NO_EAN,0126-9544,LUVA GOLEIRO ROCKET DRB 3.0 AMARELO AZU/TAMANHO,,,,
KEEP_NO_EAN,0126-9543,LUVA GOLEIRO ROCKET DRB 3.0 AZUL LARANJA/TAMANHO,,,,
KEEP_NO_EAN,0126-7790085001247,BOLA BASQUETE EVOL 2 N 7 LARNAJA/NRO 7,,,,
KEEP_NO_EAN,0126-7790085001209,BOLA BASQUETE  EVOL 2 N 5 LARANJA NRO 5,,,,
KEEP_NO_EAN,0126-7790085495299,BOLA FUTEBOL PAISES BRASIL FIFA 2026 AMARELO VERDE AZUL/NRO 5,,,,
KEEP_NO_EAN,0126-9558,LUVA GOLEIRO ROCKET DRB 3.0 CINZA AZCLARO/TAMANHO,,,,
KEEP_NO_EAN,0126-9547,OCULOS NATACAO CHAMP JR 2.0 PRETO/JUNIOR,,,,
KEEP_NO_EAN,0126-7790085488918,BOLA FUTEBOL FIFA MUNDIAL COPA BRANCO TURQ LARANJA/NRO 5,,,,
KEEP_NO_EAN,0126-9549,OCULOS NATACAO CHAMP JR 2.0 ROSA/JUNIOR,,,,
KEEP_NO_EAN,0126-7790085488925,BOLA FUTEBOL FIFA MUNDIAL COPA BRANCO AZUL VERDE/NRO 5,,,,
KEEP_NO_EAN,0126-9548,OCULOS NATACAO CHAMP JR 2.0 AZCEU TRAN/JUNIOR,,,,
KEEP_NO_EAN,0126-9546,SET HYDRO SNORKEL+MASC 2.0 LARANJA AZUL/JUNIOR,,,,
KEEP_NO_EAN,0126-9550,OCULOS NATACAO CHAMP JR 2.0 AZUL/JUNIOR,,,,
ERROR,0126-7893659594876,,,,,
Invalid `prisma.nuvemshopProductMapping.update()` invocation in
C:\Users\sport\TenisCash\scripts\cleanup-meta-esportes-duplicates.js:133:48

  130 if (origMapping) {
  131   await prisma.nuvemshopProductMapping.delete({ where: { id: myMapping.id } });
  132 } else {
→ 133   await prisma.nuvemshopProductMapping.update(
An operation failed because it depends on one or more records that were required but not found. Record to update not found.
ERROR,0126-7894756449823,,,,,
Invalid `prisma.nuvemshopProductMapping.update()` invocation in
C:\Users\sport\TenisCash\scripts\cleanup-meta-esportes-duplicates.js:133:48

  130 if (origMapping) {
  131   await prisma.nuvemshopProductMapping.delete({ where: { id: myMapping.id } });
  132 } else {
→ 133   await prisma.nuvemshopProductMapping.update(
An operation failed because it depends on one or more records that were required but not found. Record to update not found.
ERROR,0126-7894756450416,,,,,
Invalid `prisma.nuvemshopProductMapping.update()` invocation in
C:\Users\sport\TenisCash\scripts\cleanup-meta-esportes-duplicates.js:133:48

  130 if (origMapping) {
  131   await prisma.nuvemshopProductMapping.delete({ where: { id: myMapping.id } });
  132 } else {
→ 133   await prisma.nuvemshopProductMapping.update(
An operation failed because it depends on one or more records that were required but not found. Record to update not found.
KEEP_NO_EAN,0126-9623,CHINELO UA UA CORE 2 BLKBKW 39/40,,,,
KEEP_NO_EAN,0126-9622,CHINELO UA UA CORE 2 BLKBKW 37/38,,,,
KEEP_NO_EAN,0126-9626,CHINELO UA UA CORE 2 WTWTBK 35/36,,,,
KEEP_NO_EAN,0126-9628,CHINELO UA UA CORE 2 WTWTBK 39/40,,,,
KEEP_NO_EAN,0126-9627,CHINELO UA UA CORE 2 WTWTBK 37/38,,,,
KEEP_NO_EAN,0126-9629,CHINELO UA UA CORE 2 WTWTBK 41/42,,,,
KEEP_NO_EAN,0126-9625,CHINELO UA UA CORE 2 BLKBKW 43/44,,,,
KEEP_NO_EAN,0126-9624,CHINELO UA UA CORE 2 BLKBKW 41/42,,,,
KEEP_NO_EAN,0126-9621,CHINELO UA UA CORE 2 BLKBKW 35/36,,,,
KEEP_NO_EAN,0126-9630,CHINELO UA UA CORE 2 WTWTBK 43/44,,,,
ERROR,0126-7894929306557,,,,,
Invalid `prisma.nuvemshopProductMapping.update()` invocation in
C:\Users\sport\TenisCash\scripts\cleanup-meta-esportes-duplicates.js:133:48

  130 if (origMapping) {
  131   await prisma.nuvemshopProductMapping.delete({ where: { id: myMapping.id } });
  132 } else {
→ 133   await prisma.nuvemshopProductMapping.update(
An operation failed because it depends on one or more records that were required but not found. Record to update not found.
KEEP_NO_EAN,0126-9807,TENIS UA UA TRIBASE REPS 2 SE STBAHG,,,,
KEEP_NO_EAN,0126-9819,TENIS UA UA TRIBASE CROSS 2 CTBKST,,,,
KEEP_NO_EAN,0126-9835,TENIS UA UA CH.SLIGHT 3 SE WTHOGY,,,,
KEEP_NO_EAN,0126-9811,TENIS UA UA CH.WING 2 BKMTCS,,,,
KEEP_NO_EAN,0126-9841,TENIS UA UA CH.QUICKER 2 FOFOBR,,,,
KEEP_NO_EAN,0126-9853,TENIS UA UA DIME JBBKHG,,,,
KEEP_NO_EAN,0126-9849,TENIS UA UA DIME BLKPGR,,,,
KEEP_NO_EAN,0126-9863,TENIS UA UA HOOPER BLWHMG,,,,
ERROR,0126-7894756239530,,,,,
Invalid `prisma.nuvemshopProductMapping.update()` invocation in
C:\Users\sport\TenisCash\scripts\cleanup-meta-esportes-duplicates.js:133:48

  130 if (origMapping) {
  131   await prisma.nuvemshopProductMapping.delete({ where: { id: myMapping.id } });
  132 } else {
→ 133   await prisma.nuvemshopProductMapping.update(
An operation failed because it depends on one or more records that were required but not found. Record to update not found.
ERROR,0126-7894929187293,,,,,
Invalid `prisma.nuvemshopProductMapping.update()` invocation in
C:\Users\sport\TenisCash\scripts\cleanup-meta-esportes-duplicates.js:133:48

  130 if (origMapping) {
  131   await prisma.nuvemshopProductMapping.delete({ where: { id: myMapping.id } });
  132 } else {
→ 133   await prisma.nuvemshopProductMapping.update(
An operation failed because it depends on one or more records that were required but not found. Record to update not found.
ERROR,0126-7894929504403,,,,,
Invalid `prisma.nuvemshopProductMapping.update()` invocation in
C:\Users\sport\TenisCash\scripts\cleanup-meta-esportes-duplicates.js:133:48

  130 if (origMapping) {
  131   await prisma.nuvemshopProductMapping.delete({ where: { id: myMapping.id } });
  132 } else {
→ 133   await prisma.nuvemshopProductMapping.update(
An operation failed because it depends on one or more records that were required but not found. Record to update not found.
ERROR,0126-7894756821520,,,,,
Invalid `prisma.nuvemshopProductMapping.update()` invocation in
C:\Users\sport\TenisCash\scripts\cleanup-meta-esportes-duplicates.js:133:48

  130 if (origMapping) {
  131   await prisma.nuvemshopProductMapping.delete({ where: { id: myMapping.id } });
  132 } else {
→ 133   await prisma.nuvemshopProductMapping.update(
An operation failed because it depends on one or more records that were required but not found. Record to update not found.
ERROR,0126-7894756197267,,,,,
Invalid `prisma.nuvemshopProductMapping.update()` invocation in
C:\Users\sport\TenisCash\scripts\cleanup-meta-esportes-duplicates.js:133:48

  130 if (origMapping) {
  131   await prisma.nuvemshopProductMapping.delete({ where: { id: myMapping.id } });
  132 } else {
→ 133   await prisma.nuvemshopProductMapping.update(
An operation failed because it depends on one or more records that were required but not found. Record to update not found.
ERROR,0126-7894756197205,,,,,
Invalid `prisma.nuvemshopProductMapping.update()` invocation in
C:\Users\sport\TenisCash\scripts\cleanup-meta-esportes-duplicates.js:133:48

  130 if (origMapping) {
  131   await prisma.nuvemshopProductMapping.delete({ where: { id: myMapping.id } });
  132 } else {
→ 133   await prisma.nuvemshopProductMapping.update(
An operation failed because it depends on one or more records that were required but not found. Record to update not found.
ERROR,0126-7894756239226,,,,,
Invalid `prisma.nuvemshopProductMapping.update()` invocation in
C:\Users\sport\TenisCash\scripts\cleanup-meta-esportes-duplicates.js:133:48

  130 if (origMapping) {
  131   await prisma.nuvemshopProductMapping.delete({ where: { id: myMapping.id } });
  132 } else {
→ 133   await prisma.nuvemshopProductMapping.update(
An operation failed because it depends on one or more records that were required but not found. Record to update not found.
ERROR,0126-7894929504410,,,,,
Invalid `prisma.product.delete()` invocation in
C:\Users\sport\TenisCash\scripts\cleanup-meta-esportes-duplicates.js:158:34

  155   }
  156 }
  157 // 4. Deleta o produto meta (ProductSize cai em cascade conforme schema)
→ 158 await prisma.product.delete(
Error occurred during query execution:
ConnectorError(ConnectorError { user_facing_error: None; kind: QueryError(PostgresError { code: "23001"; message: "update or delete on table \"Product\" violates RESTRICT setting of foreign key constraint \"ProductSize_productId_fkey\" on table \"ProductSize\""; severity: "ERROR"; detail: Some("Key (id)=(e25a19ef-63f0-4520-89ce-4794794d2d50) is referenced from table \"ProductSize\"."); column: None; hint: None }); transient: false })
ERROR,0126-7894756197335,,,,,
Invalid `prisma.nuvemshopProductMapping.update()` invocation in
C:\Users\sport\TenisCash\scripts\cleanup-meta-esportes-duplicates.js:133:48

  130 if (origMapping) {
  131   await prisma.nuvemshopProductMapping.delete({ where: { id: myMapping.id } });
  132 } else {
→ 133   await prisma.nuvemshopProductMapping.update(
An operation failed because it depends on one or more records that were required but not found. Record to update not found.
ERROR,0126-7894929699970,,,,,
Invalid `prisma.product.delete()` invocation in
C:\Users\sport\TenisCash\scripts\cleanup-meta-esportes-duplicates.js:158:34

  155   }
  156 }
  157 // 4. Deleta o produto meta (ProductSize cai em cascade conforme schema)
→ 158 await prisma.product.delete(
Error occurred during query execution:
ConnectorError(ConnectorError { user_facing_error: None; kind: QueryError(PostgresError { code: "23001"; message: "update or delete on table \"Product\" violates RESTRICT setting of foreign key constraint \"ProductSize_productId_fkey\" on table \"ProductSize\""; severity: "ERROR"; detail: Some("Key (id)=(a2df20cb-ac4a-43e5-86cd-266a2dd2c1f8) is referenced from table \"ProductSize\"."); column: None; hint: None }); transient: false })
ERROR,0126-7893659807273,,,,,
Invalid `prisma.product.delete()` invocation in
C:\Users\sport\TenisCash\scripts\cleanup-meta-esportes-duplicates.js:158:34

  155   }
  156 }
  157 // 4. Deleta o produto meta (ProductSize cai em cascade conforme schema)
→ 158 await prisma.product.delete(
Error occurred during query execution:
ConnectorError(ConnectorError { user_facing_error: None; kind: QueryError(PostgresError { code: "23001"; message: "update or delete on table \"Product\" violates RESTRICT setting of foreign key constraint \"ProductSize_productId_fkey\" on table \"ProductSize\""; severity: "ERROR"; detail: Some("Key (id)=(86deb3a2-1605-4476-8d4a-458aadfba402) is referenced from table \"ProductSize\"."); column: None; hint: None }); transient: false })
ERROR,0126-7894756131148,,,,,
Invalid `prisma.product.delete()` invocation in
C:\Users\sport\TenisCash\scripts\cleanup-meta-esportes-duplicates.js:158:34

  155   }
  156 }
  157 // 4. Deleta o produto meta (ProductSize cai em cascade conforme schema)
→ 158 await prisma.product.delete(
Error occurred during query execution:
ConnectorError(ConnectorError { user_facing_error: None; kind: QueryError(PostgresError { code: "23001"; message: "update or delete on table \"Product\" violates RESTRICT setting of foreign key constraint \"ProductSize_productId_fkey\" on table \"ProductSize\""; severity: "ERROR"; detail: Some("Key (id)=(e452ace1-44cb-4986-98ae-77417045937d) is referenced from table \"ProductSize\"."); column: None; hint: None }); transient: false })
ERROR,0126-7894756484077,,,,,
Invalid `prisma.nuvemshopProductMapping.update()` invocation in
C:\Users\sport\TenisCash\scripts\cleanup-meta-esportes-duplicates.js:133:48

  130 if (origMapping) {
  131   await prisma.nuvemshopProductMapping.delete({ where: { id: myMapping.id } });
  132 } else {
→ 133   await prisma.nuvemshopProductMapping.update(
An operation failed because it depends on one or more records that were required but not found. Record to update not found.
ERROR,0126-7894929699512,,,,,
Invalid `prisma.product.delete()` invocation in
C:\Users\sport\TenisCash\scripts\cleanup-meta-esportes-duplicates.js:158:34

  155   }
  156 }
  157 // 4. Deleta o produto meta (ProductSize cai em cascade conforme schema)
→ 158 await prisma.product.delete(
Error occurred during query execution:
ConnectorError(ConnectorError { user_facing_error: None; kind: QueryError(PostgresError { code: "23001"; message: "update or delete on table \"Product\" violates RESTRICT setting of foreign key constraint \"ProductSize_productId_fkey\" on table \"ProductSize\""; severity: "ERROR"; detail: Some("Key (id)=(127e529a-9dff-4c07-89b8-7a5fb4a045a3) is referenced from table \"ProductSize\"."); column: None; hint: None }); transient: false })
ERROR,0126-7893659667990,,,,,
Invalid `prisma.nuvemshopProductMapping.update()` invocation in
C:\Users\sport\TenisCash\scripts\cleanup-meta-esportes-duplicates.js:133:48

  130 if (origMapping) {
  131   await prisma.nuvemshopProductMapping.delete({ where: { id: myMapping.id } });
  132 } else {
→ 133   await prisma.nuvemshopProductMapping.update(
An operation failed because it depends on one or more records that were required but not found. Record to update not found.
ERROR,0126-7894756018296,,,,,
Invalid `prisma.nuvemshopProductMapping.update()` invocation in
C:\Users\sport\TenisCash\scripts\cleanup-meta-esportes-duplicates.js:133:48

  130 if (origMapping) {
  131   await prisma.nuvemshopProductMapping.delete({ where: { id: myMapping.id } });
  132 } else {
→ 133   await prisma.nuvemshopProductMapping.update(
An operation failed because it depends on one or more records that were required but not found. Record to update not found.
ERROR,0126-7894756484022,,,,,
Invalid `prisma.nuvemshopProductMapping.update()` invocation in
C:\Users\sport\TenisCash\scripts\cleanup-meta-esportes-duplicates.js:133:48

  130 if (origMapping) {
  131   await prisma.nuvemshopProductMapping.delete({ where: { id: myMapping.id } });
  132 } else {
→ 133   await prisma.nuvemshopProductMapping.update(
An operation failed because it depends on one or more records that were required but not found. Record to update not found.
ERROR,0126-7894756978521,,,,,
Invalid `prisma.product.delete()` invocation in
C:\Users\sport\TenisCash\scripts\cleanup-meta-esportes-duplicates.js:158:34

  155   }
  156 }
  157 // 4. Deleta o produto meta (ProductSize cai em cascade conforme schema)
→ 158 await prisma.product.delete(
Error occurred during query execution:
ConnectorError(ConnectorError { user_facing_error: None; kind: QueryError(PostgresError { code: "23001"; message: "update or delete on table \"Product\" violates RESTRICT setting of foreign key constraint \"ProductSize_productId_fkey\" on table \"ProductSize\""; severity: "ERROR"; detail: Some("Key (id)=(3a5e8877-7d4c-4285-b2bc-f0f68bdd6bcd) is referenced from table \"ProductSize\"."); column: None; hint: None }); transient: false })
ERROR,0126-7893659691674,,,,,
Invalid `prisma.nuvemshopProductMapping.update()` invocation in
C:\Users\sport\TenisCash\scripts\cleanup-meta-esportes-duplicates.js:133:48

  130 if (origMapping) {
  131   await prisma.nuvemshopProductMapping.delete({ where: { id: myMapping.id } });
  132 } else {
→ 133   await prisma.nuvemshopProductMapping.update(
An operation failed because it depends on one or more records that were required but not found. Record to update not found.
ERROR,0126-7894756821537,,,,,
Invalid `prisma.product.delete()` invocation in
C:\Users\sport\TenisCash\scripts\cleanup-meta-esportes-duplicates.js:158:34

  155   }
  156 }
  157 // 4. Deleta o produto meta (ProductSize cai em cascade conforme schema)
→ 158 await prisma.product.delete(
Error occurred during query execution:
ConnectorError(ConnectorError { user_facing_error: None; kind: QueryError(PostgresError { code: "23001"; message: "update or delete on table \"Product\" violates RESTRICT setting of foreign key constraint \"ProductSize_productId_fkey\" on table \"ProductSize\""; severity: "ERROR"; detail: Some("Key (id)=(2cfde9a0-733d-4293-ad2b-5251a3d1f344) is referenced from table \"ProductSize\"."); column: None; hint: None }); transient: false })
ERROR,0126-7898489108606,,,,,
Invalid `prisma.product.delete()` invocation in
C:\Users\sport\TenisCash\scripts\cleanup-meta-esportes-duplicates.js:158:34

  155   }
  156 }
  157 // 4. Deleta o produto meta (ProductSize cai em cascade conforme schema)
→ 158 await prisma.product.delete(
Error occurred during query execution:
ConnectorError(ConnectorError { user_facing_error: None; kind: QueryError(PostgresError { code: "23001"; message: "update or delete on table \"Product\" violates RESTRICT setting of foreign key constraint \"ProductSize_productId_fkey\" on table \"ProductSize\""; severity: "ERROR"; detail: Some("Key (id)=(e429eaba-623a-4ca8-b249-0a522da57ad6) is referenced from table \"ProductSize\"."); column: None; hint: None }); transient: false })
ERROR,0126-7898489108033,,,,,
Invalid `prisma.nuvemshopProductMapping.update()` invocation in
C:\Users\sport\TenisCash\scripts\cleanup-meta-esportes-duplicates.js:133:48

  130 if (origMapping) {
  131   await prisma.nuvemshopProductMapping.delete({ where: { id: myMapping.id } });
  132 } else {
→ 133   await prisma.nuvemshopProductMapping.update(
An operation failed because it depends on one or more records that were required but not found. Record to update not found.
ERROR,0126-7898489101065,,,,,
Invalid `prisma.nuvemshopProductMapping.update()` invocation in
C:\Users\sport\TenisCash\scripts\cleanup-meta-esportes-duplicates.js:133:48

  130 if (origMapping) {
  131   await prisma.nuvemshopProductMapping.delete({ where: { id: myMapping.id } });
  132 } else {
→ 133   await prisma.nuvemshopProductMapping.update(
An operation failed because it depends on one or more records that were required but not found. Record to update not found.
ERROR,0126-7898489107791,,,,,
Invalid `prisma.product.delete()` invocation in
C:\Users\sport\TenisCash\scripts\cleanup-meta-esportes-duplicates.js:158:34

  155   }
  156 }
  157 // 4. Deleta o produto meta (ProductSize cai em cascade conforme schema)
→ 158 await prisma.product.delete(
Error occurred during query execution:
ConnectorError(ConnectorError { user_facing_error: None; kind: QueryError(PostgresError { code: "23001"; message: "update or delete on table \"Product\" violates RESTRICT setting of foreign key constraint \"ProductSize_productId_fkey\" on table \"ProductSize\""; severity: "ERROR"; detail: Some("Key (id)=(81151005-a5fb-4ee7-967a-11f76538f717) is referenced from table \"ProductSize\"."); column: None; hint: None }); transient: false })
ERROR,0126-7898489107876,,,,,
Invalid `prisma.nuvemshopProductMapping.update()` invocation in
C:\Users\sport\TenisCash\scripts\cleanup-meta-esportes-duplicates.js:133:48

  130 if (origMapping) {
  131   await prisma.nuvemshopProductMapping.delete({ where: { id: myMapping.id } });
  132 } else {
→ 133   await prisma.nuvemshopProductMapping.update(
An operation failed because it depends on one or more records that were required but not found. Record to update not found.
ERROR,0126-7909131332109,,,,,
Invalid `prisma.nuvemshopProductMapping.update()` invocation in
C:\Users\sport\TenisCash\scripts\cleanup-meta-esportes-duplicates.js:133:48

  130 if (origMapping) {
  131   await prisma.nuvemshopProductMapping.delete({ where: { id: myMapping.id } });
  132 } else {
→ 133   await prisma.nuvemshopProductMapping.update(
An operation failed because it depends on one or more records that were required but not found. Record to update not found.
ERROR,0126-7898489108798,,,,,
Invalid `prisma.nuvemshopProductMapping.update()` invocation in
C:\Users\sport\TenisCash\scripts\cleanup-meta-esportes-duplicates.js:133:48

  130 if (origMapping) {
  131   await prisma.nuvemshopProductMapping.delete({ where: { id: myMapping.id } });
  132 } else {
→ 133   await prisma.nuvemshopProductMapping.update(
An operation failed because it depends on one or more records that were required but not found. Record to update not found.
ERROR,0126-7898489100952,,,,,
Invalid `prisma.nuvemshopProductMapping.update()` invocation in
C:\Users\sport\TenisCash\scripts\cleanup-meta-esportes-duplicates.js:133:48

  130 if (origMapping) {
  131   await prisma.nuvemshopProductMapping.delete({ where: { id: myMapping.id } });
  132 } else {
→ 133   await prisma.nuvemshopProductMapping.update(
An operation failed because it depends on one or more records that were required but not found. Record to update not found.
ERROR,0126-7909131381794,,,,,
Invalid `prisma.nuvemshopProductMapping.update()` invocation in
C:\Users\sport\TenisCash\scripts\cleanup-meta-esportes-duplicates.js:133:48

  130 if (origMapping) {
  131   await prisma.nuvemshopProductMapping.delete({ where: { id: myMapping.id } });
  132 } else {
→ 133   await prisma.nuvemshopProductMapping.update(
An operation failed because it depends on one or more records that were required but not found. Record to update not found.
ERROR,0126-7909131331973,,,,,
Invalid `prisma.nuvemshopProductMapping.update()` invocation in
C:\Users\sport\TenisCash\scripts\cleanup-meta-esportes-duplicates.js:133:48

  130 if (origMapping) {
  131   await prisma.nuvemshopProductMapping.delete({ where: { id: myMapping.id } });
  132 } else {
→ 133   await prisma.nuvemshopProductMapping.update(
An operation failed because it depends on one or more records that were required but not found. Record to update not found.
ERROR,0126-7898489108729,,,,,
Invalid `prisma.nuvemshopProductMapping.update()` invocation in
C:\Users\sport\TenisCash\scripts\cleanup-meta-esportes-duplicates.js:133:48

  130 if (origMapping) {
  131   await prisma.nuvemshopProductMapping.delete({ where: { id: myMapping.id } });
  132 } else {
→ 133   await prisma.nuvemshopProductMapping.update(
An operation failed because it depends on one or more records that were required but not found. Record to update not found.
ERROR,0126-7909131498973,,,,,
Invalid `prisma.nuvemshopProductMapping.update()` invocation in
C:\Users\sport\TenisCash\scripts\cleanup-meta-esportes-duplicates.js:133:48

  130 if (origMapping) {
  131   await prisma.nuvemshopProductMapping.delete({ where: { id: myMapping.id } });
  132 } else {
→ 133   await prisma.nuvemshopProductMapping.update(
An operation failed because it depends on one or more records that were required but not found. Record to update not found.
ERROR,0126-7909131444130,,,,,
Invalid `prisma.nuvemshopProductMapping.update()` invocation in
C:\Users\sport\TenisCash\scripts\cleanup-meta-esportes-duplicates.js:133:48

  130 if (origMapping) {
  131   await prisma.nuvemshopProductMapping.delete({ where: { id: myMapping.id } });
  132 } else {
→ 133   await prisma.nuvemshopProductMapping.update(
An operation failed because it depends on one or more records that were required but not found. Record to update not found.
ERROR,0126-7909131381268,,,,,
Invalid `prisma.nuvemshopProductMapping.update()` invocation in
C:\Users\sport\TenisCash\scripts\cleanup-meta-esportes-duplicates.js:133:48

  130 if (origMapping) {
  131   await prisma.nuvemshopProductMapping.delete({ where: { id: myMapping.id } });
  132 } else {
→ 133   await prisma.nuvemshopProductMapping.update(
An operation failed because it depends on one or more records that were required but not found. Record to update not found.
ERROR,0126-7909131332185,,,,,
Invalid `prisma.nuvemshopProductMapping.update()` invocation in
C:\Users\sport\TenisCash\scripts\cleanup-meta-esportes-duplicates.js:133:48

  130 if (origMapping) {
  131   await prisma.nuvemshopProductMapping.delete({ where: { id: myMapping.id } });
  132 } else {
→ 133   await prisma.nuvemshopProductMapping.update(
An operation failed because it depends on one or more records that were required but not found. Record to update not found.
ERROR,0126-7898489108224,,,,,
Invalid `prisma.nuvemshopProductMapping.update()` invocation in
C:\Users\sport\TenisCash\scripts\cleanup-meta-esportes-duplicates.js:133:48

  130 if (origMapping) {
  131   await prisma.nuvemshopProductMapping.delete({ where: { id: myMapping.id } });
  132 } else {
→ 133   await prisma.nuvemshopProductMapping.update(
An operation failed because it depends on one or more records that were required but not found. Record to update not found.
ERROR,0126-7909131392202,,,,,
Invalid `prisma.nuvemshopProductMapping.update()` invocation in
C:\Users\sport\TenisCash\scripts\cleanup-meta-esportes-duplicates.js:133:48

  130 if (origMapping) {
  131   await prisma.nuvemshopProductMapping.delete({ where: { id: myMapping.id } });
  132 } else {
→ 133   await prisma.nuvemshopProductMapping.update(
An operation failed because it depends on one or more records that were required but not found. Record to update not found.
ERROR,0126-7894929202088,,,,,
Invalid `prisma.nuvemshopProductMapping.update()` invocation in
C:\Users\sport\TenisCash\scripts\cleanup-meta-esportes-duplicates.js:133:48

  130 if (origMapping) {
  131   await prisma.nuvemshopProductMapping.delete({ where: { id: myMapping.id } });
  132 } else {
→ 133   await prisma.nuvemshopProductMapping.update(
An operation failed because it depends on one or more records that were required but not found. Record to update not found.
ERROR,0126-7894929497132,,,,,
Invalid `prisma.product.delete()` invocation in
C:\Users\sport\TenisCash\scripts\cleanup-meta-esportes-duplicates.js:158:34

  155   }
  156 }
  157 // 4. Deleta o produto meta (ProductSize cai em cascade conforme schema)
→ 158 await prisma.product.delete(
Error occurred during query execution:
ConnectorError(ConnectorError { user_facing_error: None; kind: QueryError(PostgresError { code: "23001"; message: "update or delete on table \"Product\" violates RESTRICT setting of foreign key constraint \"ProductSize_productId_fkey\" on table \"ProductSize\""; severity: "ERROR"; detail: Some("Key (id)=(b6d72c31-bb26-47fa-91bd-90ac5cbd1836) is referenced from table \"ProductSize\"."); column: None; hint: None }); transient: false })
KEEP_NO_EAN,0126-7909946302151,U01FB00435-CHUTEIRA SOCIETY UMBRO ATTAK III-PTO/CNZ/BCO-182-TAM:41,,,,
KEEP_NO_EAN,0126-7909946302168,U01FB00435-CHUTEIRA SOCIETY UMBRO ATTAK III-PTO/CNZ/BCO-182-TAM:42,,,,
KEEP_NO_EAN,0126-7909946302120,U01FB00435-CHUTEIRA SOCIETY UMBRO ATTAK III-PTO/CNZ/BCO-182-TAM:38,,,,
KEEP_NO_EAN,0126-7909946302137,U01FB00435-CHUTEIRA SOCIETY UMBRO ATTAK III-PTO/CNZ/BCO-182-TAM:39,,,,
KEEP_NO_EAN,0126-7909946302175,U01FB00435-CHUTEIRA SOCIETY UMBRO ATTAK III-PTO/CNZ/BCO-182-TAM:43,,,,
KEEP_NO_EAN,0126-7909946302144,U01FB00435-CHUTEIRA SOCIETY UMBRO ATTAK III-PTO/CNZ/BCO-182-TAM:40,,,,